{
  "test": {
    "MAE": 0.7723635282119116,
    "MAE_plain": 0.6554152397314708,
    "RMSE": 1.2247894823551178,
    "AbsRel": 0.5033528347810109,
    "delta1": 0.4535483868916829,
    "delta2": 0.6715575700998306,
    "delta3": 0.7986526981989542,
    "SILog": 0.5132373070716858,
    "MAE_ffx": 0.7429898836215337,
    "mirror_better_rate": 0.24861111829678217,
    "mae_gain_if_mirrored": 0.013254503413724403,
    "MAE_low": 0.7306327406565348,
    "SHcoefL1": 0.3067634139313466,
    "sec_front": 0.7740266197919845,
    "sec_left": 0.742596624692281,
    "sec_back": 0.7937343523899714,
    "sec_right": 0.7432785214980443,
    "sec_upper": 0.6524546823898951,
    "sec_lower": 0.2930926042795181
  }
}