{
  "test": {
    "MAE": 0.8846423983573913,
    "MAE_plain": 0.7433275681734085,
    "RMSE": 1.413786748246378,
    "AbsRel": 0.5237978927294413,
    "delta1": 0.4589887628952662,
    "SILog": 0.5659399618705113,
    "MAE_ffx": 0.8418275854984919,
    "mirror_better_rate": 0.26138889660437903,
    "mae_gain_if_mirrored": 0.014102543429859603,
    "MAE_low": 0.8469307873646418,
    "SHcoefL1": 0.34850689867718354,
    "sec_front": 0.8851939966281255,
    "sec_left": 0.8690244023005168,
    "sec_back": 0.9160092935959498,
    "sec_right": 0.868341888387998,
    "sec_upper": 0.788745198448499,
    "sec_lower": 0.3820720786849658
  }
}