{
  "test": {
    "MAE": 0.9195496445231968,
    "MAE_plain": 0.7673781861199273,
    "RMSE": 1.4614271852849217,
    "AbsRel": 0.5690582699245876,
    "delta1": 0.44531985229916043,
    "SILog": 0.5982778525352478,
    "MAE_ffx": 0.880499328242408,
    "mirror_better_rate": 0.2872222222222222,
    "mae_gain_if_mirrored": 0.018342332856522665,
    "MAE_low": 0.8819824163118998,
    "SHcoefL1": 0.3595074619849523,
    "sec_front": 0.9175341092215644,
    "sec_left": 0.9231353788905674,
    "sec_back": 0.9448867819044325,
    "sec_right": 0.8926423083411322,
    "sec_upper": 0.7960711101690928,
    "sec_lower": 0.39165595491727195
  },
  "mono": {
    "MAE": 1.0183937962849934,
    "MAE_plain": 0.8379290435049269,
    "RMSE": 1.5655053263009853,
    "AbsRel": 0.7029425524340736,
    "delta1": 0.4140387831793891,
    "SILog": 0.6505071233378517,
    "MAE_ffx": 0.9806377795007494,
    "mirror_better_rate": 0.5013888888888889,
    "mae_gain_if_mirrored": 0.029250788821114433,
    "MAE_low": 0.9806652561823527,
    "SHcoefL1": 0.388782752946847,
    "sec_front": 0.9607576976882087,
    "sec_left": 1.0766641402244568,
    "sec_back": 0.9827105604277717,
    "sec_right": 1.0534427547454834,
    "sec_upper": 0.842671369711558,
    "sec_lower": 0.4201813528272841
  },
  "shuffle": {
    "MAE": 1.1466567055384318,
    "MAE_plain": 0.937373600271013,
    "RMSE": 1.7184050488183895,
    "AbsRel": 0.7875571819146474,
    "delta1": 0.3633134025997586,
    "SILog": 0.7524795680575901,
    "MAE_ffx": 1.1049896748860677,
    "mirror_better_rate": 0.4975,
    "mae_gain_if_mirrored": 0.05526020156012641,
    "MAE_low": 1.1099460718366836,
    "SHcoefL1": 0.4132909726082451,
    "sec_front": 1.1509612221188015,
    "sec_left": 1.1572572321361965,
    "sec_back": 1.1173800219429864,
    "sec_right": 1.1610282966825698,
    "sec_upper": 0.9483081965976291,
    "sec_lower": 0.47834233442942303
  },
  "swap": {
    "MAE": 1.1093454064263237,
    "MAE_plain": 0.9034434853659736,
    "RMSE": 1.68043675046988,
    "AbsRel": 0.7522986937893762,
    "delta1": 0.382589922481113,
    "SILog": 0.7266399958398607,
    "MAE_ffx": 1.068722518020206,
    "mirror_better_rate": 0.7091666666666666,
    "mae_gain_if_mirrored": 0.14235691527525585,
    "MAE_low": 1.073104059431288,
    "SHcoefL1": 0.4006848265458312,
    "sec_front": 1.0147330864270527,
    "sec_left": 1.19884179910024,
    "sec_back": 1.0355042049619887,
    "sec_right": 1.1883025211758085,
    "sec_upper": 0.8921076363987392,
    "sec_lower": 0.46052465319633484
  }
}