{
  "mean_of_K": 0.8512450030114915,
  "best_of_K": 0.6803600504663255,
  "best_of_K_ctrl": 0.7468007090356615,
  "oracle_gain": 0.170884952545166,
  "oracle_gain_ctrl": 0.10444429397583008,
  "real_multimodal_gain": 0.06644065856933594,
  "per_head_mae": [
    0.8958248564932081,
    0.9897711261113484,
    0.9459746381971571,
    0.9659259271621704,
    0.9614264970355564
  ],
  "diversity": 0.6044216677877638,
  "uncert_corr": 0.6913042201141183,
  "baseline_det": 0.78,
  "vs_baseline_meanK": 0.0712450030114915,
  "vs_baseline_bestK": -0.0996399495336745,
  "calib_bins": [
    0.25332809890213587,
    0.7967837501744158,
    1.1953771791344452,
    1.4384088597407754,
    1.7273386015678245,
    1.975475938480029,
    2.131245651967494,
    2.2588302729236656,
    2.2883190415487404,
    2.326529118322557
  ]
}