{
  "test": {
    "MAE": 0.8849148978789647,
    "MAE_plain": 0.7441199493408203,
    "RMSE": 1.420378230877828,
    "AbsRel": 0.5270073123772939,
    "delta1": 0.4657307493686676,
    "delta2": 0.6804825329780578,
    "delta3": 0.8045707468191783,
    "SILog": 0.5693086540699005,
    "MAE_ffx": 0.8424873528877894,
    "mirror_better_rate": 0.2547222296396891,
    "mae_gain_if_mirrored": 0.01435925725051978,
    "MAE_low": 0.847529644370079,
    "SHcoefL1": 0.35040127959309353,
    "sec_front": 0.8869485980272294,
    "sec_left": 0.8690370806058247,
    "sec_back": 0.9168221124013265,
    "sec_right": 0.8668517915407816,
    "sec_upper": 0.7910587734977405,
    "sec_lower": 0.3839867702126503
  }
}