{
  "test": {
    "MAE": 0.9025402398904164,
    "MAE_plain": 0.758346651924981,
    "RMSE": 1.4426717737924721,
    "AbsRel": 0.5079409895340602,
    "delta1": 0.4549523615174823,
    "SILog": 0.578625517156389,
    "MAE_ffx": 0.8612015883127848,
    "mirror_better_rate": 0.2625,
    "mae_gain_if_mirrored": 0.01762011115335756,
    "MAE_low": 0.8648962863286336,
    "SHcoefL1": 0.3570679327793833,
    "sec_front": 0.9089040989345974,
    "sec_left": 0.8803560572200352,
    "sec_back": 0.9362506956524319,
    "sec_right": 0.8846501059002346,
    "sec_upper": 0.8027787546316782,
    "sec_lower": 0.38519395463996464
  }
}