{
  "test": {
    "MAE": 0.903326674302419,
    "MAE_plain": 0.7588049181302389,
    "RMSE": 1.4466989759719973,
    "AbsRel": 0.537003649075826,
    "delta1": 0.44957512299219765,
    "SILog": 0.5865732077757517,
    "MAE_ffx": 0.8607663059234619,
    "mirror_better_rate": 0.2794444517294566,
    "mae_gain_if_mirrored": 0.01548031066544354,
    "MAE_low": 0.8661221734682719,
    "SHcoefL1": 0.35596781371575265,
    "sec_front": 0.9088182369867961,
    "sec_left": 0.8846574731667837,
    "sec_back": 0.9351795864105225,
    "sec_right": 0.8846514296531677,
    "sec_upper": 0.7995087724924087,
    "sec_lower": 0.3885942488908768
  }
}