{
  "test": {
    "MAE": 0.9087922517458598,
    "MAE_plain": 0.7623938333988189,
    "RMSE": 1.4560003125588994,
    "AbsRel": 0.5101767420768738,
    "delta1": 0.4394460109869639,
    "SILog": 0.5848085820674896,
    "MAE_ffx": 0.8661461607615153,
    "mirror_better_rate": 0.26444445113341014,
    "mae_gain_if_mirrored": 0.015558855406319102,
    "MAE_low": 0.8712153808275859,
    "SHcoefL1": 0.3554351969083978,
    "sec_front": 0.90878790696462,
    "sec_left": 0.8781156134605408,
    "sec_back": 0.9512501605351766,
    "sec_right": 0.8970152664184571,
    "sec_upper": 0.805597051580747,
    "sec_lower": 0.3919846514860789
  }
}