{
  "test": {
    "MAE": 0.8911556202173233,
    "MAE_plain": 0.7467751361926397,
    "RMSE": 1.3950540417362112,
    "AbsRel": 0.5704719934860866,
    "delta1": 0.4590246025721232,
    "SILog": 0.5667157711585363,
    "MAE_ffx": 0.8513239626089731,
    "mirror_better_rate": 0.2505555628488461,
    "mae_gain_if_mirrored": 0.012614469627684836,
    "MAE_low": 0.8525390988588333,
    "SHcoefL1": 0.34739607561586633,
    "sec_front": 0.8886352564891179,
    "sec_left": 0.8786496017376582,
    "sec_back": 0.929853292107582,
    "sec_right": 0.8674842872222265,
    "sec_upper": 0.7844119949142138,
    "sec_lower": 0.3858784000078837
  }
}