{
  "test": {
    "MAE": 0.9303930668036143,
    "MAE_plain": 0.783092412352562,
    "RMSE": 1.4516657989011517,
    "AbsRel": 0.5685246223211289,
    "delta1": 0.43105558067560196,
    "SILog": 0.5902908430496852,
    "MAE_ffx": 0.8872849007447561,
    "mirror_better_rate": 0.24361111864447593,
    "mae_gain_if_mirrored": 0.012365981629251717,
    "MAE_low": 0.8869820914665858,
    "SHcoefL1": 0.3560841034518348,
    "sec_front": 0.9553636960188547,
    "sec_left": 0.8981347264846166,
    "sec_back": 0.967703492641449,
    "sec_right": 0.9003703520695369,
    "sec_upper": 0.8326888064543406,
    "sec_lower": 0.40216315776109696
  },
  "mono": {
    "MAE": 1.2449777046839396,
    "MAE_plain": 1.01317747036616,
    "RMSE": 1.8802083851360558,
    "AbsRel": 0.944541128873825,
    "delta1": 0.36513809144496917,
    "SILog": 0.7080991603930791,
    "MAE_ffx": 1.2124872839450835,
    "mirror_better_rate": 0.5000000131130219,
    "mae_gain_if_mirrored": 0.013213491731633742,
    "MAE_low": 1.2025170191129049,
    "SHcoefL1": 0.4802228686358366,
    "sec_front": 1.086595737139384,
    "sec_left": 1.3830726011594137,
    "sec_back": 1.0683841117223103,
    "sec_right": 1.4418583909670513,
    "sec_upper": 0.9837712421019872,
    "sec_lower": 0.48296336869398754
  },
  "left": {
    "MAE": 1.2203617517153422,
    "MAE_plain": 1.0124471008777618,
    "RMSE": 1.8008254276266893,
    "AbsRel": 0.9203906186421712,
    "delta1": 0.35707116981347403,
    "SILog": 0.7106321664651235,
    "MAE_ffx": 1.184014738003413,
    "mirror_better_rate": 0.4883333476384481,
    "mae_gain_if_mirrored": 0.008627865960976729,
    "MAE_low": 1.1792156720161437,
    "SHcoefL1": 0.45605191739483014,
    "sec_front": 1.1169575734933217,
    "sec_left": 1.3551217436790466,
    "sec_back": 1.0796263400713604,
    "sec_right": 1.3297413810094199,
    "sec_upper": 1.0237652496496836,
    "sec_lower": 0.50829999178648
  },
  "right": {
    "MAE": 1.2286118976275127,
    "MAE_plain": 1.0184680851300558,
    "RMSE": 1.8217707178111229,
    "AbsRel": 0.9286417333285014,
    "delta1": 0.3572359136740367,
    "SILog": 0.7070402886470158,
    "MAE_ffx": 1.1923249324162801,
    "mirror_better_rate": 0.5069444580872854,
    "mae_gain_if_mirrored": 0.007798291242991884,
    "MAE_low": 1.1873013762633007,
    "SHcoefL1": 0.4599741059852143,
    "sec_front": 1.11500674645106,
    "sec_left": 1.3379184254010519,
    "sec_back": 1.079551560084025,
    "sec_right": 1.3819708677132925,
    "sec_upper": 1.0297267693281174,
    "sec_lower": 0.5027310544252396
  },
  "shuffle": {
    "MAE": 1.1324520345528921,
    "MAE_plain": 0.9327456947167715,
    "RMSE": 1.6755040935003738,
    "AbsRel": 0.7735501545667648,
    "delta1": 0.3579634686311086,
    "SILog": 0.7301104319095612,
    "MAE_ffx": 1.0876609623432159,
    "mirror_better_rate": 0.49055556893348695,
    "mae_gain_if_mirrored": 0.04959693254902959,
    "MAE_low": 1.090740655263265,
    "SHcoefL1": 0.40262149876190556,
    "sec_front": 1.141855327685674,
    "sec_left": 1.139045649766922,
    "sec_back": 1.101476893424988,
    "sec_right": 1.1474302585919698,
    "sec_upper": 0.9504284217953682,
    "sec_lower": 0.4874972355365753
  },
  "swap": {
    "MAE": 1.1103315957387287,
    "MAE_plain": 0.9126597507794698,
    "RMSE": 1.6440806232202185,
    "AbsRel": 0.7543801941474279,
    "delta1": 0.36890591969092684,
    "SILog": 0.7046762136618296,
    "MAE_ffx": 1.066294649442037,
    "mirror_better_rate": 0.7405555731058121,
    "mae_gain_if_mirrored": 0.11913118624438843,
    "MAE_low": 1.068743112484614,
    "SHcoefL1": 0.3930689456355241,
    "sec_front": 1.0502985831101734,
    "sec_left": 1.169650822877884,
    "sec_back": 1.0495563586552938,
    "sec_right": 1.1718206210931141,
    "sec_upper": 0.9195435045162836,
    "sec_lower": 0.4705281404654185,
    "swap_mirror_consistency": 0.3576204695368311
  }
}