{
  "test": {
    "MAE": 0.8830737958351771,
    "MAE_plain": 0.743141002257665,
    "RMSE": 1.4015251702375335,
    "AbsRel": 0.5428695768117905,
    "delta1": 0.46112522304058073,
    "SILog": 0.5674295270442963,
    "MAE_ffx": 0.8414829667409262,
    "mirror_better_rate": 0.24861111963788668,
    "mae_gain_if_mirrored": 0.012713704959993872,
    "MAE_low": 0.8446306304136912,
    "SHcoefL1": 0.34609686810419793,
    "sec_front": 0.8854529321193695,
    "sec_left": 0.869963997999827,
    "sec_back": 0.9184532797336579,
    "sec_right": 0.8584249903758366,
    "sec_upper": 0.7912517687678338,
    "sec_lower": 0.38060202221075695
  }
}