{
  "test": {
    "MAE": 0.8978916533788045,
    "MAE_plain": 0.7548651214440664,
    "RMSE": 1.476798463368323,
    "AbsRel": 0.47812760909398394,
    "delta1": 0.4645754067103068,
    "SILog": 0.598004404703776,
    "MAE_ffx": 0.8548386001586914,
    "mirror_better_rate": 0.24944445212682087,
    "mae_gain_if_mirrored": 0.015124670425429941,
    "MAE_low": 0.8620003112157186,
    "SHcoefL1": 0.36086026503807966,
    "sec_front": 0.9019782249132792,
    "sec_left": 0.8761197225252787,
    "sec_back": 0.9351842617988586,
    "sec_right": 0.8782844273249308,
    "sec_upper": 0.8010066384077072,
    "sec_lower": 0.38755493541558583
  }
}