{
  "test": {
    "MAE": 0.9821382806036207,
    "MAE_plain": 0.8252575672997369,
    "RMSE": 1.5074994607458514,
    "AbsRel": 0.6517946941322751,
    "delta1": 0.4032446206940545,
    "SILog": 0.6294337456756168,
    "MAE_ffx": 0.9380014522870381,
    "mirror_better_rate": 0.3541666666666667,
    "mae_gain_if_mirrored": 0.020939199700951577,
    "MAE_low": 0.9437636333041721,
    "SHcoefL1": 0.3755536469672289,
    "sec_front": 0.9773080947664049,
    "sec_left": 1.0161548135015699,
    "sec_back": 1.01870405515035,
    "sec_right": 0.9163861791292827,
    "sec_upper": 0.8710970587200588,
    "sec_lower": 0.43072976152102155
  },
  "mono": {
    "MAE": 1.1611689355638293,
    "MAE_plain": 0.954647978146871,
    "RMSE": 1.685519347522238,
    "AbsRel": 0.9586972543928358,
    "delta1": 0.3782681671778361,
    "SILog": 0.6819231634669833,
    "MAE_ffx": 1.1240382946862115,
    "mirror_better_rate": 0.5,
    "mae_gain_if_mirrored": 0.03770223359266917,
    "MAE_low": 1.1222197527355617,
    "SHcoefL1": 0.4353032228309247,
    "sec_front": 1.0398722206221687,
    "sec_left": 1.133341908454895,
    "sec_back": 1.0877460686365763,
    "sec_right": 1.383715566529168,
    "sec_upper": 0.9504495694902209,
    "sec_lower": 0.4733434428109063
  },
  "shuffle": {
    "MAE": 1.1072443946202597,
    "MAE_plain": 0.9178425025939941,
    "RMSE": 1.6519812196600143,
    "AbsRel": 0.7675623697704739,
    "delta1": 0.3612239710489909,
    "SILog": 0.707657658788893,
    "MAE_ffx": 1.061627655029297,
    "mirror_better_rate": 0.5058333333333334,
    "mae_gain_if_mirrored": 0.04319710829191738,
    "MAE_low": 1.0694848725530837,
    "SHcoefL1": 0.4038800998425318,
    "sec_front": 1.094538799656762,
    "sec_left": 1.0719198820326064,
    "sec_back": 1.099258934656779,
    "sec_right": 1.1632599462403193,
    "sec_upper": 0.9462505430645413,
    "sec_lower": 0.4729304322931502
  },
  "swap": {
    "MAE": 1.0864198144276938,
    "MAE_plain": 0.8994836995336745,
    "RMSE": 1.622074320375919,
    "AbsRel": 0.7606496061219109,
    "delta1": 0.37024069905281065,
    "SILog": 0.6914774595366584,
    "MAE_ffx": 1.0417945459153917,
    "mirror_better_rate": 0.6419444444444444,
    "mae_gain_if_mirrored": 0.0824078678753641,
    "MAE_low": 1.0486878270573086,
    "SHcoefL1": 0.396638927815689,
    "sec_front": 1.0215238764550951,
    "sec_left": 1.0841641728083293,
    "sec_back": 1.0681325787968106,
    "sec_right": 1.1718586185243394,
    "sec_upper": 0.9208794689178467,
    "sec_lower": 0.46633401764763727
  }
}