{
  "test": {
    "MAE": 0.8876420680681865,
    "MAE_plain": 0.74881458679835,
    "RMSE": 1.432472637064099,
    "AbsRel": 0.5043678961197535,
    "delta1": 0.45447708199421566,
    "delta2": 0.6728561890125274,
    "delta3": 0.8024453747272492,
    "SILog": 0.5648789874712626,
    "MAE_ffx": 0.8443186235427856,
    "mirror_better_rate": 0.25388889697690803,
    "mae_gain_if_mirrored": 0.013994054864354743,
    "MAE_low": 0.8506929965813955,
    "SHcoefL1": 0.3517626355112427,
    "sec_front": 0.8910310675700506,
    "sec_left": 0.8707297223806382,
    "sec_back": 0.9167530544598897,
    "sec_right": 0.8720544352134069,
    "sec_upper": 0.7986861993869145,
    "sec_lower": 0.38119988232851026
  }
}