{
  "test": {
    "MAE": 0.9274529365698496,
    "MAE_plain": 0.7774575807650884,
    "RMSE": 1.428171215831608,
    "AbsRel": 0.58510759751002,
    "delta1": 0.4336368014415105,
    "SILog": 0.5825905863444011,
    "MAE_ffx": 0.8868723360697428,
    "mirror_better_rate": 0.268888897250096,
    "mae_gain_if_mirrored": 0.015038910449075047,
    "MAE_low": 0.8886711947123209,
    "SHcoefL1": 0.35383047971046633,
    "sec_front": 0.9350108591715495,
    "sec_left": 0.9004129445552826,
    "sec_back": 0.973999811410904,
    "sec_right": 0.9003881581624349,
    "sec_upper": 0.8291540669401487,
    "sec_lower": 0.39193110048770907
  },
  "mono": {
    "MAE": 1.204574009180069,
    "MAE_plain": 0.9951388450463613,
    "RMSE": 1.7410319574654536,
    "AbsRel": 0.9639037990570068,
    "delta1": 0.3706836419304212,
    "SILog": 0.6750039877494176,
    "MAE_ffx": 1.1708450714747112,
    "mirror_better_rate": 0.4880555655558904,
    "mae_gain_if_mirrored": 0.009314297709303598,
    "MAE_low": 1.1688236224651336,
    "SHcoefL1": 0.4422522019305163,
    "sec_front": 1.0628308335940042,
    "sec_left": 1.313436268568039,
    "sec_back": 1.0838706700007121,
    "sec_right": 1.3581582816441853,
    "sec_upper": 0.9839303962389628,
    "sec_lower": 0.5036591388781866
  },
  "left": {
    "MAE": 1.1806082705656686,
    "MAE_plain": 0.988867709239324,
    "RMSE": 1.7030414758839756,
    "AbsRel": 0.8993536277612051,
    "delta1": 0.3614361215631167,
    "SILog": 0.6796409477790196,
    "MAE_ffx": 1.1435171496868133,
    "mirror_better_rate": 0.4997222354014715,
    "mae_gain_if_mirrored": 0.009064973647085329,
    "MAE_low": 1.1447549593448638,
    "SHcoefL1": 0.431293377245052,
    "sec_front": 1.0731390138467154,
    "sec_left": 1.2900902887185415,
    "sec_back": 1.0766777221361796,
    "sec_right": 1.2825260456403096,
    "sec_upper": 1.003200720747312,
    "sec_lower": 0.5171776303648948
  },
  "right": {
    "MAE": 1.1891269775231679,
    "MAE_plain": 0.9950309991836548,
    "RMSE": 1.7199534093877784,
    "AbsRel": 0.9153740576903026,
    "delta1": 0.3636242408553759,
    "SILog": 0.6780451480547587,
    "MAE_ffx": 1.1524711426099141,
    "mirror_better_rate": 0.4952777906258901,
    "mae_gain_if_mirrored": 0.008601729992466669,
    "MAE_low": 1.1532496019204457,
    "SHcoefL1": 0.432696856736309,
    "sec_front": 1.06934189081192,
    "sec_left": 1.2549994846185049,
    "sec_back": 1.0910031874974568,
    "sec_right": 1.3411633372306824,
    "sec_upper": 1.0047941329081853,
    "sec_lower": 0.5190052465597789
  },
  "shuffle": {
    "MAE": 1.1357706201076507,
    "MAE_plain": 0.9338127863407135,
    "RMSE": 1.662507485252801,
    "AbsRel": 0.8002508376042048,
    "delta1": 0.3588014389077822,
    "SILog": 0.7277076019843419,
    "MAE_ffx": 1.0933504776159921,
    "mirror_better_rate": 0.49027779161930085,
    "mae_gain_if_mirrored": 0.05407670359437664,
    "MAE_low": 1.0979500031471252,
    "SHcoefL1": 0.40000475452591977,
    "sec_front": 1.1319883219401041,
    "sec_left": 1.1300801181793212,
    "sec_back": 1.1168111153443654,
    "sec_right": 1.1642029277483623,
    "sec_upper": 0.9694764311114947,
    "sec_lower": 0.47860858162244163
  },
  "swap": {
    "MAE": 1.115085623661677,
    "MAE_plain": 0.9133052470286688,
    "RMSE": 1.629276687809391,
    "AbsRel": 0.7848742828766505,
    "delta1": 0.36823335001866025,
    "SILog": 0.6994205443064372,
    "MAE_ffx": 1.0725784627596537,
    "mirror_better_rate": 0.7055555748939514,
    "mae_gain_if_mirrored": 0.12373575077702602,
    "MAE_low": 1.0772190129756927,
    "SHcoefL1": 0.3902330348992513,
    "sec_front": 1.046654980580012,
    "sec_left": 1.1630335128307343,
    "sec_back": 1.065597226222356,
    "sec_right": 1.1850567785898845,
    "sec_upper": 0.9317199355363845,
    "sec_lower": 0.46418154776096343,
    "swap_mirror_consistency": 0.34580568058918465
  }
}