{
  "test": {
    "MAE": 0.9215183634559313,
    "MAE_plain": 0.7763916909694671,
    "RMSE": 1.4371120292528026,
    "AbsRel": 0.5484068303803603,
    "delta1": 0.4363625962038835,
    "SILog": 0.57470516761144,
    "MAE_ffx": 0.8793827443321546,
    "mirror_better_rate": 0.2391666718572378,
    "mae_gain_if_mirrored": 0.013371069319064191,
    "MAE_low": 0.883930757244428,
    "SHcoefL1": 0.35829493508363763,
    "sec_front": 0.9398209470510482,
    "sec_left": 0.8923850359519323,
    "sec_back": 0.9674527240792911,
    "sec_right": 0.8864147352178892,
    "sec_upper": 0.8308524577071269,
    "sec_lower": 0.3924978164335092
  }
}