{
  "test": {
    "MAE": 0.9554514933956993,
    "MAE_plain": 0.8018943936957253,
    "RMSE": 1.4504071650216779,
    "AbsRel": 0.6061311706238323,
    "delta1": 0.4159459152486589,
    "SILog": 0.5799645134144359,
    "MAE_ffx": 0.9124083684550391,
    "mirror_better_rate": 0.2922222222222222,
    "mae_gain_if_mirrored": 0.015918180371324222,
    "MAE_low": 0.9171356572707494,
    "SHcoefL1": 0.3606416049785912,
    "sec_front": 0.9823162997431225,
    "sec_left": 0.9274511388275358,
    "sec_back": 0.9903416509760751,
    "sec_right": 0.9216968945662181,
    "sec_upper": 0.8503412095871237,
    "sec_lower": 0.4109467819829782
  },
  "mono": {
    "MAE": 1.2263082716200087,
    "MAE_plain": 1.0128567949930827,
    "RMSE": 1.818174609198118,
    "AbsRel": 0.8952032101154327,
    "delta1": 0.3527325892779562,
    "SILog": 0.7046183062924279,
    "MAE_ffx": 1.189689561923345,
    "mirror_better_rate": 0.5,
    "mae_gain_if_mirrored": 0.007910405877563689,
    "MAE_low": 1.1921538972854615,
    "SHcoefL1": 0.47729561755640637,
    "sec_front": 1.0842283725076252,
    "sec_left": 1.3403648914231194,
    "sec_back": 1.0789310759305955,
    "sec_right": 1.401708769136005,
    "sec_upper": 0.9998176428344515,
    "sec_lower": 0.4927995017502043
  },
  "left": {
    "MAE": 1.2466816273000505,
    "MAE_plain": 1.029556454817454,
    "RMSE": 1.868058795254745,
    "AbsRel": 0.8849737126297421,
    "delta1": 0.34851699236366485,
    "SILog": 0.7163109974066416,
    "MAE_ffx": 1.2087386990918054,
    "mirror_better_rate": 0.49444444444444446,
    "mae_gain_if_mirrored": 0.007535661864611838,
    "MAE_low": 1.2133213624689314,
    "SHcoefL1": 0.4859233583551314,
    "sec_front": 1.1165316983064015,
    "sec_left": 1.3712107608053419,
    "sec_back": 1.0934239415989981,
    "sec_right": 1.4055601418018342,
    "sec_upper": 0.9999790088335673,
    "sec_lower": 0.5039266393913163
  },
  "right": {
    "MAE": 1.2576799404621124,
    "MAE_plain": 1.0372861615816753,
    "RMSE": 1.8828257165336872,
    "AbsRel": 0.9042018301288287,
    "delta1": 0.34923251764641866,
    "SILog": 0.7197895893123415,
    "MAE_ffx": 1.2201930210325453,
    "mirror_better_rate": 0.5211111111111111,
    "mae_gain_if_mirrored": 0.008405813086364004,
    "MAE_low": 1.2242215785715316,
    "SHcoefL1": 0.48793915981219876,
    "sec_front": 1.1198114449448056,
    "sec_left": 1.3515928281678093,
    "sec_back": 1.1165949461195204,
    "sec_right": 1.4427205465899573,
    "sec_upper": 1.0032278568877113,
    "sec_lower": 0.505596311158604
  },
  "shuffle": {
    "MAE": 1.1050774483548271,
    "MAE_plain": 0.9129072862201267,
    "RMSE": 1.6230694571025954,
    "AbsRel": 0.7499947317441304,
    "delta1": 0.36477461205588446,
    "SILog": 0.6766629646221797,
    "MAE_ffx": 1.060132354564137,
    "mirror_better_rate": 0.49277777777777776,
    "mae_gain_if_mirrored": 0.04804080456495285,
    "MAE_low": 1.0673985337548786,
    "SHcoefL1": 0.39501483342092897,
    "sec_front": 1.1007721635368135,
    "sec_left": 1.1131919713815053,
    "sec_back": 1.0786070558759902,
    "sec_right": 1.1277385966645346,
    "sec_upper": 0.9403296124438445,
    "sec_lower": 0.4704512116644118
  },
  "swap": {
    "MAE": 1.1152731405364142,
    "MAE_plain": 0.9164162687460582,
    "RMSE": 1.6281157628004312,
    "AbsRel": 0.7667769845989015,
    "delta1": 0.36517711106273865,
    "SILog": 0.6845369457536273,
    "MAE_ffx": 1.0705928248829313,
    "mirror_better_rate": 0.7075,
    "mae_gain_if_mirrored": 0.12971517763204043,
    "MAE_low": 1.0782104228602516,
    "SHcoefL1": 0.391020324414389,
    "sec_front": 1.054607404006852,
    "sec_left": 1.1685947292380863,
    "sec_back": 1.0568963713116115,
    "sec_right": 1.1809940650728015,
    "sec_upper": 0.9242437529067199,
    "sec_lower": 0.47570244610309603,
    "swap_mirror_consistency": 0.14655674660459037
  }
}