{
  "test": {
    "MAE": 0.8941376562913259,
    "MAE_plain": 0.7538597406943639,
    "RMSE": 1.4417083062387595,
    "AbsRel": 0.4924381250143051,
    "delta1": 0.4548691279689471,
    "SILog": 0.5753002685308456,
    "MAE_ffx": 0.8518526760737101,
    "mirror_better_rate": 0.26500000794728595,
    "mae_gain_if_mirrored": 0.014841989023843781,
    "MAE_low": 0.857319309314092,
    "SHcoefL1": 0.35345415534348124,
    "sec_front": 0.894997731645902,
    "sec_left": 0.8776272334655126,
    "sec_back": 0.9269448773066202,
    "sec_right": 0.8769807600975037,
    "sec_upper": 0.8011135335763295,
    "sec_lower": 0.384671369890372
  }
}