{
  "test": {
    "MAE": 0.9116870809925927,
    "MAE_plain": 0.7655687995751699,
    "RMSE": 1.4008980450945552,
    "AbsRel": 0.5475144708156585,
    "delta1": 0.4245936244063907,
    "SILog": 0.5571319172117445,
    "MAE_ffx": 0.8692990185154809,
    "mirror_better_rate": 0.26861111111111113,
    "mae_gain_if_mirrored": 0.015453865010705259,
    "MAE_low": 0.8720091647571988,
    "SHcoefL1": 0.346289550539934,
    "sec_front": 0.9243885192606184,
    "sec_left": 0.8909948535760244,
    "sec_back": 0.9434920875231425,
    "sec_right": 0.8878728919559055,
    "sec_upper": 0.8117103299498558,
    "sec_lower": 0.3905449325177405
  }
}