{
  "test": {
    "MAE": 0.880276022752126,
    "MAE_plain": 0.7396828941504161,
    "RMSE": 1.4125756526038804,
    "AbsRel": 0.5041509703795115,
    "delta1": 0.46080335368712744,
    "SILog": 0.5633690504233042,
    "MAE_ffx": 0.8376865355173747,
    "mirror_better_rate": 0.24527778550982476,
    "mae_gain_if_mirrored": 0.013215781357236361,
    "MAE_low": 0.8428033542633057,
    "SHcoefL1": 0.34795996913065513,
    "sec_front": 0.8828541398048401,
    "sec_left": 0.8644274520874023,
    "sec_back": 0.9125577960411707,
    "sec_right": 0.8612647012869517,
    "sec_upper": 0.7848323513070742,
    "sec_lower": 0.37926583300034206
  }
}