{
  "test": {
    "MAE": 0.909100354247623,
    "MAE_plain": 0.7642686714066399,
    "RMSE": 1.4312664580770909,
    "AbsRel": 0.5637708037429385,
    "delta1": 0.44321435901853773,
    "SILog": 0.5809190049436357,
    "MAE_ffx": 0.867833690378401,
    "mirror_better_rate": 0.27944444444444444,
    "mae_gain_if_mirrored": 0.016348881017830635,
    "MAE_low": 0.8716077375411987,
    "SHcoefL1": 0.3550096061370439,
    "sec_front": 0.9136721115642124,
    "sec_left": 0.8902978687816197,
    "sec_back": 0.9352668017811245,
    "sec_right": 0.8971646520826552,
    "sec_upper": 0.7998193913035923,
    "sec_lower": 0.3970864744318856
  },
  "mono": {
    "MAE": 1.0823438398043315,
    "MAE_plain": 0.8993867611885071,
    "RMSE": 1.6551535051995572,
    "AbsRel": 0.7591816808117761,
    "delta1": 0.398660134739346,
    "SILog": 0.6623358896043565,
    "MAE_ffx": 1.0461068979899089,
    "mirror_better_rate": 0.4936111111111111,
    "mae_gain_if_mirrored": 0.01163205701029963,
    "MAE_low": 1.046845818625556,
    "SHcoefL1": 0.4128921141847968,
    "sec_front": 1.0117746721373664,
    "sec_left": 1.1338454712761774,
    "sec_back": 1.039472762213813,
    "sec_right": 1.144282448556688,
    "sec_upper": 0.9061478639973535,
    "sec_lower": 0.4509542719523112
  },
  "shuffle": {
    "MAE": 1.1220464271969266,
    "MAE_plain": 0.9231689739227295,
    "RMSE": 1.6755414653542546,
    "AbsRel": 0.7710375922256046,
    "delta1": 0.3666404218143887,
    "SILog": 0.7205384553803338,
    "MAE_ffx": 1.0783028093973797,
    "mirror_better_rate": 0.49,
    "mae_gain_if_mirrored": 0.052257263544532986,
    "MAE_low": 1.0854219139946832,
    "SHcoefL1": 0.4055624229978356,
    "sec_front": 1.1244903935326471,
    "sec_left": 1.1210232787662082,
    "sec_back": 1.100408673286438,
    "sec_right": 1.1422634315490723,
    "sec_upper": 0.9348440433873071,
    "sec_lower": 0.4789241662290361
  },
  "swap": {
    "MAE": 1.0858538420995076,
    "MAE_plain": 0.8901295844713847,
    "RMSE": 1.634739714734926,
    "AbsRel": 0.7315967251194848,
    "delta1": 0.3832403324709998,
    "SILog": 0.6975349873966641,
    "MAE_ffx": 1.0427569757567512,
    "mirror_better_rate": 0.7233333333333334,
    "mae_gain_if_mirrored": 0.14099490670694245,
    "MAE_low": 1.049771597120497,
    "SHcoefL1": 0.3908586857881811,
    "sec_front": 0.9906916218333774,
    "sec_left": 1.1728779284159343,
    "sec_back": 1.0093965350257026,
    "sec_right": 1.1704492796791925,
    "sec_upper": 0.8820042770438724,
    "sec_lower": 0.4629661473962996
  }
}