{
  "test": {
    "MAE": 0.909733196232054,
    "MAE_plain": 0.7643875245253245,
    "RMSE": 1.4244941160179636,
    "AbsRel": 0.5454883864853117,
    "delta1": 0.44203455375300515,
    "SILog": 0.5704936174551646,
    "MAE_ffx": 0.8680924080477821,
    "mirror_better_rate": 0.24694444444444444,
    "mae_gain_if_mirrored": 0.013669522454341252,
    "MAE_low": 0.8715050240357717,
    "SHcoefL1": 0.35426813263860013,
    "sec_front": 0.9259420504834917,
    "sec_left": 0.8839315109782748,
    "sec_back": 0.9482750345600975,
    "sec_right": 0.8807841869195302,
    "sec_upper": 0.8136724778678682,
    "sec_lower": 0.3890755744775136
  }
}