{
  "test": {
    "MAE": 0.8179299526744419,
    "MAE_plain": 0.6897645812564426,
    "RMSE": 1.2600464004940457,
    "AbsRel": 0.5923446432087156,
    "delta1": 0.40957478271590336,
    "delta2": 0.6289007602797614,
    "delta3": 0.773577489455541,
    "SILog": 0.5378153043323093,
    "MAE_ffx": 0.7887652659416199,
    "mirror_better_rate": 0.34,
    "mae_gain_if_mirrored": 0.014268773392670684,
    "MAE_low": 0.7770507527722252,
    "SHcoefL1": 0.31385570734946266,
    "sec_front": 0.8064113868607415,
    "sec_left": 0.8013300553957621,
    "sec_back": 0.8317171008057065,
    "sec_right": 0.8016092569298214,
    "sec_upper": 0.6769442683458329,
    "sec_lower": 0.31584796408812205
  }
}