{
  "run": "Q14_gamma_n10_s0",
  "MAE": 0.9118794902165731,
  "MAE_plain": 0.7653558472792308,
  "RMSE": 1.501949839281503,
  "AbsRel": 0.4412809559702873,
  "delta1": 0.45400418698787687,
  "delta2": 0.6709145655234655,
  "delta3": 0.7934733124574026,
  "SILog": 0.5949682225783666,
  "MAE_ffx": 0.8672852226098379,
  "mirror_better_rate": 0.2591666745642821,
  "mae_gain_if_mirrored": 0.015424323380138959,
  "MAE_low": 0.8761705404520035,
  "SHcoefL1": 0.3643292927162515,
  "sec_front": 0.9258979860941569,
  "sec_left": 0.8909446922938029,
  "sec_back": 0.9462004399299622,
  "sec_right": 0.8844748522837956,
  "sec_upper": 0.8071502019961675,
  "sec_lower": 0.38911629527807234
}