{
  "test": {
    "MAE": 0.949311990638574,
    "MAE_plain": 0.7986851294835409,
    "RMSE": 1.4761893239803257,
    "AbsRel": 0.5146958887577057,
    "delta1": 0.39704341928164166,
    "SILog": 0.5720530847708384,
    "MAE_ffx": 0.9031426818172137,
    "mirror_better_rate": 0.285000007674098,
    "mae_gain_if_mirrored": 0.01639076956750311,
    "MAE_low": 0.9120953564842542,
    "SHcoefL1": 0.3611594850652748,
    "sec_front": 0.9578060422341029,
    "sec_left": 0.9306663379073143,
    "sec_back": 0.9845738520224889,
    "sec_right": 0.9242017508546512,
    "sec_upper": 0.8595875062545141,
    "sec_lower": 0.4022549679875374
  }
}