{
  "test": {
    "MAE": 0.9113218420081668,
    "MAE_plain": 0.766263109114435,
    "RMSE": 1.475464321166876,
    "AbsRel": 0.50975451403194,
    "delta1": 0.4500687238242891,
    "SILog": 0.6024258765909407,
    "MAE_ffx": 0.8676299287213219,
    "mirror_better_rate": 0.27583333858185344,
    "mae_gain_if_mirrored": 0.0172067534747637,
    "MAE_low": 0.8751692715618345,
    "SHcoefL1": 0.3588203012715611,
    "sec_front": 0.9162834756904178,
    "sec_left": 0.892374826139874,
    "sec_back": 0.9409928447670407,
    "sec_right": 0.8956362353430853,
    "sec_upper": 0.813628709812959,
    "sec_lower": 0.39406517661280105
  },
  "mono": {
    "MAE": 1.283228533797794,
    "MAE_plain": 1.0424134605460698,
    "RMSE": 1.9584549635546462,
    "AbsRel": 0.8897767689492967,
    "delta1": 0.3535074182682567,
    "SILog": 0.8094626632001665,
    "MAE_ffx": 1.2502969880898793,
    "mirror_better_rate": 0.49972223341464994,
    "mae_gain_if_mirrored": 0.019889648320774236,
    "MAE_low": 1.248864538802041,
    "SHcoefL1": 0.507213208273881,
    "sec_front": 1.1443388435575697,
    "sec_left": 1.4714616696039835,
    "sec_back": 1.1604209959506988,
    "sec_right": 1.356692600912518,
    "sec_upper": 0.9896486608518494,
    "sec_lower": 0.4955924737784598
  },
  "shuffle": {
    "MAE": 1.147226056125429,
    "MAE_plain": 0.9474067476060656,
    "RMSE": 1.723900367177258,
    "AbsRel": 0.7250032209687762,
    "delta1": 0.350544097688463,
    "SILog": 0.7621006233824624,
    "MAE_ffx": 1.1014920274416606,
    "mirror_better_rate": 0.4950000117222468,
    "mae_gain_if_mirrored": 0.05931570263993409,
    "MAE_low": 1.1121210369798873,
    "SHcoefL1": 0.41526062913239004,
    "sec_front": 1.1530840112103355,
    "sec_left": 1.1382536398039924,
    "sec_back": 1.1180982006920708,
    "sec_right": 1.179468348953459,
    "sec_upper": 0.9806067061093119,
    "sec_lower": 0.48985342267486787
  },
  "swap": {
    "MAE": 1.1081142485141755,
    "MAE_plain": 0.9069708814223607,
    "RMSE": 1.6897622223350908,
    "AbsRel": 0.6913793540663189,
    "delta1": 0.3757615253329277,
    "SILog": 0.7388002667162153,
    "MAE_ffx": 1.0626700858275095,
    "mirror_better_rate": 0.7402777896987067,
    "mae_gain_if_mirrored": 0.15662069968465303,
    "MAE_low": 1.0733691182401446,
    "SHcoefL1": 0.3981213870913618,
    "sec_front": 0.9997535791662004,
    "sec_left": 1.1924795488516489,
    "sec_back": 1.027247999774085,
    "sec_right": 1.212975902689828,
    "sec_upper": 0.9063442721962929,
    "sec_lower": 0.4727932742900319
  }
}