{
  "test": {
    "MAE": 0.8935561448335647,
    "MAE_plain": 0.7521522982915243,
    "RMSE": 1.4180264833885792,
    "AbsRel": 0.5258116106192271,
    "delta1": 0.45606716026862465,
    "delta2": 0.6751699139674504,
    "delta3": 0.8012033522129058,
    "SILog": 0.5705620767672857,
    "MAE_ffx": 0.8528228086233139,
    "mirror_better_rate": 0.25277778538564843,
    "mae_gain_if_mirrored": 0.015514610827279588,
    "MAE_low": 0.8555237879355748,
    "SHcoefL1": 0.34991925162987575,
    "sec_front": 0.8923473179340362,
    "sec_left": 0.8803255277872085,
    "sec_back": 0.929384076197942,
    "sec_right": 0.8721676240364711,
    "sec_upper": 0.8003870818018913,
    "sec_lower": 0.3849955842892329
  }
}