{
  "test": {
    "MAE": 0.8829143812259038,
    "MAE_plain": 0.7423301750421524,
    "RMSE": 1.4231981890319483,
    "AbsRel": 0.5065589779615403,
    "delta1": 0.46211424003044765,
    "SILog": 0.5697733082373937,
    "MAE_ffx": 0.8408410364389419,
    "mirror_better_rate": 0.2455555627991756,
    "mae_gain_if_mirrored": 0.014556093236121039,
    "MAE_low": 0.8454343851407369,
    "SHcoefL1": 0.35112805209950443,
    "sec_front": 0.883314623037974,
    "sec_left": 0.8662846553325653,
    "sec_back": 0.9177531081438065,
    "sec_right": 0.8643051387866338,
    "sec_upper": 0.7888728825251261,
    "sec_lower": 0.3798602145910263
  }
}