{
  "test": {
    "MAE": 0.7844896946350733,
    "MAE_plain": 0.6667918920516968,
    "RMSE": 1.2358673445383708,
    "AbsRel": 0.5109836975733439,
    "delta1": 0.447184954782327,
    "delta2": 0.6688960007826488,
    "delta3": 0.7968819455305736,
    "SILog": 0.5217729496955872,
    "MAE_ffx": 0.7547352468967438,
    "mirror_better_rate": 0.26777778550982473,
    "mae_gain_if_mirrored": 0.013681392169673927,
    "MAE_low": 0.7431619407733282,
    "SHcoefL1": 0.31111925449015365,
    "sec_front": 0.7895693610111872,
    "sec_left": 0.7610290106137594,
    "sec_back": 0.8010651103655497,
    "sec_right": 0.7495355051755905,
    "sec_upper": 0.6566250682373842,
    "sec_lower": 0.2999841844042142
  }
}