{
  "test": {
    "MAE": 0.9095003400908576,
    "MAE_plain": 0.7665383132298788,
    "RMSE": 1.4219961370010232,
    "AbsRel": 0.5534988933139378,
    "delta1": 0.4386581259303623,
    "SILog": 0.5695430383417341,
    "MAE_ffx": 0.8677263487709893,
    "mirror_better_rate": 0.26361111111111113,
    "mae_gain_if_mirrored": 0.013724001182450188,
    "MAE_low": 0.8709727927049001,
    "SHcoefL1": 0.35232429146145783,
    "sec_front": 0.9218469036950006,
    "sec_left": 0.8885188286834292,
    "sec_back": 0.9444816675451067,
    "sec_right": 0.8831539391146765,
    "sec_upper": 0.8186411500639386,
    "sec_lower": 0.3884160725606812
  }
}