{
  "test": {
    "MAE": 0.8870299728711446,
    "MAE_plain": 0.7466150546073913,
    "RMSE": 1.4327729047709665,
    "AbsRel": 0.505286141037941,
    "delta1": 0.4513296120365461,
    "delta2": 0.6699537483851115,
    "delta3": 0.8007788300514221,
    "SILog": 0.562012120683988,
    "MAE_ffx": 0.8421161478757858,
    "mirror_better_rate": 0.2544444529215495,
    "mae_gain_if_mirrored": 0.012249574176191042,
    "MAE_low": 0.8500793226559957,
    "SHcoefL1": 0.35193394421496327,
    "sec_front": 0.8921509848038356,
    "sec_left": 0.8699912428855896,
    "sec_back": 0.9230001163482666,
    "sec_right": 0.8629775607585907,
    "sec_upper": 0.7948362045486768,
    "sec_lower": 0.3815975950161616
  }
}