{
  "test": {
    "MAE": 0.921320390800635,
    "MAE_plain": 0.775528994401296,
    "RMSE": 1.4320984183910697,
    "AbsRel": 0.5544302444159984,
    "delta1": 0.43418645466367406,
    "SILog": 0.5731391030550003,
    "MAE_ffx": 0.8787590814630191,
    "mirror_better_rate": 0.24666667309900125,
    "mae_gain_if_mirrored": 0.013646556564647956,
    "MAE_low": 0.8832191522916158,
    "SHcoefL1": 0.3566961761046615,
    "sec_front": 0.9359375347693761,
    "sec_left": 0.8924714856346448,
    "sec_back": 0.9643436933557192,
    "sec_right": 0.8925288599729538,
    "sec_upper": 0.8267119268327952,
    "sec_lower": 0.39444769417246184
  },
  "mono": {
    "MAE": 1.1474254167079925,
    "MAE_plain": 0.9557737228274346,
    "RMSE": 1.6872777091795805,
    "AbsRel": 0.8344442024827003,
    "delta1": 0.36593004539608953,
    "SILog": 0.6808347858985265,
    "MAE_ffx": 1.1099483476082483,
    "mirror_better_rate": 0.4972222376863162,
    "mae_gain_if_mirrored": 0.005686833657479535,
    "MAE_low": 1.110946044723193,
    "SHcoefL1": 0.432409300721354,
    "sec_front": 1.0559274031718573,
    "sec_left": 1.2318418576320012,
    "sec_back": 1.0775900519887607,
    "sec_right": 1.2243423757950465,
    "sec_upper": 0.9740733320514361,
    "sec_lower": 0.49916884263356526
  },
  "left": {
    "MAE": 1.2242830473184585,
    "MAE_plain": 1.0132407530148824,
    "RMSE": 1.8349944882777478,
    "AbsRel": 0.9161309307813644,
    "delta1": 0.35993104641636214,
    "SILog": 0.6967330425977707,
    "MAE_ffx": 1.1877492272853851,
    "mirror_better_rate": 0.485000014975667,
    "mae_gain_if_mirrored": 0.004134611634314448,
    "MAE_low": 1.1891415240367254,
    "SHcoefL1": 0.47010592540933027,
    "sec_front": 1.0853718946377435,
    "sec_left": 1.3861425572633743,
    "sec_back": 1.0728258950511615,
    "sec_right": 1.352791865070661,
    "sec_upper": 1.0002725780010224,
    "sec_lower": 0.5197558618088564
  },
  "right": {
    "MAE": 1.2333909010887145,
    "MAE_plain": 1.019413906534513,
    "RMSE": 1.8540526448728638,
    "AbsRel": 0.9299742481112481,
    "delta1": 0.36130257581671077,
    "SILog": 0.6984421989321709,
    "MAE_ffx": 1.1973455395301182,
    "mirror_better_rate": 0.5183333504696687,
    "mae_gain_if_mirrored": 0.005106872238102369,
    "MAE_low": 1.198615880807241,
    "SHcoefL1": 0.47271373036627967,
    "sec_front": 1.0864370757341384,
    "sec_left": 1.3641415548324585,
    "sec_back": 1.0835831660032271,
    "sec_right": 1.3994018377860387,
    "sec_upper": 1.0079335222641628,
    "sec_lower": 0.518159137715896
  },
  "shuffle": {
    "MAE": 1.1325476115942001,
    "MAE_plain": 0.9320834729075432,
    "RMSE": 1.669977274352794,
    "AbsRel": 0.7696615470945836,
    "delta1": 0.3595550254484018,
    "SILog": 0.7172406059503555,
    "MAE_ffx": 1.0883703583478928,
    "mirror_better_rate": 0.4894444603969653,
    "mae_gain_if_mirrored": 0.05310472747000555,
    "MAE_low": 1.095278378824393,
    "SHcoefL1": 0.4052716168326636,
    "sec_front": 1.1313628541429837,
    "sec_left": 1.1410550334056218,
    "sec_back": 1.1043940012653668,
    "sec_right": 1.1533785654107729,
    "sec_upper": 0.9529641781995694,
    "sec_lower": 0.48247307509183884
  },
  "swap": {
    "MAE": 1.1189694478114447,
    "MAE_plain": 0.9167272425691286,
    "RMSE": 1.6522029695560168,
    "AbsRel": 0.7451923438409964,
    "delta1": 0.3678378204007943,
    "SILog": 0.7052214688062668,
    "MAE_ffx": 1.0747409331798554,
    "mirror_better_rate": 0.7544444633026918,
    "mae_gain_if_mirrored": 0.15369537165078023,
    "MAE_low": 1.0823252992828687,
    "SHcoefL1": 0.39534621327908503,
    "sec_front": 1.0257571743925413,
    "sec_left": 1.1944905879100163,
    "sec_back": 1.0486682709058126,
    "sec_right": 1.2069618040323258,
    "sec_upper": 0.9206056003769238,
    "sec_lower": 0.4726434383789698,
    "swap_mirror_consistency": 0.15051314161775828
  }
}