{
  "run": "B_presnet_s0",
  "MAE": 0.964744131565094,
  "MAE_plain": 0.8102064939339956,
  "RMSE": 1.496679696685546,
  "AbsRel": 0.6136835068464279,
  "delta1": 0.42361634969711304,
  "delta2": 0.6400999619563421,
  "delta3": 0.7750422473748525,
  "SILog": 0.6158338830868403,
  "MAE_ffx": 0.9244981507460276,
  "mirror_better_rate": 0.2977777861058712,
  "mae_gain_if_mirrored": 0.02263628158252686,
  "MAE_low": 0.9272002816200257,
  "SHcoefL1": 0.377430242602196,
  "sec_front": 0.9622063648700714,
  "sec_left": 0.9525100978215536,
  "sec_back": 1.0196709990501405,
  "sec_right": 0.924589056968689,
  "sec_upper": 0.8593364013234774,
  "sec_lower": 0.4160762104392052
}