{
  "test": {
    "MAE": 0.9154090778032938,
    "MAE_plain": 0.7695626711845398,
    "RMSE": 1.4602003379480235,
    "AbsRel": 0.5342091512680054,
    "delta1": 0.4455687801043193,
    "SILog": 0.598190807501475,
    "MAE_ffx": 0.8741325982411703,
    "mirror_better_rate": 0.25722223063309985,
    "mae_gain_if_mirrored": 0.016914530365417402,
    "MAE_low": 0.8776160343488058,
    "SHcoefL1": 0.3584774815870656,
    "sec_front": 0.9232788189252218,
    "sec_left": 0.8916934529940287,
    "sec_back": 0.9465897766749064,
    "sec_right": 0.9000742546717326,
    "sec_upper": 0.8182785230875015,
    "sec_lower": 0.39420709252357483
  }
}