{
  "test": {
    "MAE": 0.8805809992551804,
    "MAE_plain": 0.7401039735476176,
    "RMSE": 1.4345913790816303,
    "AbsRel": 0.4806957345207532,
    "delta1": 0.4649583556254705,
    "delta2": 0.6796841090917587,
    "delta3": 0.8048797615369161,
    "SILog": 0.5652696718772252,
    "MAE_ffx": 0.8368988672892252,
    "mirror_better_rate": 0.24388889563580354,
    "mae_gain_if_mirrored": 0.014034342782106251,
    "MAE_low": 0.8439638829231262,
    "SHcoefL1": 0.35047258217715554,
    "sec_front": 0.8828477388620377,
    "sec_left": 0.8651062826315562,
    "sec_back": 0.913960432211558,
    "sec_right": 0.8604095296065013,
    "sec_upper": 0.7828549025456111,
    "sec_lower": 0.37840611418088277
  }
}