{
  "test": {
    "MAE": 0.9040000907580058,
    "MAE_plain": 0.7573744320869445,
    "RMSE": 1.439798604606671,
    "AbsRel": 0.5138214377562205,
    "delta1": 0.4337442628542582,
    "SILog": 0.5766127634048462,
    "MAE_ffx": 0.8610233116149902,
    "mirror_better_rate": 0.2816666741172473,
    "mae_gain_if_mirrored": 0.01654062168051799,
    "MAE_low": 0.8661809194087983,
    "SHcoefL1": 0.3510359112856289,
    "sec_front": 0.9073999818166097,
    "sec_left": 0.8840734982490539,
    "sec_back": 0.9336709849039714,
    "sec_right": 0.8908558591206869,
    "sec_upper": 0.7988760073979696,
    "sec_lower": 0.3914327392975489
  }
}