{
  "test": {
    "MAE": 0.905842836830351,
    "MAE_plain": 0.7606779681311713,
    "RMSE": 1.4197223415239602,
    "AbsRel": 0.5649216036001842,
    "delta1": 0.4524492820103963,
    "SILog": 0.5739079337649875,
    "MAE_ffx": 0.8646880021360186,
    "mirror_better_rate": 0.2513888888888889,
    "mae_gain_if_mirrored": 0.014395094484918648,
    "MAE_low": 0.8669698533746931,
    "SHcoefL1": 0.3519681530704515,
    "sec_front": 0.9195488732390934,
    "sec_left": 0.8839318274127113,
    "sec_back": 0.9434754353099399,
    "sec_right": 0.8764151934782664,
    "sec_upper": 0.8101579042275747,
    "sec_lower": 0.38631796767314275
  }
}