{
  "test": {
    "MAE": 0.8856447307268779,
    "MAE_plain": 0.744656828045845,
    "RMSE": 1.4158581911451749,
    "AbsRel": 0.5206695877512296,
    "delta1": 0.4598390479882558,
    "delta2": 0.6768982064723968,
    "delta3": 0.8034892674287161,
    "SILog": 0.5705860910813013,
    "MAE_ffx": 0.8431574314832687,
    "mirror_better_rate": 0.2627777854849895,
    "mae_gain_if_mirrored": 0.015342844007148719,
    "MAE_low": 0.8477793488899866,
    "SHcoefL1": 0.3485062300455239,
    "sec_front": 0.8877628785371781,
    "sec_left": 0.8734167937437693,
    "sec_back": 0.920210926135381,
    "sec_right": 0.8611883544921874,
    "sec_upper": 0.7874350571632385,
    "sec_lower": 0.38300924400488534
  }
}