{
  "run": "Aunet_s1",
  "MAE": 0.9830178409152561,
  "MAE_plain": 0.8244275289111668,
  "RMSE": 1.5086673376859216,
  "AbsRel": 0.6532456511921353,
  "delta1": 0.40258743180169,
  "delta2": 0.6243064101537069,
  "delta3": 0.7652070132891337,
  "SILog": 0.6292254624101851,
  "MAE_ffx": 0.9395378703541226,
  "mirror_better_rate": 0.3527777777777778,
  "mae_gain_if_mirrored": 0.020397968366742136,
  "MAE_low": 0.9446170994970533,
  "SHcoefL1": 0.37563128016682135,
  "sec_front": 0.9769842086897956,
  "sec_left": 1.018105415503184,
  "sec_back": 1.0206671232647366,
  "sec_right": 0.9163146339522468,
  "sec_upper": 0.8724710517459445,
  "sec_lower": 0.4289259056250254
}