{
  "test": {
    "MAE": 0.9830178432994419,
    "MAE_plain": 0.8244275257322523,
    "RMSE": 1.5086673378269024,
    "AbsRel": 0.6532456517219544,
    "delta1": 0.4025874180263943,
    "SILog": 0.6292254624101851,
    "MAE_ffx": 0.9395378756523133,
    "mirror_better_rate": 0.3527777777777778,
    "mae_gain_if_mirrored": 0.020397967654797768,
    "MAE_low": 0.9446170952585008,
    "SHcoefL1": 0.3756312802227007,
    "sec_front": 0.976984203391605,
    "sec_left": 1.0181054107348124,
    "sec_back": 1.0206671158472698,
    "sec_right": 0.9163146381907993,
    "sec_upper": 0.8724710570441352,
    "sec_lower": 0.42892590509520634
  },
  "mono": {
    "MAE": 1.1506516514884102,
    "MAE_plain": 0.9431285852856106,
    "RMSE": 1.6709062901617118,
    "AbsRel": 0.9488785992728339,
    "delta1": 0.38146185490820145,
    "SILog": 0.6795237138536241,
    "MAE_ffx": 1.1137371389071147,
    "mirror_better_rate": 0.5058333333333334,
    "mae_gain_if_mirrored": 0.03702247091465526,
    "MAE_low": 1.1112377052836948,
    "SHcoefL1": 0.43011012687037387,
    "sec_front": 1.0424455563227335,
    "sec_left": 1.1307073905732896,
    "sec_back": 1.076787722375658,
    "sec_right": 1.352665925555759,
    "sec_upper": 0.935048012998369,
    "sec_lower": 0.46922003865242007
  },
  "shuffle": {
    "MAE": 1.1048922072516547,
    "MAE_plain": 0.91453456375334,
    "RMSE": 1.6502163126140041,
    "AbsRel": 0.7647223104370965,
    "delta1": 0.36181968026691014,
    "SILog": 0.7043115700615777,
    "MAE_ffx": 1.0599455542034573,
    "mirror_better_rate": 0.5002777777777778,
    "mae_gain_if_mirrored": 0.04223359720574485,
    "MAE_low": 1.0672026416990492,
    "SHcoefL1": 0.40384339744846026,
    "sec_front": 1.0925728811158075,
    "sec_left": 1.073603512181176,
    "sec_back": 1.1029288313123915,
    "sec_right": 1.1504636081059774,
    "sec_upper": 0.9440770771768358,
    "sec_lower": 0.469728553560045
  },
  "swap": {
    "MAE": 1.0845446639590792,
    "MAE_plain": 0.8970859691831801,
    "RMSE": 1.6224942831812286,
    "AbsRel": 0.751589354938931,
    "delta1": 0.3696071840657128,
    "SILog": 0.6888810751173231,
    "MAE_ffx": 1.0407104839218988,
    "mirror_better_rate": 0.6466666666666666,
    "mae_gain_if_mirrored": 0.08026869909630882,
    "MAE_low": 1.046742358472612,
    "SHcoefL1": 0.3974643378518522,
    "sec_front": 1.025124013688829,
    "sec_left": 1.0895538960562812,
    "sec_back": 1.0660920763015747,
    "sec_right": 1.1574086470074123,
    "sec_upper": 0.9222177953190274,
    "sec_lower": 0.4630214476585388
  }
}