{
  "test": {
    "MAE": 0.9509419078297086,
    "MAE_plain": 0.7958785525957743,
    "RMSE": 1.4610114891305725,
    "AbsRel": 0.5866947346263461,
    "delta1": 0.40906707459025915,
    "SILog": 0.6015380243460338,
    "MAE_ffx": 0.9075396823883056,
    "mirror_better_rate": 0.2961111111111111,
    "mae_gain_if_mirrored": 0.016374445060888927,
    "MAE_low": 0.9124878128369649,
    "SHcoefL1": 0.35954276345463265,
    "sec_front": 0.9750726742214627,
    "sec_left": 0.9249891553984748,
    "sec_back": 0.9853512011633979,
    "sec_right": 0.9183545642428927,
    "sec_upper": 0.8375146871142917,
    "sec_lower": 0.40788026140795813
  },
  "mono": {
    "MAE": 1.3777497906155056,
    "MAE_plain": 1.1297283686531914,
    "RMSE": 2.013188427280251,
    "AbsRel": 0.8767059906323751,
    "delta1": 0.28170927233166165,
    "SILog": 0.9709090394443936,
    "MAE_ffx": 1.3382751512527467,
    "mirror_better_rate": 0.49777777777777776,
    "mae_gain_if_mirrored": 0.014676009449693892,
    "MAE_low": 1.3432184611426459,
    "SHcoefL1": 0.49140254547612533,
    "sec_front": 1.499808038605584,
    "sec_left": 1.406801193025377,
    "sec_back": 1.2690136845906574,
    "sec_right": 1.3353761879603068,
    "sec_upper": 1.1616925228966608,
    "sec_lower": 0.5817429229948256
  },
  "shuffle": {
    "MAE": 1.1096697881486681,
    "MAE_plain": 0.9143455237812466,
    "RMSE": 1.6436716698982352,
    "AbsRel": 0.7502458605501386,
    "delta1": 0.3580167327986823,
    "SILog": 0.7173537593417697,
    "MAE_ffx": 1.064618519147237,
    "mirror_better_rate": 0.49,
    "mae_gain_if_mirrored": 0.05161395611862341,
    "MAE_low": 1.072311343881819,
    "SHcoefL1": 0.39417760365332166,
    "sec_front": 1.09861666864819,
    "sec_left": 1.1245365932252671,
    "sec_back": 1.081461788283454,
    "sec_right": 1.1340640868080987,
    "sec_upper": 0.9376863665050931,
    "sec_lower": 0.4736063595612844
  },
  "swap": {
    "MAE": 1.1097683233684963,
    "MAE_plain": 0.9127139563030667,
    "RMSE": 1.6400373849192498,
    "AbsRel": 0.7504381468560961,
    "delta1": 0.35900801724857756,
    "SILog": 0.7096405964427525,
    "MAE_ffx": 1.0651502105924817,
    "mirror_better_rate": 0.6919444444444445,
    "mae_gain_if_mirrored": 0.11336692346466912,
    "MAE_low": 1.0730253760019939,
    "SHcoefL1": 0.39133460474304027,
    "sec_front": 1.0505732006496853,
    "sec_left": 1.1566060426500109,
    "sec_back": 1.0605809259414674,
    "sec_right": 1.1713131385379367,
    "sec_upper": 0.9238291418552399,
    "sec_lower": 0.4733783280849457
  },
  "alpha": 0.0
}