{
  "test": {
    "MAE": 0.8903856253623963,
    "MAE_plain": 0.7463499486446381,
    "RMSE": 1.42368365748856,
    "AbsRel": 0.5441780491669973,
    "delta1": 0.45685575604438783,
    "SILog": 0.582296941280365,
    "MAE_ffx": 0.8494161041577657,
    "mirror_better_rate": 0.28277778466542564,
    "mae_gain_if_mirrored": 0.015956747347178557,
    "MAE_low": 0.8525413986047109,
    "SHcoefL1": 0.3502175946140455,
    "sec_front": 0.8951287341117858,
    "sec_left": 0.8805602669715882,
    "sec_back": 0.9175581200917562,
    "sec_right": 0.8682953588167827,
    "sec_upper": 0.7817641580104828,
    "sec_lower": 0.39184582928816475
  },
  "mono": {
    "MAE": 1.56667768796285,
    "MAE_plain": 1.427284787495931,
    "RMSE": 2.070187933917189,
    "AbsRel": 1.3723893284797668,
    "delta1": 0.30339035371939344,
    "SILog": 0.7613444670041403,
    "MAE_ffx": 1.5313562774658203,
    "mirror_better_rate": 0.5019444608688355,
    "mae_gain_if_mirrored": 0.04261446932951609,
    "MAE_low": 1.5285444895426432,
    "SHcoefL1": 0.5091469839918945,
    "sec_front": 1.719290026028951,
    "sec_left": 1.4771945317586264,
    "sec_back": 1.4645835336049398,
    "sec_right": 1.6056426715850831,
    "sec_upper": 2.1070982360839845,
    "sec_lower": 0.46865195473035176
  },
  "shuffle": {
    "MAE": 1.1557819986343383,
    "MAE_plain": 0.9427343753973643,
    "RMSE": 1.7170194770080967,
    "AbsRel": 0.7934162322680155,
    "delta1": 0.35713221549987795,
    "SILog": 0.7547670372327169,
    "MAE_ffx": 1.1116585612297059,
    "mirror_better_rate": 0.5016666813691457,
    "mae_gain_if_mirrored": 0.05812353660662969,
    "MAE_low": 1.1193903700510661,
    "SHcoefL1": 0.4136454196481241,
    "sec_front": 1.1532364463806153,
    "sec_left": 1.1701059714953104,
    "sec_back": 1.1352178494135539,
    "sec_right": 1.164567666053772,
    "sec_upper": 0.9388757181167603,
    "sec_lower": 0.4957465902964274
  },
  "swap": {
    "MAE": 1.0934070547421773,
    "MAE_plain": 0.8918500868479411,
    "RMSE": 1.6592494419135404,
    "AbsRel": 0.7314744675159455,
    "delta1": 0.38466877420743306,
    "SILog": 0.7204537789026896,
    "MAE_ffx": 1.0500291570027669,
    "mirror_better_rate": 0.7302777993679047,
    "mae_gain_if_mirrored": 0.15886791343490284,
    "MAE_low": 1.0575945099194846,
    "SHcoefL1": 0.3922983241846992,
    "sec_front": 0.9880553619066874,
    "sec_left": 1.1887023123105367,
    "sec_back": 1.003194568157196,
    "sec_right": 1.1936759416262308,
    "sec_upper": 0.8813162849346796,
    "sec_lower": 0.4688185739517212
  }
}