{
  "test": {
    "MAE": 0.8935792535543442,
    "MAE_plain": 0.7499810018142065,
    "RMSE": 1.4159398097450158,
    "AbsRel": 0.5361546142896016,
    "delta1": 0.4532361042499542,
    "SILog": 0.5695770553747813,
    "MAE_ffx": 0.8512820214033127,
    "mirror_better_rate": 0.26083334093292554,
    "mae_gain_if_mirrored": 0.013052481196937152,
    "MAE_low": 0.8546382588148117,
    "SHcoefL1": 0.34625328332599664,
    "sec_front": 0.9028523401419322,
    "sec_left": 0.8710004438956579,
    "sec_back": 0.9276778189341227,
    "sec_right": 0.8727864074707031,
    "sec_upper": 0.78985683431228,
    "sec_lower": 0.38966807345549265
  }
}