{
  "test": {
    "MAE": 0.9072444478670756,
    "MAE_plain": 0.7647125954098172,
    "RMSE": 1.4665220786429347,
    "AbsRel": 0.47095318999555374,
    "delta1": 0.45030314770009783,
    "SILog": 0.5809954981009166,
    "MAE_ffx": 0.8636591393417782,
    "mirror_better_rate": 0.25472222222222224,
    "mae_gain_if_mirrored": 0.01563173219975498,
    "MAE_low": 0.8707328951358795,
    "SHcoefL1": 0.3605948582581348,
    "sec_front": 0.9234031098418766,
    "sec_left": 0.8863292100694444,
    "sec_back": 0.9406387702624003,
    "sec_right": 0.8786067048708598,
    "sec_upper": 0.8170902138617304,
    "sec_lower": 0.38518587493234213
  }
}