{
  "test": {
    "MAE": 0.9129228226343791,
    "MAE_plain": 0.7715863921244939,
    "RMSE": 1.4353781005098472,
    "AbsRel": 0.5477151050170262,
    "delta1": 0.44196972241004306,
    "SILog": 0.5805698901414871,
    "MAE_ffx": 0.8712026544411977,
    "mirror_better_rate": 0.25444445135692756,
    "mae_gain_if_mirrored": 0.013861527904712906,
    "MAE_low": 0.874886139233907,
    "SHcoefL1": 0.35536970622837544,
    "sec_front": 0.9309745717048645,
    "sec_left": 0.8800166034698487,
    "sec_back": 0.9529075622558594,
    "sec_right": 0.8877925650278727,
    "sec_upper": 0.8301747843623162,
    "sec_lower": 0.38928430537382763
  },
  "mono": {
    "MAE": 2.4806555247306825,
    "MAE_plain": 2.1506195648511253,
    "RMSE": 3.1910726668489295,
    "AbsRel": 2.14268626610438,
    "delta1": 0.19756098508834838,
    "SILog": 0.719187569419543,
    "MAE_ffx": 2.4832676124572752,
    "mirror_better_rate": 0.48000001231829326,
    "mae_gain_if_mirrored": 0.0027623105118982495,
    "MAE_low": 2.4628944381078086,
    "SHcoefL1": 0.6275076423171494,
    "sec_front": 2.5140380541483562,
    "sec_left": 2.5556761701901753,
    "sec_back": 2.345704801082611,
    "sec_right": 2.507203075885773,
    "sec_upper": 2.7405538845062254,
    "sec_lower": 0.7833308327198029
  },
  "shuffle": {
    "MAE": 1.1442289245128632,
    "MAE_plain": 0.9425182217359542,
    "RMSE": 1.6953877953680514,
    "AbsRel": 0.7812316737572352,
    "delta1": 0.35685079753398896,
    "SILog": 0.743058931628863,
    "MAE_ffx": 1.1003894416491191,
    "mirror_better_rate": 0.49027779082457223,
    "mae_gain_if_mirrored": 0.0538172722607851,
    "MAE_low": 1.1073019512494404,
    "SHcoefL1": 0.4093448472002314,
    "sec_front": 1.1487474377950033,
    "sec_left": 1.1528437570730845,
    "sec_back": 1.1171548453966778,
    "sec_right": 1.1581696065266927,
    "sec_upper": 0.9623752287030221,
    "sec_lower": 0.4872005551060041
  },
  "swap": {
    "MAE": 1.1132869223753612,
    "MAE_plain": 0.9162549380461374,
    "RMSE": 1.6664920775666627,
    "AbsRel": 0.7314819894234339,
    "delta1": 0.3725353703896205,
    "SILog": 0.7216581479708354,
    "MAE_ffx": 1.069692190885544,
    "mirror_better_rate": 0.7391666859388352,
    "mae_gain_if_mirrored": 0.15525370381772519,
    "MAE_low": 1.0771038409074147,
    "SHcoefL1": 0.395561581744502,
    "sec_front": 1.0189557313919066,
    "sec_left": 1.1972150508562724,
    "sec_back": 1.0405720627307893,
    "sec_right": 1.1964048818747202,
    "sec_upper": 0.9257202212015788,
    "sec_lower": 0.4692815633614858,
    "swap_mirror_consistency": 0.24580477641077705
  }
}