{
  "run": "B_pvit_s0",
  "MAE": 0.8995989517370859,
  "MAE_plain": 0.7568387260701921,
  "RMSE": 1.423453619346127,
  "AbsRel": 0.5549596187141207,
  "delta1": 0.4568802327579922,
  "delta2": 0.6748915224605136,
  "delta3": 0.8014365096886953,
  "SILog": 0.5725076785352495,
  "MAE_ffx": 0.8585556672679053,
  "mirror_better_rate": 0.26361111111111113,
  "mae_gain_if_mirrored": 0.01537649817764759,
  "MAE_low": 0.8611080849170685,
  "SHcoefL1": 0.3515860284099148,
  "sec_front": 0.9021344451109569,
  "sec_left": 0.8732107471095191,
  "sec_back": 0.934812238348855,
  "sec_right": 0.8882383664449056,
  "sec_upper": 0.805599857866764,
  "sec_lower": 0.38881098575062223
}