{
  "test": {
    "MAE": 0.9070846695370144,
    "MAE_plain": 0.760066872437795,
    "RMSE": 1.425321497621263,
    "AbsRel": 0.5750988060898251,
    "delta1": 0.44426726155810886,
    "SILog": 0.5831182381841872,
    "MAE_ffx": 0.8660385725233289,
    "mirror_better_rate": 0.2652777777777778,
    "mae_gain_if_mirrored": 0.01534352105938726,
    "MAE_low": 0.86894859790802,
    "SHcoefL1": 0.35267212686439353,
    "sec_front": 0.9150058688057794,
    "sec_left": 0.8940367126464843,
    "sec_back": 0.9401742945777045,
    "sec_right": 0.8791217933760749,
    "sec_upper": 0.8000595859686533,
    "sec_lower": 0.3943332987361484
  },
  "mono": {
    "MAE": 1.1555395083957247,
    "MAE_plain": 0.9455561966366238,
    "RMSE": 1.7651522513737872,
    "AbsRel": 0.8889952923191918,
    "delta1": 0.3903611422909631,
    "SILog": 0.6823234865400526,
    "MAE_ffx": 1.1224993504418268,
    "mirror_better_rate": 0.5055555555555555,
    "mae_gain_if_mirrored": 0.011060306421584553,
    "MAE_low": 1.1207008112801446,
    "SHcoefL1": 0.42938456133835845,
    "sec_front": 1.0941608550813462,
    "sec_left": 1.199912183549669,
    "sec_back": 1.085565561718411,
    "sec_right": 1.242519416279263,
    "sec_upper": 0.9329101513491737,
    "sec_lower": 0.4528623575634427
  },
  "shuffle": {
    "MAE": 1.1248062472873264,
    "MAE_plain": 0.9223521926667955,
    "RMSE": 1.6729755261109749,
    "AbsRel": 0.779748424688975,
    "delta1": 0.3667770612239838,
    "SILog": 0.7221765756607056,
    "MAE_ffx": 1.081014649603102,
    "mirror_better_rate": 0.49777777777777776,
    "mae_gain_if_mirrored": 0.05571116053395801,
    "MAE_low": 1.0880733844969008,
    "SHcoefL1": 0.4049103951164418,
    "sec_front": 1.1191185731357998,
    "sec_left": 1.1320436980989244,
    "sec_back": 1.108658119837443,
    "sec_right": 1.1394045882754855,
    "sec_upper": 0.9354573769039578,
    "sec_lower": 0.475171246793535
  },
  "swap": {
    "MAE": 1.0960182083977594,
    "MAE_plain": 0.8946170891655816,
    "RMSE": 1.641310044205873,
    "AbsRel": 0.7563283472590976,
    "delta1": 0.3819842657777998,
    "SILog": 0.7065458859337701,
    "MAE_ffx": 1.0530164835188125,
    "mirror_better_rate": 0.7358333333333333,
    "mae_gain_if_mirrored": 0.14710430473089217,
    "MAE_low": 1.0594401240348816,
    "SHcoefL1": 0.3908393127264248,
    "sec_front": 0.9973164470990499,
    "sec_left": 1.1850710079405042,
    "sec_back": 1.0265087397893269,
    "sec_right": 1.1751766644583808,
    "sec_upper": 0.8882249638769362,
    "sec_lower": 0.46324692381752863
  }
}