{
  "test": {
    "MAE": 0.9009639581044515,
    "MAE_plain": 0.7559865613778433,
    "RMSE": 1.43936167718105,
    "AbsRel": 0.5503428630034128,
    "delta1": 0.45331652760505675,
    "SILog": 0.5835065404574077,
    "MAE_ffx": 0.8597685631116231,
    "mirror_better_rate": 0.26944445351759594,
    "mae_gain_if_mirrored": 0.016415457023928562,
    "MAE_low": 0.8631492420037588,
    "SHcoefL1": 0.35586289797392157,
    "sec_front": 0.9014112281799317,
    "sec_left": 0.8721256589889527,
    "sec_back": 0.9329613558451335,
    "sec_right": 0.8973575671513875,
    "sec_upper": 0.7941347227493922,
    "sec_lower": 0.39193005780378976
  }
}