{
  "test": {
    "MAE": 0.7728720712661743,
    "MAE_plain": 0.6559377769629161,
    "RMSE": 1.2400073039531707,
    "AbsRel": 0.456899295647939,
    "delta1": 0.4395203082760175,
    "delta2": 0.6640117267767588,
    "delta3": 0.7956021845340728,
    "SILog": 0.5052762844165166,
    "MAE_ffx": 0.7407782351970673,
    "mirror_better_rate": 0.2555555629481872,
    "mae_gain_if_mirrored": 0.011894672784061791,
    "MAE_low": 0.7318709276119868,
    "SHcoefL1": 0.30908566576739155,
    "sec_front": 0.7766029642025629,
    "sec_left": 0.744561402797699,
    "sec_back": 0.7880330727497736,
    "sec_right": 0.74249554057916,
    "sec_upper": 0.6459581010540326,
    "sec_lower": 0.29489594474434855
  }
}