{
  "test": {
    "MAE": 1.1477992188930513,
    "MAE_plain": 0.9793373193343481,
    "RMSE": 1.667630877548372,
    "AbsRel": 0.8114891239007314,
    "delta1": 0.3379119357466698,
    "SILog": 0.6778914429744085,
    "MAE_ffx": 1.0967363433043162,
    "mirror_better_rate": 0.4880555679400762,
    "mae_gain_if_mirrored": 0.000438218321360182,
    "MAE_low": 1.1124882102012634,
    "SHcoefL1": 0.3910112758850058,
    "sec_front": 1.1471471583843231,
    "sec_left": 1.1475425032774607,
    "sec_back": 1.1488734499613444,
    "sec_right": 1.1476337726910908,
    "sec_upper": 1.113600737452507,
    "sec_lower": 0.47504185845454533
  },
  "mono": {
    "MAE": 1.147642702261607,
    "MAE_plain": 0.9791581273078919,
    "RMSE": 1.6675945223690243,
    "AbsRel": 0.8110640307267507,
    "delta1": 0.3379430662592252,
    "SILog": 0.6778440757592519,
    "MAE_ffx": 1.0965737704435985,
    "mirror_better_rate": 0.4888889010747274,
    "mae_gain_if_mirrored": 0.0004384008741665942,
    "MAE_low": 1.1123363741238912,
    "SHcoefL1": 0.3909981962293386,
    "sec_front": 1.146983545621236,
    "sec_left": 1.1473382711410522,
    "sec_back": 1.1487400050957997,
    "sec_right": 1.147508997519811,
    "sec_upper": 1.1136054628094036,
    "sec_lower": 0.47480893820524217
  },
  "left": {
    "MAE": 1.1476987659931184,
    "MAE_plain": 0.9792317841450373,
    "RMSE": 1.6677007591822306,
    "AbsRel": 0.8110280110438665,
    "delta1": 0.33788061449925105,
    "SILog": 0.6778717050949733,
    "MAE_ffx": 1.0966264927387237,
    "mirror_better_rate": 0.48638890087604525,
    "mae_gain_if_mirrored": 0.0004364636326984813,
    "MAE_low": 1.1123941044012706,
    "SHcoefL1": 0.3910111827030778,
    "sec_front": 1.1470176029205321,
    "sec_left": 1.1473213696479798,
    "sec_back": 1.1488166801134745,
    "sec_right": 1.1476393922170003,
    "sec_upper": 1.113649371167024,
    "sec_lower": 0.4748355491956075
  },
  "right": {
    "MAE": 1.1476823933919271,
    "MAE_plain": 0.9792197225491206,
    "RMSE": 1.6676755102224372,
    "AbsRel": 0.8109958694378535,
    "delta1": 0.3378718659281731,
    "SILog": 0.6778608467181524,
    "MAE_ffx": 1.0966102663675945,
    "mirror_better_rate": 0.4875000125169754,
    "mae_gain_if_mirrored": 0.0004372454050462693,
    "MAE_low": 1.1123780473073324,
    "SHcoefL1": 0.39100757833570243,
    "sec_front": 1.1470547195275624,
    "sec_left": 1.1474591060479482,
    "sec_back": 1.148740634918213,
    "sec_right": 1.1474751206239064,
    "sec_upper": 1.1136433218916257,
    "sec_lower": 0.474829620718956
  },
  "shuffle": {
    "MAE": 1.1477500291665395,
    "MAE_plain": 0.9792998538414637,
    "RMSE": 1.6675815712920157,
    "AbsRel": 0.8114424886306127,
    "delta1": 0.3379331545035044,
    "SILog": 0.6778666869799296,
    "MAE_ffx": 1.0966870935757955,
    "mirror_better_rate": 0.48638890067736307,
    "mae_gain_if_mirrored": 0.00043646075326250863,
    "MAE_low": 1.1124389553070069,
    "SHcoefL1": 0.3910051291849878,
    "sec_front": 1.1470907457669577,
    "sec_left": 1.1474314709504445,
    "sec_back": 1.148946562210719,
    "sec_right": 1.14753133614858,
    "sec_upper": 1.1135740508635839,
    "sec_lower": 0.47501671642065046
  },
  "swap": {
    "MAE": 1.1478052508831025,
    "MAE_plain": 0.9793414944410324,
    "RMSE": 1.6676435217924783,
    "AbsRel": 0.811508604089419,
    "delta1": 0.3379211627443631,
    "SILog": 0.6778985653320948,
    "MAE_ffx": 1.0967423673470815,
    "mirror_better_rate": 0.4883333464463552,
    "mae_gain_if_mirrored": 0.00043725927476771174,
    "MAE_low": 1.1124940053621928,
    "SHcoefL1": 0.3910135240645872,
    "sec_front": 1.1471204177538554,
    "sec_left": 1.1474799911181133,
    "sec_back": 1.1489196920394897,
    "sec_right": 1.147700924873352,
    "sec_upper": 1.1136019105712573,
    "sec_lower": 0.47504324863354364,
    "swap_mirror_consistency": 0.021044144654513777
  }
}