{
  "test": {
    "MAE": 0.9774002008967929,
    "MAE_plain": 0.819719058142768,
    "RMSE": 1.5112547554960045,
    "AbsRel": 0.6485507296191322,
    "delta1": 0.41778057681189645,
    "SILog": 0.6308040514257219,
    "MAE_ffx": 0.9358355816205343,
    "mirror_better_rate": 0.325,
    "mae_gain_if_mirrored": 0.024296475168731478,
    "MAE_low": 0.9388685496648153,
    "SHcoefL1": 0.3826720473687682,
    "sec_front": 0.9595343918270535,
    "sec_left": 1.0215392928653293,
    "sec_back": 1.0224189745055305,
    "sec_right": 0.9061081083615621,
    "sec_upper": 0.8621609947416518,
    "sec_lower": 0.42577915337350636
  },
  "mono": {
    "MAE": 1.2188750245836046,
    "MAE_plain": 0.9951447629928589,
    "RMSE": 1.830222921178125,
    "AbsRel": 0.949727209409078,
    "delta1": 0.3738718130853441,
    "SILog": 0.7117654252052307,
    "MAE_ffx": 1.183503706190321,
    "mirror_better_rate": 0.49805555555555553,
    "mae_gain_if_mirrored": 0.05882309744755427,
    "MAE_low": 1.1808194986979166,
    "SHcoefL1": 0.48449644526259766,
    "sec_front": 1.0979363436169094,
    "sec_left": 1.1202731238471137,
    "sec_back": 1.0990885167651707,
    "sec_right": 1.5582020770178902,
    "sec_upper": 0.977763266298506,
    "sec_lower": 0.469604981607861
  },
  "shuffle": {
    "MAE": 1.1385739591386583,
    "MAE_plain": 0.9385082130961948,
    "RMSE": 1.6987437901176219,
    "AbsRel": 0.7952841709719763,
    "delta1": 0.3625852284166548,
    "SILog": 0.7288512799474928,
    "MAE_ffx": 1.0949886880980597,
    "mirror_better_rate": 0.49722222222222223,
    "mae_gain_if_mirrored": 0.05097787463002735,
    "MAE_low": 1.100868699285719,
    "SHcoefL1": 0.42050128031108114,
    "sec_front": 1.134147027068668,
    "sec_left": 1.1174419154061213,
    "sec_back": 1.124958890279134,
    "sec_right": 1.1777479796939425,
    "sec_upper": 0.9565028058158027,
    "sec_lower": 0.4768966017829047
  },
  "swap": {
    "MAE": 1.1005687053998312,
    "MAE_plain": 0.9064086932606167,
    "RMSE": 1.6520264205885589,
    "AbsRel": 0.7669509731398688,
    "delta1": 0.3783255240652296,
    "SILog": 0.7077041337225172,
    "MAE_ffx": 1.057939341598087,
    "mirror_better_rate": 0.6816666666666666,
    "mae_gain_if_mirrored": 0.1097475016117096,
    "MAE_low": 1.0632196638319227,
    "SHcoefL1": 0.40793849507967633,
    "sec_front": 1.0028710113631354,
    "sec_left": 1.1410169463687474,
    "sec_back": 1.0714954815970528,
    "sec_right": 1.1868913544548882,
    "sec_upper": 0.9152219125959609,
    "sec_lower": 0.46507829573419357
  }
}