{
  "test": {
    "MAE": 0.9586727815204197,
    "MAE_plain": 0.8042142793867323,
    "RMSE": 1.4731965382254248,
    "AbsRel": 0.6290644118520948,
    "delta1": 0.41502366993162365,
    "SILog": 0.6128849147425758,
    "MAE_ffx": 0.9173855039808485,
    "mirror_better_rate": 0.3169444444444444,
    "mae_gain_if_mirrored": 0.019148180873857605,
    "MAE_low": 0.9198520117335849,
    "SHcoefL1": 0.37055359955463146,
    "sec_front": 0.9650472264819675,
    "sec_left": 0.9656823261578877,
    "sec_back": 0.9922638829549154,
    "sec_right": 0.9116976571083069,
    "sec_upper": 0.8482548795806037,
    "sec_lower": 0.41432936482959326
  },
  "mono": {
    "MAE": 1.0568919965955945,
    "MAE_plain": 0.8747271699375576,
    "RMSE": 1.5748839086917523,
    "AbsRel": 0.7644914359516568,
    "delta1": 0.39230753819147746,
    "SILog": 0.6635019673241509,
    "MAE_ffx": 1.018191180229187,
    "mirror_better_rate": 0.49722222222222223,
    "mae_gain_if_mirrored": 0.03882116412950887,
    "MAE_low": 1.0175546725591025,
    "SHcoefL1": 0.40335429572189846,
    "sec_front": 0.9951844533284505,
    "sec_left": 1.0888249977429707,
    "sec_back": 1.0381429084142049,
    "sec_right": 1.105415585041046,
    "sec_upper": 0.8932855015330844,
    "sec_lower": 0.43895962079366047
  },
  "shuffle": {
    "MAE": 1.1134161716037327,
    "MAE_plain": 0.9192685079574585,
    "RMSE": 1.6594591141049473,
    "AbsRel": 0.778654214143753,
    "delta1": 0.3669681273566352,
    "SILog": 0.710411860677931,
    "MAE_ffx": 1.0701106468836465,
    "mirror_better_rate": 0.48833333333333334,
    "mae_gain_if_mirrored": 0.046281107225351864,
    "MAE_low": 1.0753036875194972,
    "SHcoefL1": 0.4069511431641877,
    "sec_front": 1.114447926680247,
    "sec_left": 1.0931486495335896,
    "sec_back": 1.0872177494896782,
    "sec_right": 1.1588503821690876,
    "sec_upper": 0.9481127150853474,
    "sec_lower": 0.4626259340180291
  },
  "swap": {
    "MAE": 1.0954306099149915,
    "MAE_plain": 0.9026297203699748,
    "RMSE": 1.6307377013128235,
    "AbsRel": 0.7760173728730944,
    "delta1": 0.374260716703203,
    "SILog": 0.6990442556805081,
    "MAE_ffx": 1.052561476495531,
    "mirror_better_rate": 0.6919444444444445,
    "mae_gain_if_mirrored": 0.09914443069034153,
    "MAE_low": 1.0576868920856053,
    "SHcoefL1": 0.4014678282952971,
    "sec_front": 1.030380855401357,
    "sec_left": 1.1260930914349025,
    "sec_back": 1.0571593130959405,
    "sec_right": 1.1680891476737127,
    "sec_upper": 0.920101605521308,
    "sec_lower": 0.45932302991549173
  }
}