{
  "test": {
    "MAE": 0.8856610530614852,
    "MAE_plain": 0.7464301319917043,
    "RMSE": 1.4033709066609084,
    "AbsRel": 0.5288781873385111,
    "delta1": 0.4550694787502289,
    "delta2": 0.6752538599570592,
    "delta3": 0.8035249479611715,
    "SILog": 0.5654313256343205,
    "MAE_ffx": 0.8434882042805354,
    "mirror_better_rate": 0.2544444523503383,
    "mae_gain_if_mirrored": 0.01321575520792976,
    "MAE_low": 0.847103877067566,
    "SHcoefL1": 0.34571939886858066,
    "sec_front": 0.8849024126927058,
    "sec_left": 0.8693002873659134,
    "sec_back": 0.9215584989388784,
    "sec_right": 0.8668829985459645,
    "sec_upper": 0.7891872752706209,
    "sec_lower": 0.3866490779320399
  }
}