{
  "test": {
    "MAE": 0.8838563998540242,
    "MAE_plain": 0.7425974136590958,
    "RMSE": 1.4191713885751063,
    "AbsRel": 0.5126882845163345,
    "delta1": 0.4608577048778534,
    "SILog": 0.5652144406239191,
    "MAE_ffx": 0.8414396212498347,
    "mirror_better_rate": 0.2561111178994179,
    "mae_gain_if_mirrored": 0.014984611737309023,
    "MAE_low": 0.8463704605897268,
    "SHcoefL1": 0.3498925063220991,
    "sec_front": 0.887381277680397,
    "sec_left": 0.8673529293139776,
    "sec_back": 0.921949408253034,
    "sec_right": 0.8587419811884562,
    "sec_upper": 0.7842972944180171,
    "sec_lower": 0.38083702117204665
  }
}