{
  "test": {
    "MAE": 0.9038501110341813,
    "MAE_plain": 0.760193619992998,
    "RMSE": 1.449219297981401,
    "AbsRel": 0.492720867395401,
    "delta1": 0.4496243929200702,
    "SILog": 0.5734984315766228,
    "MAE_ffx": 0.8600618608792623,
    "mirror_better_rate": 0.26305555555555554,
    "mae_gain_if_mirrored": 0.01580222874465916,
    "MAE_low": 0.8664209840032789,
    "SHcoefL1": 0.35570031899441445,
    "sec_front": 0.9220499696996477,
    "sec_left": 0.880726064046224,
    "sec_back": 0.9352491606606378,
    "sec_right": 0.8773752368821038,
    "sec_upper": 0.8117770986424552,
    "sec_lower": 0.3842247286107805
  }
}