{
  "test": {
    "MAE": 0.8945551252365113,
    "MAE_plain": 0.7547013507286707,
    "RMSE": 1.4225745807495798,
    "AbsRel": 0.5249552178382874,
    "delta1": 0.45614494134982425,
    "delta2": 0.672238552570343,
    "delta3": 0.8007525320847829,
    "SILog": 0.5763555500904719,
    "MAE_ffx": 0.8526641798019409,
    "mirror_better_rate": 0.26333334065973757,
    "mae_gain_if_mirrored": 0.01578910399247737,
    "MAE_low": 0.856184188524882,
    "SHcoefL1": 0.3505699055786762,
    "sec_front": 0.8947069746255875,
    "sec_left": 0.8768418971697489,
    "sec_back": 0.9293267212311427,
    "sec_right": 0.8773448888460795,
    "sec_upper": 0.8024295253554979,
    "sec_lower": 0.3852636394898097
  }
}