{
  "test": {
    "MAE": 1.0348635393381118,
    "MAE_plain": 0.8715557750728395,
    "RMSE": 1.526497579911104,
    "AbsRel": 0.6836568310194545,
    "delta1": 0.3721959828005897,
    "SILog": 0.6169312423136499,
    "MAE_ffx": 0.990115157034662,
    "mirror_better_rate": 0.495,
    "mae_gain_if_mirrored": 0.0005844109588199191,
    "MAE_low": 0.9963627913263109,
    "SHcoefL1": 0.3750055252802041,
    "sec_front": 1.0350749292638566,
    "sec_left": 1.0291062337822385,
    "sec_back": 1.0409172448847028,
    "sec_right": 1.0343557461765078,
    "sec_upper": 0.9366313335796197,
    "sec_lower": 0.4357266384363174
  },
  "mono": {
    "MAE": 2.0855069523387484,
    "MAE_plain": 1.80955834335751,
    "RMSE": 2.683319337170742,
    "AbsRel": 1.932528229686949,
    "delta1": 0.27790039241313935,
    "SILog": 0.7068065259853998,
    "MAE_ffx": 2.065700014034907,
    "mirror_better_rate": 0.5122222222222222,
    "mae_gain_if_mirrored": 0.0003064948899878396,
    "MAE_low": 2.0545818237463633,
    "SHcoefL1": 0.5658174697889222,
    "sec_front": 1.8358486564954122,
    "sec_left": 2.3014252739482455,
    "sec_back": 1.9036871078279283,
    "sec_right": 2.3010667872428896,
    "sec_upper": 2.2847453881634605,
    "sec_lower": 0.5377235087090069
  },
  "shuffle": {
    "MAE": 1.0851261491245694,
    "MAE_plain": 0.9097962597343656,
    "RMSE": 1.592334192015262,
    "AbsRel": 0.7270039300454988,
    "delta1": 0.36060655703147254,
    "SILog": 0.6469018477201461,
    "MAE_ffx": 1.0394531106948852,
    "mirror_better_rate": 0.5027777777777778,
    "mae_gain_if_mirrored": 0.0005188926392131381,
    "MAE_low": 1.0472028115060594,
    "SHcoefL1": 0.3882556454030176,
    "sec_front": 1.0896901888317532,
    "sec_left": 1.0857208110888799,
    "sec_back": 1.0788145644134945,
    "sec_right": 1.0862790104415683,
    "sec_upper": 0.9740519667499595,
    "sec_lower": 0.45054184299376276
  },
  "swap": {
    "MAE": 1.0338494577672745,
    "MAE_plain": 0.8707792836427689,
    "RMSE": 1.5271727678809393,
    "AbsRel": 0.6796235191822052,
    "delta1": 0.37186643242836,
    "SILog": 0.6163749363356167,
    "MAE_ffx": 0.9890782266192966,
    "mirror_better_rate": 0.49444444444444446,
    "mae_gain_if_mirrored": 0.0005902818424834145,
    "MAE_low": 0.9954645793305503,
    "SHcoefL1": 0.37508420134998033,
    "sec_front": 1.0334097710582946,
    "sec_left": 1.0308411180973054,
    "sec_back": 1.0403851464059617,
    "sec_right": 1.0307618078920577,
    "sec_upper": 0.9356017850339413,
    "sec_lower": 0.43536215459307037
  }
}