{
  "test": {
    "MAE": 0.9281470914681752,
    "MAE_plain": 0.7838107407093048,
    "RMSE": 1.443124242648519,
    "AbsRel": 0.568494803905487,
    "delta1": 0.431994325419267,
    "SILog": 0.5854093388716379,
    "MAE_ffx": 0.8857286055882772,
    "mirror_better_rate": 0.26583334085841975,
    "mae_gain_if_mirrored": 0.014436626910852889,
    "MAE_low": 0.8900577163696289,
    "SHcoefL1": 0.3582275195399092,
    "sec_front": 0.946539720694224,
    "sec_left": 0.9062024815877279,
    "sec_back": 0.9593187173207601,
    "sec_right": 0.9005274562040965,
    "sec_upper": 0.843567099571228,
    "sec_lower": 0.3987104038397471
  },
  "mono": {
    "MAE": 1.2001234543323518,
    "MAE_plain": 0.9990934816996256,
    "RMSE": 1.7764971953161193,
    "AbsRel": 0.8870521110296249,
    "delta1": 0.36357327500979103,
    "SILog": 0.695875727335612,
    "MAE_ffx": 1.1630056738853454,
    "mirror_better_rate": 0.4930555691321691,
    "mae_gain_if_mirrored": 0.011578016091759007,
    "MAE_low": 1.1651930344104766,
    "SHcoefL1": 0.45933880879647204,
    "sec_front": 1.0783883786201478,
    "sec_left": 1.3208708198865255,
    "sec_back": 1.0618376513322194,
    "sec_right": 1.339396953980128,
    "sec_upper": 0.9817448490858078,
    "sec_lower": 0.5104510693748792
  },
  "left": {
    "MAE": 1.223694493373235,
    "MAE_plain": 1.0248988083998363,
    "RMSE": 1.8022526775103425,
    "AbsRel": 0.9220757961273194,
    "delta1": 0.356655615568161,
    "SILog": 0.7117589424053828,
    "MAE_ffx": 1.1862531197071076,
    "mirror_better_rate": 0.4994444598754247,
    "mae_gain_if_mirrored": 0.009352250257506967,
    "MAE_low": 1.188875497976939,
    "SHcoefL1": 0.46467811178002094,
    "sec_front": 1.1059960337479908,
    "sec_left": 1.37418669740359,
    "sec_back": 1.085164786974589,
    "sec_right": 1.3294304394721985,
    "sec_upper": 0.9993966152270635,
    "sec_lower": 0.5411022586623827
  },
  "right": {
    "MAE": 1.2286316525936127,
    "MAE_plain": 1.0284854098161063,
    "RMSE": 1.812409537479334,
    "AbsRel": 0.9243624059359232,
    "delta1": 0.3582173244158427,
    "SILog": 0.7083621150255204,
    "MAE_ffx": 1.191375961303711,
    "mirror_better_rate": 0.4894444580872854,
    "mae_gain_if_mirrored": 0.00859055303192387,
    "MAE_low": 1.19400417248408,
    "SHcoefL1": 0.4645803780481219,
    "sec_front": 1.1045774873097738,
    "sec_left": 1.353190401395162,
    "sec_back": 1.0928832125663757,
    "sec_right": 1.363875504732132,
    "sec_upper": 1.0036601003011068,
    "sec_lower": 0.5387178122997284
  },
  "shuffle": {
    "MAE": 1.1380619661013285,
    "MAE_plain": 0.9389891115824381,
    "RMSE": 1.6813051328119732,
    "AbsRel": 0.7910541309913,
    "delta1": 0.35909225235382713,
    "SILog": 0.7347845381498337,
    "MAE_ffx": 1.0935290924708048,
    "mirror_better_rate": 0.48666668037573496,
    "mae_gain_if_mirrored": 0.05322912134540578,
    "MAE_low": 1.1010180366039277,
    "SHcoefL1": 0.4057920796755287,
    "sec_front": 1.1417396442095438,
    "sec_left": 1.1507856396834055,
    "sec_back": 1.1137028563022613,
    "sec_right": 1.1460197214285532,
    "sec_upper": 0.9652947554985682,
    "sec_lower": 0.4854207850495974
  },
  "swap": {
    "MAE": 1.1141513899962108,
    "MAE_plain": 0.9157950079441071,
    "RMSE": 1.6469055384751967,
    "AbsRel": 0.7593253858884176,
    "delta1": 0.3672310232122739,
    "SILog": 0.7097156602144241,
    "MAE_ffx": 1.0703500668207804,
    "mirror_better_rate": 0.7358333520094553,
    "mae_gain_if_mirrored": 0.13314234824230273,
    "MAE_low": 1.0773457137743632,
    "SHcoefL1": 0.3941969381790194,
    "sec_front": 1.0385073192914327,
    "sec_left": 1.1870904151598614,
    "sec_back": 1.050677825609843,
    "sec_right": 1.1803300241629282,
    "sec_upper": 0.9216515316565832,
    "sec_lower": 0.4709563515583674,
    "swap_mirror_consistency": 0.2854663917257753
  }
}