{
  "test": {
    "MAE": 0.8905502702792486,
    "MAE_plain": 0.7488887947797775,
    "RMSE": 1.4072183026857308,
    "AbsRel": 0.5162714678049087,
    "delta1": 0.44616135766108833,
    "SILog": 0.5615521113077799,
    "MAE_ffx": 0.8493582338094712,
    "mirror_better_rate": 0.2669444527228673,
    "mae_gain_if_mirrored": 0.015166505485540256,
    "MAE_low": 0.8522995950778326,
    "SHcoefL1": 0.3467149234542416,
    "sec_front": 0.8969327008724213,
    "sec_left": 0.8725082180897394,
    "sec_back": 0.9240446472167969,
    "sec_right": 0.868715486129125,
    "sec_upper": 0.7891437074542046,
    "sec_lower": 0.38375465859969454
  }
}