{
  "test": {
    "MAE": 0.9326485045750936,
    "MAE_plain": 0.7835138977898491,
    "RMSE": 1.470011611542915,
    "AbsRel": 0.5742354582415686,
    "delta1": 0.42731592072380914,
    "SILog": 0.6046518368191189,
    "MAE_ffx": 0.8890147850248549,
    "mirror_better_rate": 0.28694444444444445,
    "mae_gain_if_mirrored": 0.017296192770202955,
    "MAE_low": 0.8945979449484084,
    "SHcoefL1": 0.36468717463521494,
    "sec_front": 0.9439831161499024,
    "sec_left": 0.9239907227622138,
    "sec_back": 0.971956430806054,
    "sec_right": 0.890663739045461,
    "sec_upper": 0.8320426388581594,
    "sec_lower": 0.4026973730987973
  },
  "mono": {
    "MAE": 1.057766732374827,
    "MAE_plain": 0.8783276107576158,
    "RMSE": 1.6006321273879818,
    "AbsRel": 0.7308324499924977,
    "delta1": 0.38608261704444885,
    "SILog": 0.6692452263832093,
    "MAE_ffx": 1.0160977625846863,
    "mirror_better_rate": 0.49027777777777776,
    "mae_gain_if_mirrored": 0.02875431933336788,
    "MAE_low": 1.0197036714024015,
    "SHcoefL1": 0.4073853365745809,
    "sec_front": 1.0120325332217746,
    "sec_left": 1.0556322648790148,
    "sec_back": 1.030305712223053,
    "sec_right": 1.1330963863266839,
    "sec_upper": 0.9012868613666958,
    "sec_lower": 0.4448642857869466
  },
  "shuffle": {
    "MAE": 1.118666214413113,
    "MAE_plain": 0.9208730716175503,
    "RMSE": 1.6793590737325295,
    "AbsRel": 0.7519155530134837,
    "delta1": 0.36096031890975105,
    "SILog": 0.7283461777369181,
    "MAE_ffx": 1.073135060734219,
    "mirror_better_rate": 0.4922222222222222,
    "mae_gain_if_mirrored": 0.05187304867638482,
    "MAE_low": 1.081386559539371,
    "SHcoefL1": 0.40825579726447664,
    "sec_front": 1.122795032925076,
    "sec_left": 1.1104729758368599,
    "sec_back": 1.080083745320638,
    "sec_right": 1.1613130617141723,
    "sec_upper": 0.9394078159332275,
    "sec_lower": 0.47102507021692064
  },
  "swap": {
    "MAE": 1.1086442057291668,
    "MAE_plain": 0.9092108167542352,
    "RMSE": 1.6579239606703122,
    "AbsRel": 0.7676197887791527,
    "delta1": 0.3705467338032193,
    "SILog": 0.7194643166330126,
    "MAE_ffx": 1.06389969613817,
    "mirror_better_rate": 0.695,
    "mae_gain_if_mirrored": 0.12242208792103662,
    "MAE_low": 1.0712683783637154,
    "SHcoefL1": 0.40071127486932606,
    "sec_front": 1.0411099060376485,
    "sec_left": 1.1805642382303874,
    "sec_back": 1.0460194595654806,
    "sec_right": 1.166883152325948,
    "sec_upper": 0.9100164789623685,
    "sec_lower": 0.46911584854125976
  }
}