{
  "test": {
    "MAE": 1.0294909505049388,
    "MAE_plain": 0.8610609398947822,
    "RMSE": 1.5292700190385977,
    "AbsRel": 0.7005498716566297,
    "delta1": 0.37115599519676634,
    "SILog": 0.6329950255817837,
    "MAE_ffx": 0.9841161583529578,
    "mirror_better_rate": 0.5008333333333334,
    "mae_gain_if_mirrored": 0.0007100091750423113,
    "MAE_low": 0.9916712092028723,
    "SHcoefL1": 0.37468199633268845,
    "sec_front": 1.0310154316160414,
    "sec_left": 1.0287989388571845,
    "sec_back": 1.0315446441703373,
    "sec_right": 1.0266047962506613,
    "sec_upper": 0.9083087009191513,
    "sec_lower": 0.4389577825864156
  }
}