{
  "test": {
    "MAE": 0.8930487640698751,
    "MAE_plain": 0.7496952625115713,
    "RMSE": 1.43332240796749,
    "AbsRel": 0.5282739945252737,
    "delta1": 0.45036972880363463,
    "SILog": 0.5806741082668304,
    "MAE_ffx": 0.85140904823939,
    "mirror_better_rate": 0.27055556366841,
    "mae_gain_if_mirrored": 0.014083765158429741,
    "MAE_low": 0.8555631693204244,
    "SHcoefL1": 0.35093892347791955,
    "sec_front": 0.8988221311569213,
    "sec_left": 0.8762336071332296,
    "sec_back": 0.9195803658167521,
    "sec_right": 0.8775589338938395,
    "sec_upper": 0.7910798494021097,
    "sec_lower": 0.3885759981473287
  },
  "mono": {
    "MAE": 1.7927578576405843,
    "MAE_plain": 1.592384983698527,
    "RMSE": 2.3141405772353516,
    "AbsRel": 1.5807987284660339,
    "delta1": 0.2779719924926758,
    "SILog": 0.834759369691213,
    "MAE_ffx": 1.7608564249674479,
    "mirror_better_rate": 0.5091666853427887,
    "mae_gain_if_mirrored": 0.062376262098550794,
    "MAE_low": 1.7570998684565227,
    "SHcoefL1": 0.5542937493407064,
    "sec_front": 1.9686318270365397,
    "sec_left": 1.9783154678344728,
    "sec_back": 1.5329647636413575,
    "sec_right": 1.691119327545166,
    "sec_upper": 2.3072242561976113,
    "sec_lower": 0.5022911922136942
  },
  "shuffle": {
    "MAE": 1.1428856507937113,
    "MAE_plain": 0.9362719563643137,
    "RMSE": 1.7081351353736878,
    "AbsRel": 0.758710518280665,
    "delta1": 0.3541557637850444,
    "SILog": 0.7420338408152263,
    "MAE_ffx": 1.0983406082789102,
    "mirror_better_rate": 0.48777779380480446,
    "mae_gain_if_mirrored": 0.05153496843452255,
    "MAE_low": 1.1069924887021383,
    "SHcoefL1": 0.41177862083332406,
    "sec_front": 1.1442862812678019,
    "sec_left": 1.1356469678878784,
    "sec_back": 1.1270012203852335,
    "sec_right": 1.1646081097920735,
    "sec_upper": 0.9517522132396699,
    "sec_lower": 0.48417364080746966
  },
  "swap": {
    "MAE": 1.0780899866422018,
    "MAE_plain": 0.8820367062091827,
    "RMSE": 1.6465300051268352,
    "AbsRel": 0.6958739284674327,
    "delta1": 0.3872271410624186,
    "SILog": 0.7048633197943369,
    "MAE_ffx": 1.0343548997243246,
    "mirror_better_rate": 0.7250000182787577,
    "mae_gain_if_mirrored": 0.14875047281384468,
    "MAE_low": 1.042192621231079,
    "SHcoefL1": 0.3899259618980189,
    "sec_front": 0.9749785383542379,
    "sec_left": 1.162068886756897,
    "sec_back": 0.9947432049115499,
    "sec_right": 1.1805693062146505,
    "sec_upper": 0.8842131352424621,
    "sec_lower": 0.45635265310605366
  }
}