{
  "mean_of_K": 0.8173532226350573,
  "best_of_K": 0.8173532226350573,
  "best_of_K_ctrl": 0.8635210606786939,
  "oracle_gain": 0.0,
  "oracle_gain_ctrl": -0.04616783804363674,
  "real_multimodal_gain": 0.04616783804363674,
  "per_head_mae": [
    0.8173532226350573
  ],
  "diversity": NaN,
  "uncert_corr": 0.6440728779226518,
  "baseline_det": 0.78,
  "vs_baseline_meanK": 0.03735322263505725,
  "vs_baseline_bestK": 0.03735322263505725,
  "calib_bins": [
    0.22883549844650924,
    0.6391669143496881,
    1.0680757660069398,
    1.2983202567663172,
    1.5301950528961399,
    1.7425733682591116,
    1.9048747021508767,
    2.0557276639529003,
    2.145328065114793,
    2.229069157629778
  ]
}