{
  "test": {
    "MAE": 0.9797319753964742,
    "MAE_plain": 0.820965709288915,
    "RMSE": 1.5037801787644505,
    "AbsRel": 0.6556602092583974,
    "delta1": 0.4098772589365641,
    "SILog": 0.6276317270596822,
    "MAE_ffx": 0.9376796960830689,
    "mirror_better_rate": 0.30833334267139434,
    "mae_gain_if_mirrored": 0.02023254504427314,
    "MAE_low": 0.9409494233131409,
    "SHcoefL1": 0.3809245144079129,
    "sec_front": 0.973451513449351,
    "sec_left": 0.9941137623786926,
    "sec_back": 1.0291124844551087,
    "sec_right": 0.922250148455302,
    "sec_upper": 0.865107505718867,
    "sec_lower": 0.42548195044199627
  },
  "mono": {
    "MAE": 1.1538432971636454,
    "MAE_plain": 0.9446575649579366,
    "RMSE": 1.7058786243147368,
    "AbsRel": 0.9180908131599427,
    "delta1": 0.3826549748579661,
    "SILog": 0.6881737967332204,
    "MAE_ffx": 1.1169716922442119,
    "mirror_better_rate": 0.47444446007410684,
    "mae_gain_if_mirrored": 0.04025155602643887,
    "MAE_low": 1.1153915588061014,
    "SHcoefL1": 0.44727853796962236,
    "sec_front": 1.0470600255330405,
    "sec_left": 1.1114824732144675,
    "sec_back": 1.0709543132781982,
    "sec_right": 1.3858763480186462,
    "sec_upper": 0.9313665135701498,
    "sec_lower": 0.46600727359453836
  },
  "shuffle": {
    "MAE": 1.1293405707677204,
    "MAE_plain": 0.9310606849193573,
    "RMSE": 1.6742611975374304,
    "AbsRel": 0.7918479259808858,
    "delta1": 0.35989060084025065,
    "SILog": 0.7164581040541331,
    "MAE_ffx": 1.0863258242607117,
    "mirror_better_rate": 0.4811111251513163,
    "mae_gain_if_mirrored": 0.04877200233439605,
    "MAE_low": 1.091391743818919,
    "SHcoefL1": 0.415664487319688,
    "sec_front": 1.1259871776898702,
    "sec_left": 1.0901447868347167,
    "sec_back": 1.114815928141276,
    "sec_right": 1.1864143951733908,
    "sec_upper": 0.9518132748206457,
    "sec_lower": 0.4750681046644847
  },
  "swap": {
    "MAE": 1.1072426263491313,
    "MAE_plain": 0.9114790578683217,
    "RMSE": 1.6478163316576853,
    "AbsRel": 0.7833991845448812,
    "delta1": 0.3692214024066925,
    "SILog": 0.6992802345752716,
    "MAE_ffx": 1.064902158578237,
    "mirror_better_rate": 0.6550000174840291,
    "mae_gain_if_mirrored": 0.09232338882982731,
    "MAE_low": 1.069530831972758,
    "SHcoefL1": 0.409272948342065,
    "sec_front": 1.0446810094515482,
    "sec_left": 1.1161664851506552,
    "sec_back": 1.0759005459149678,
    "sec_right": 1.1922224346796673,
    "sec_upper": 0.9227194686730703,
    "sec_lower": 0.46577633897463483
  }
}