{
  "test": {
    "MAE": 0.9096076636844211,
    "MAE_plain": 0.764749755859375,
    "RMSE": 1.429094955966569,
    "AbsRel": 0.550758436984486,
    "delta1": 0.4467040713628133,
    "SILog": 0.574698519706726,
    "MAE_ffx": 0.8679231471485562,
    "mirror_better_rate": 0.25083333333333335,
    "mae_gain_if_mirrored": 0.01454743633667628,
    "MAE_low": 0.8715419636832343,
    "SHcoefL1": 0.3562266383237309,
    "sec_front": 0.9231072081459893,
    "sec_left": 0.8824495808283488,
    "sec_back": 0.9503535253471799,
    "sec_right": 0.8825203274355994,
    "sec_upper": 0.8149613064527511,
    "sec_lower": 0.3881289233101739
  },
  "mono": {
    "MAE": 1.2384915198220148,
    "MAE_plain": 1.0609318319956462,
    "RMSE": 1.7133357237700526,
    "AbsRel": 1.010024422009786,
    "delta1": 0.3354452223910226,
    "SILog": 0.657830468946033,
    "MAE_ffx": 1.2023937114079792,
    "mirror_better_rate": 0.5038888888888889,
    "mae_gain_if_mirrored": 0.007775319549772474,
    "MAE_low": 1.2011815722783405,
    "SHcoefL1": 0.4200591232917375,
    "sec_front": 1.225169899198744,
    "sec_left": 1.2865687659051683,
    "sec_back": 1.118520060910119,
    "sec_right": 1.323707361486223,
    "sec_upper": 1.1674208642376793,
    "sec_lower": 0.5640410550435384
  },
  "shuffle": {
    "MAE": 1.1438573161760965,
    "MAE_plain": 0.937979105843438,
    "RMSE": 1.6902556516044531,
    "AbsRel": 0.7772037490208944,
    "delta1": 0.35814794699350994,
    "SILog": 0.7314080721802182,
    "MAE_ffx": 1.1001353282398647,
    "mirror_better_rate": 0.4961111111111111,
    "mae_gain_if_mirrored": 0.05632932980855306,
    "MAE_low": 1.10684012360043,
    "SHcoefL1": 0.41073831368444697,
    "sec_front": 1.1362179832988315,
    "sec_left": 1.1540662315156724,
    "sec_back": 1.1239119463496738,
    "sec_right": 1.1612330921490988,
    "sec_upper": 0.9522774951987797,
    "sec_lower": 0.48655221316549513
  },
  "swap": {
    "MAE": 1.1114944537480673,
    "MAE_plain": 0.908550529215071,
    "RMSE": 1.6600251631193759,
    "AbsRel": 0.7339629262023502,
    "delta1": 0.3761169932285945,
    "SILog": 0.7099319868617587,
    "MAE_ffx": 1.0679471204015945,
    "mirror_better_rate": 0.7455555555555555,
    "mae_gain_if_mirrored": 0.1573127205338743,
    "MAE_low": 1.0749462687969207,
    "SHcoefL1": 0.39675041912537484,
    "sec_front": 1.0119536141554515,
    "sec_left": 1.1947904152340358,
    "sec_back": 1.0340296999613443,
    "sec_right": 1.2052040984895493,
    "sec_upper": 0.9065834422906239,
    "sec_lower": 0.466408165163464,
    "swap_mirror_consistency": 0.1796652963667933
  }
}