{
  "test": {
    "MAE": 0.9285435819625855,
    "MAE_plain": 0.7756729420026144,
    "RMSE": 1.4404606881624054,
    "AbsRel": 0.5717807137966155,
    "delta1": 0.4221938435236613,
    "SILog": 0.5946179207166036,
    "MAE_ffx": 0.8871673083305359,
    "mirror_better_rate": 0.3388888998826345,
    "mae_gain_if_mirrored": 0.015372877490396302,
    "MAE_low": 0.8900667325655619,
    "SHcoefL1": 0.35393877343585095,
    "sec_front": 0.9318466591835022,
    "sec_left": 0.9164515773455302,
    "sec_back": 0.937323989868164,
    "sec_right": 0.9285520927111308,
    "sec_upper": 0.8063871312141419,
    "sec_lower": 0.4037330577770869
  },
  "mono": {
    "MAE": 1.638283314704895,
    "MAE_plain": 1.3925015290578207,
    "RMSE": 2.2652751843469834,
    "AbsRel": 1.4052506200472514,
    "delta1": 0.2939831789334615,
    "SILog": 0.7879846827189128,
    "MAE_ffx": 1.6046264425913492,
    "mirror_better_rate": 0.501111124753952,
    "mae_gain_if_mirrored": 0.07898147836327553,
    "MAE_low": 1.6040154711405437,
    "SHcoefL1": 0.5529117460590269,
    "sec_front": 1.9009998925526936,
    "sec_left": 2.134651288986206,
    "sec_back": 1.1584235795338949,
    "sec_right": 1.3590585136413573,
    "sec_upper": 1.7411601336797078,
    "sec_lower": 0.46356057286262514
  },
  "shuffle": {
    "MAE": 1.1321048204104105,
    "MAE_plain": 0.9287499606609344,
    "RMSE": 1.6759052495072853,
    "AbsRel": 0.7684803593158722,
    "delta1": 0.3557121523221334,
    "SILog": 0.7368597761789958,
    "MAE_ffx": 1.0882371346155801,
    "mirror_better_rate": 0.4827777930100759,
    "mae_gain_if_mirrored": 0.03557822053631147,
    "MAE_low": 1.0951256235440572,
    "SHcoefL1": 0.4019012156729069,
    "sec_front": 1.1526435820261638,
    "sec_left": 1.1331447124481202,
    "sec_back": 1.1228171038627623,
    "sec_right": 1.1198138403892517,
    "sec_upper": 0.9424474839369456,
    "sec_lower": 0.4815113135178884
  },
  "swap": {
    "MAE": 1.0447589166959126,
    "MAE_plain": 0.8586390288670858,
    "RMSE": 1.5786514626142016,
    "AbsRel": 0.6965702982743581,
    "delta1": 0.38706098914146425,
    "SILog": 0.6816479814052582,
    "MAE_ffx": 1.0020995052655537,
    "mirror_better_rate": 0.6666666865348816,
    "mae_gain_if_mirrored": 0.09793145870169004,
    "MAE_low": 1.0075324908892314,
    "SHcoefL1": 0.37568254178596866,
    "sec_front": 0.9789809989929199,
    "sec_left": 1.1018618655204773,
    "sec_back": 0.9898922872543335,
    "sec_right": 1.1083005102475485,
    "sec_upper": 0.8671414212385813,
    "sec_lower": 0.44848703424135844
  }
}