{
  "test": {
    "MAE": 0.948169941107432,
    "MAE_plain": 0.8004045609633128,
    "RMSE": 1.4751205079413323,
    "AbsRel": 0.5445465888579687,
    "delta1": 0.4033771948019664,
    "SILog": 0.5982876827319463,
    "MAE_ffx": 0.9035268235206604,
    "mirror_better_rate": 0.285833341901501,
    "mae_gain_if_mirrored": 0.01983173253693773,
    "MAE_low": 0.9110095552603403,
    "SHcoefL1": 0.36331494865939024,
    "sec_front": 0.9631553169091542,
    "sec_left": 0.9210811793804169,
    "sec_back": 0.9817268359661102,
    "sec_right": 0.9267164174715677,
    "sec_upper": 0.8580179583032926,
    "sec_lower": 0.4052486856778463
  },
  "mono": {
    "MAE": 1.4939213387171428,
    "MAE_plain": 1.2436580296357473,
    "RMSE": 2.059336543455799,
    "AbsRel": 1.0825582949320476,
    "delta1": 0.25537402908007306,
    "SILog": 1.2080074767271678,
    "MAE_ffx": 1.458264081478119,
    "mirror_better_rate": 0.501666679183642,
    "mae_gain_if_mirrored": 0.009138761844175558,
    "MAE_low": 1.459682031472524,
    "SHcoefL1": 0.5131057323680983,
    "sec_front": 1.6503293148676554,
    "sec_left": 1.5819273138046264,
    "sec_back": 1.1809707419077555,
    "sec_right": 1.5624579842885336,
    "sec_upper": 1.2112679123878478,
    "sec_lower": 0.7398000343640645
  },
  "left": {
    "MAE": 1.567179288069407,
    "MAE_plain": 1.3108286039034525,
    "RMSE": 2.1360028630353263,
    "AbsRel": 1.1155619039138158,
    "delta1": 0.2335881225268046,
    "SILog": 1.3045390542348225,
    "MAE_ffx": 1.5312473185857136,
    "mirror_better_rate": 0.4916666781902313,
    "mae_gain_if_mirrored": 0.008017669059336185,
    "MAE_low": 1.533586355050405,
    "SHcoefL1": 0.5288012265041471,
    "sec_front": 1.7895585640271505,
    "sec_left": 1.6222065385182698,
    "sec_back": 1.207960195541382,
    "sec_right": 1.648991821606954,
    "sec_upper": 1.2695824344952902,
    "sec_lower": 0.8175503222147623
  },
  "right": {
    "MAE": 1.5620738927523294,
    "MAE_plain": 1.3062943530082702,
    "RMSE": 2.1330929764413584,
    "AbsRel": 1.1143857594331106,
    "delta1": 0.23586955775817237,
    "SILog": 1.3001503256956737,
    "MAE_ffx": 1.5252342740694682,
    "mirror_better_rate": 0.4944444582859675,
    "mae_gain_if_mirrored": 0.00762691913638264,
    "MAE_low": 1.5282722409566243,
    "SHcoefL1": 0.5271770731856426,
    "sec_front": 1.7819375888506572,
    "sec_left": 1.593522830804189,
    "sec_back": 1.2131729396184285,
    "sec_right": 1.6596621966362,
    "sec_upper": 1.2643109039465585,
    "sec_lower": 0.8157317624489466
  },
  "shuffle": {
    "MAE": 1.1234705392519633,
    "MAE_plain": 0.9299443548917771,
    "RMSE": 1.673576170010939,
    "AbsRel": 0.731170289516449,
    "delta1": 0.3495520979166031,
    "SILog": 0.7329681464036306,
    "MAE_ffx": 1.077441065311432,
    "mirror_better_rate": 0.4941666787862778,
    "mae_gain_if_mirrored": 0.05544817886004845,
    "MAE_low": 1.0872018539905548,
    "SHcoefL1": 0.40103978377249505,
    "sec_front": 1.1063781118392944,
    "sec_left": 1.1265190807978311,
    "sec_back": 1.1026867890357972,
    "sec_right": 1.1582981526851654,
    "sec_upper": 0.962147544225057,
    "sec_lower": 0.4786651769280434
  },
  "swap": {
    "MAE": 1.119918702840805,
    "MAE_plain": 0.9241200158993403,
    "RMSE": 1.6659209869146674,
    "AbsRel": 0.7164392946163813,
    "delta1": 0.34952433039744696,
    "SILog": 0.7196087112029393,
    "MAE_ffx": 1.0741988146305084,
    "mirror_better_rate": 0.7044444644451141,
    "mae_gain_if_mirrored": 0.12467801085362831,
    "MAE_low": 1.0844417333602905,
    "SHcoefL1": 0.3955178860554265,
    "sec_front": 1.0407955392201742,
    "sec_left": 1.1739098676045736,
    "sec_back": 1.0695723191897075,
    "sec_right": 1.195397098461787,
    "sec_upper": 0.9455026890834173,
    "sec_lower": 0.47564727981885274,
    "swap_mirror_consistency": 0.3210343168421857
  }
}