{
  "test": {
    "MAE": 0.9048916538556416,
    "MAE_plain": 0.7567029123836093,
    "RMSE": 1.4190686770069938,
    "AbsRel": 0.5911924849616157,
    "delta1": 0.4522196994887458,
    "SILog": 0.5882255736986796,
    "MAE_ffx": 0.8640022044711643,
    "mirror_better_rate": 0.27444444444444444,
    "mae_gain_if_mirrored": 0.015349475724829567,
    "MAE_low": 0.8657132866647509,
    "SHcoefL1": 0.34972128798978197,
    "sec_front": 0.9090545513894823,
    "sec_left": 0.8917029303974575,
    "sec_back": 0.931187445057763,
    "sec_right": 0.887621710035536,
    "sec_upper": 0.7854967302746243,
    "sec_lower": 0.3943723101086087
  },
  "mono": {
    "MAE": 0.9816535602675543,
    "MAE_plain": 0.8141082739830017,
    "RMSE": 1.4981206963371476,
    "AbsRel": 0.6831843543052674,
    "delta1": 0.4208404141002231,
    "SILog": 0.6326241448190477,
    "MAE_ffx": 0.9408856172031826,
    "mirror_better_rate": 0.4866666666666667,
    "mae_gain_if_mirrored": 0.0230086953441302,
    "MAE_low": 0.9430192089080811,
    "SHcoefL1": 0.37090451147407294,
    "sec_front": 0.9536934320131938,
    "sec_left": 1.0023230200343662,
    "sec_back": 0.9604942708545261,
    "sec_right": 1.0101035602887471,
    "sec_upper": 0.8300948479440478,
    "sec_lower": 0.4203888894451989
  },
  "shuffle": {
    "MAE": 1.1310270807478162,
    "MAE_plain": 0.9244520086712308,
    "RMSE": 1.6780843076640313,
    "AbsRel": 0.8059495329856873,
    "delta1": 0.36967476884524025,
    "SILog": 0.7366695393456353,
    "MAE_ffx": 1.0875949006610446,
    "mirror_better_rate": 0.4930555555555556,
    "mae_gain_if_mirrored": 0.05023522976371977,
    "MAE_low": 1.0934616443845961,
    "SHcoefL1": 0.40471418737951254,
    "sec_front": 1.1330530876583522,
    "sec_left": 1.14094923125373,
    "sec_back": 1.1133579036924575,
    "sec_right": 1.13674812051985,
    "sec_upper": 0.9263930821418762,
    "sec_lower": 0.479639634291331
  },
  "swap": {
    "MAE": 1.0779206493165758,
    "MAE_plain": 0.8790610472361247,
    "RMSE": 1.616390455734415,
    "AbsRel": 0.760262703233295,
    "delta1": 0.3948061707284715,
    "SILog": 0.7056327655580309,
    "MAE_ffx": 1.0354754347271389,
    "mirror_better_rate": 0.72,
    "mae_gain_if_mirrored": 0.13639625920189752,
    "MAE_low": 1.0402484718958538,
    "SHcoefL1": 0.38466536327575646,
    "sec_front": 0.9908080678515964,
    "sec_left": 1.1704236353768243,
    "sec_back": 1.0021116521623399,
    "sec_right": 1.1483392524719238,
    "sec_upper": 0.8656354684299893,
    "sec_lower": 0.4589510726928711
  }
}