{
  "test": {
    "MAE": 0.8891788786649704,
    "MAE_plain": 0.7463787815968196,
    "RMSE": 1.4101199956312755,
    "AbsRel": 0.5264867846171061,
    "delta1": 0.4530918550491333,
    "delta2": 0.6747896534204483,
    "delta3": 0.8034481612841288,
    "SILog": 0.5669178859392802,
    "MAE_ffx": 0.8479571837186813,
    "mirror_better_rate": 0.2613888971755902,
    "mae_gain_if_mirrored": 0.015299765423017864,
    "MAE_low": 0.8505493827660878,
    "SHcoefL1": 0.3481321134211289,
    "sec_front": 0.8917488141854604,
    "sec_left": 0.8685667244593303,
    "sec_back": 0.9219871042172114,
    "sec_right": 0.8744128930568695,
    "sec_upper": 0.7913644068439801,
    "sec_lower": 0.3815700991948446
  }
}