{
  "test": {
    "MAE": 0.929295623699824,
    "MAE_plain": 0.7821298619111379,
    "RMSE": 1.4532152840916197,
    "AbsRel": 0.5631496783097585,
    "delta1": 0.4374530800183614,
    "SILog": 0.5932845964034399,
    "MAE_ffx": 0.8887866938114166,
    "mirror_better_rate": 0.2527777849386136,
    "mae_gain_if_mirrored": 0.016985335287851438,
    "MAE_low": 0.8913049650192261,
    "SHcoefL1": 0.3585032206401229,
    "sec_front": 0.9336863807837168,
    "sec_left": 0.9095565835634868,
    "sec_back": 0.9756589090824127,
    "sec_right": 0.8982805893818537,
    "sec_upper": 0.8321109500527382,
    "sec_lower": 0.39547738174597424
  },
  "mono": {
    "MAE": 1.2352171941598256,
    "MAE_plain": 1.0491609048843384,
    "RMSE": 1.7524943903989878,
    "AbsRel": 0.9816787538925806,
    "delta1": 0.34017186482747397,
    "SILog": 0.679853401184082,
    "MAE_ffx": 1.1976556126276652,
    "mirror_better_rate": 0.49777779102325437,
    "mae_gain_if_mirrored": 0.008124933587387204,
    "MAE_low": 1.199861964782079,
    "SHcoefL1": 0.4421819013357162,
    "sec_front": 1.1404479932785034,
    "sec_left": 1.3515172024567923,
    "sec_back": 1.0891241800785065,
    "sec_right": 1.359779377778371,
    "sec_upper": 1.037081776658694,
    "sec_lower": 0.5850152925650278
  },
  "left": {
    "MAE": 1.2430269904931386,
    "MAE_plain": 1.0638134821256002,
    "RMSE": 1.7450414759835808,
    "AbsRel": 0.9905785530805588,
    "delta1": 0.3355879740913709,
    "SILog": 0.6858024597167969,
    "MAE_ffx": 1.2041689701875051,
    "mirror_better_rate": 0.49166667997837066,
    "mae_gain_if_mirrored": 0.007566296550600479,
    "MAE_low": 1.206877160469691,
    "SHcoefL1": 0.43772382876111404,
    "sec_front": 1.1692007092634837,
    "sec_left": 1.3497961525122324,
    "sec_back": 1.1004651713371276,
    "sec_right": 1.3526459137598674,
    "sec_upper": 1.0574848433335622,
    "sec_lower": 0.6075253266096116
  },
  "right": {
    "MAE": 1.26003364721934,
    "MAE_plain": 1.0762304639816285,
    "RMSE": 1.7749891691378823,
    "AbsRel": 1.0111257795492807,
    "delta1": 0.3321693614125252,
    "SILog": 0.6882799460490545,
    "MAE_ffx": 1.2215859222412109,
    "mirror_better_rate": 0.5200000125169754,
    "mae_gain_if_mirrored": 0.007936942628584803,
    "MAE_low": 1.224331137339274,
    "SHcoefL1": 0.44302931354277664,
    "sec_front": 1.1707480911413828,
    "sec_left": 1.354774284362793,
    "sec_back": 1.1157326058546702,
    "sec_right": 1.3988796150684357,
    "sec_upper": 1.0695724308490753,
    "sec_lower": 0.6065810149908066
  },
  "shuffle": {
    "MAE": 1.161091293891271,
    "MAE_plain": 0.95411878546079,
    "RMSE": 1.7162681847649948,
    "AbsRel": 0.8042712364594141,
    "delta1": 0.3558974380294482,
    "SILog": 0.755244100689888,
    "MAE_ffx": 1.1183842710653942,
    "mirror_better_rate": 0.48472223778565726,
    "mae_gain_if_mirrored": 0.0612393090253075,
    "MAE_low": 1.1243838310241698,
    "SHcoefL1": 0.4122598986389736,
    "sec_front": 1.1511198949813843,
    "sec_left": 1.169567839304606,
    "sec_back": 1.1373790077368418,
    "sec_right": 1.1862984271844228,
    "sec_upper": 0.9720027229189873,
    "sec_lower": 0.49258476664622625
  },
  "swap": {
    "MAE": 1.1413421400388082,
    "MAE_plain": 0.934908873240153,
    "RMSE": 1.687098680031726,
    "AbsRel": 0.778654994169871,
    "delta1": 0.3644997842113177,
    "SILog": 0.7330878720680872,
    "MAE_ffx": 1.098698213895162,
    "mirror_better_rate": 0.7252777965863546,
    "mae_gain_if_mirrored": 0.14682057540863752,
    "MAE_low": 1.104489996433258,
    "SHcoefL1": 0.40079837183985445,
    "sec_front": 1.0514060389995574,
    "sec_left": 1.2272295872370402,
    "sec_back": 1.0611797444025675,
    "sec_right": 1.225553230047226,
    "sec_upper": 0.9403203174471855,
    "sec_lower": 0.4776631498336792,
    "swap_mirror_consistency": 0.4139584815612552
  }
}