{
  "test": {
    "MAE": 0.8830415509144465,
    "MAE_plain": 0.7424438786506653,
    "RMSE": 1.4020165209875965,
    "AbsRel": 0.5417072236537933,
    "delta1": 0.46345584094524384,
    "SILog": 0.5682575156291326,
    "MAE_ffx": 0.842300880352656,
    "mirror_better_rate": 0.24916667364537715,
    "mae_gain_if_mirrored": 0.012319600603853663,
    "MAE_low": 0.844801989197731,
    "SHcoefL1": 0.34606393937849333,
    "sec_front": 0.8860175530115764,
    "sec_left": 0.8691829417149226,
    "sec_back": 0.9171038818359375,
    "sec_right": 0.8598618127902349,
    "sec_upper": 0.7887993096311887,
    "sec_lower": 0.3788627144694328
  }
}