{
  "test": {
    "MAE": 0.8871592338879903,
    "MAE_plain": 0.7443564971288045,
    "RMSE": 1.4026465862604214,
    "AbsRel": 0.5410515751441319,
    "delta1": 0.4592715067664782,
    "delta2": 0.6765878383318583,
    "delta3": 0.8036452432473501,
    "SILog": 0.5682302769025167,
    "MAE_ffx": 0.8451310457785924,
    "mirror_better_rate": 0.25000000742574535,
    "mae_gain_if_mirrored": 0.014091595610176835,
    "MAE_low": 0.8484614102045694,
    "SHcoefL1": 0.3454900740273297,
    "sec_front": 0.8862567629416783,
    "sec_left": 0.8739656460285187,
    "sec_back": 0.9254430822531382,
    "sec_right": 0.8629714167118072,
    "sec_upper": 0.7873993852734565,
    "sec_lower": 0.3831042363246282
  }
}