{
  "test": {
    "MAE": 1.029929727713267,
    "MAE_plain": 0.8610090300771925,
    "RMSE": 1.5423658187905689,
    "AbsRel": 0.6993537208769056,
    "delta1": 0.37396620048416984,
    "SILog": 0.6494238203101688,
    "MAE_ffx": 0.9840581681993272,
    "mirror_better_rate": 0.4802777777777778,
    "mae_gain_if_mirrored": 0.0009500284244616826,
    "MAE_low": 0.991688437461853,
    "SHcoefL1": 0.37569753301847314,
    "sec_front": 1.0321133094363741,
    "sec_left": 1.026843990749783,
    "sec_back": 1.0326732156011793,
    "sec_right": 1.0280883683098687,
    "sec_upper": 0.9084127767880757,
    "sec_lower": 0.4384844884607527
  },
  "mono": {
    "MAE": 1.038074680434333,
    "MAE_plain": 0.8726211685604519,
    "RMSE": 1.5559670609208007,
    "AbsRel": 0.6951618731021881,
    "delta1": 0.3692983216709561,
    "SILog": 0.6549202043480343,
    "MAE_ffx": 0.9913817797766792,
    "mirror_better_rate": 0.5036111111111111,
    "mae_gain_if_mirrored": 0.0010218228068616655,
    "MAE_low": 1.0000371093220182,
    "SHcoefL1": 0.3783506949225234,
    "sec_front": 1.0407630830340915,
    "sec_left": 1.0333063048786588,
    "sec_back": 1.0413325866063436,
    "sec_right": 1.0368967077467177,
    "sec_upper": 0.9366402586301168,
    "sec_lower": 0.438994074927436
  },
  "shuffle": {
    "MAE": 1.0667521667480468,
    "MAE_plain": 0.8920636590321859,
    "RMSE": 1.5871130824217443,
    "AbsRel": 0.7354295310709211,
    "delta1": 0.36325427545441524,
    "SILog": 0.6717767728699578,
    "MAE_ffx": 1.0209013276629977,
    "mirror_better_rate": 0.4936111111111111,
    "mae_gain_if_mirrored": 0.0010080418156252968,
    "MAE_low": 1.0286032666100395,
    "SHcoefL1": 0.38124334171000457,
    "sec_front": 1.0670071376694574,
    "sec_left": 1.0642811923556859,
    "sec_back": 1.0646759210692511,
    "sec_right": 1.071044347551134,
    "sec_upper": 0.9506856067975362,
    "sec_lower": 0.44729101075066463
  },
  "swap": {
    "MAE": 1.0300186120139228,
    "MAE_plain": 0.861141701274448,
    "RMSE": 1.5410955881750221,
    "AbsRel": 0.7025616195466783,
    "delta1": 0.37439171764585705,
    "SILog": 0.6494668940703074,
    "MAE_ffx": 0.984187843799591,
    "mirror_better_rate": 0.5286111111111111,
    "mae_gain_if_mirrored": 0.001155428969197803,
    "MAE_low": 0.9916899164517721,
    "SHcoefL1": 0.3754239097548028,
    "sec_front": 1.030808867878384,
    "sec_left": 1.0259843802452087,
    "sec_back": 1.032753946516249,
    "sec_right": 1.030527166525523,
    "sec_upper": 0.9081139474444919,
    "sec_lower": 0.43864848878648544
  }
}