{
  "test": {
    "MAE": 0.8939252622922261,
    "MAE_plain": 0.7512618267536163,
    "RMSE": 1.4320690676590127,
    "AbsRel": 0.5369943495591482,
    "delta1": 0.4566937518119812,
    "SILog": 0.5835201179981232,
    "MAE_ffx": 0.8512894586722056,
    "mirror_better_rate": 0.2619444505373637,
    "mae_gain_if_mirrored": 0.014031460030625264,
    "MAE_low": 0.8563846536477406,
    "SHcoefL1": 0.3524659638913969,
    "sec_front": 0.898894670009613,
    "sec_left": 0.8745850118001303,
    "sec_back": 0.9326922567685445,
    "sec_right": 0.8695290799935659,
    "sec_upper": 0.7886937191088994,
    "sec_lower": 0.38938639024893446
  }
}