{
  "test": {
    "MAE": 0.8949051491419474,
    "MAE_plain": 0.7518226794401804,
    "RMSE": 1.41792446866506,
    "AbsRel": 0.5810116279125214,
    "delta1": 0.4562670656045278,
    "SILog": 0.5802054142951966,
    "MAE_ffx": 0.8531329997380575,
    "mirror_better_rate": 0.2880555627743403,
    "mae_gain_if_mirrored": 0.014962107983107369,
    "MAE_low": 0.8565540949503581,
    "SHcoefL1": 0.3500027124997642,
    "sec_front": 0.8979646468162537,
    "sec_left": 0.8827670900026957,
    "sec_back": 0.9196037705739339,
    "sec_right": 0.8792850645383199,
    "sec_upper": 0.792622328599294,
    "sec_lower": 0.39277913252512614
  },
  "mono": {
    "MAE": 1.7859928194681804,
    "MAE_plain": 1.529836343129476,
    "RMSE": 2.6384609510123447,
    "AbsRel": 1.471627155939738,
    "delta1": 0.3129382067918777,
    "SILog": 0.8130344557762146,
    "MAE_ffx": 1.7634334405263266,
    "mirror_better_rate": 0.4997222359975179,
    "mae_gain_if_mirrored": 0.02158166639506817,
    "MAE_low": 1.7575750478108725,
    "SHcoefL1": 0.6943989309916894,
    "sec_front": 1.501010185877482,
    "sec_left": 2.502813131014506,
    "sec_back": 1.1102536074320475,
    "sec_right": 2.029894372622172,
    "sec_upper": 1.798400599161784,
    "sec_lower": 0.4559378198782603
  },
  "shuffle": {
    "MAE": 1.131882251103719,
    "MAE_plain": 0.9279622991879781,
    "RMSE": 1.6792881238469732,
    "AbsRel": 0.7889905734856923,
    "delta1": 0.3655970299243927,
    "SILog": 0.7263157284259796,
    "MAE_ffx": 1.087734392484029,
    "mirror_better_rate": 0.4977777926127116,
    "mae_gain_if_mirrored": 0.049385430638988814,
    "MAE_low": 1.0949667930603026,
    "SHcoefL1": 0.4077173620545202,
    "sec_front": 1.1412358729044596,
    "sec_left": 1.1333361593882243,
    "sec_back": 1.1104175861676533,
    "sec_right": 1.1425393517812092,
    "sec_upper": 0.935584127108256,
    "sec_lower": 0.4805238505204519
  },
  "swap": {
    "MAE": 1.0633739765485128,
    "MAE_plain": 0.8720610117912293,
    "RMSE": 1.6077580718091073,
    "AbsRel": 0.730894786119461,
    "delta1": 0.3960383907953898,
    "SILog": 0.6879098943869273,
    "MAE_ffx": 1.0198803273836772,
    "mirror_better_rate": 0.7197222479184469,
    "mae_gain_if_mirrored": 0.1318000005433957,
    "MAE_low": 1.0264786084493,
    "SHcoefL1": 0.38551553301099273,
    "sec_front": 0.9717749285697938,
    "sec_left": 1.146040884653727,
    "sec_back": 0.9849377838770549,
    "sec_right": 1.1507423218091328,
    "sec_upper": 0.8750753502051035,
    "sec_lower": 0.4530322730541229
  }
}