{
  "test": {
    "MAE": 0.8973338603973389,
    "MAE_plain": 0.7542510382334391,
    "RMSE": 1.4558294200967647,
    "AbsRel": 0.4821330095330874,
    "delta1": 0.452117444674174,
    "delta2": 0.6734770840406418,
    "delta3": 0.8007125393549601,
    "SILog": 0.5741912869612376,
    "MAE_ffx": 0.8525156378746033,
    "mirror_better_rate": 0.2477777850627899,
    "mae_gain_if_mirrored": 0.013482357066241093,
    "MAE_low": 0.8608739507198334,
    "SHcoefL1": 0.35596513874207936,
    "sec_front": 0.90963014960289,
    "sec_left": 0.8734737716118495,
    "sec_back": 0.9338731265068054,
    "sec_right": 0.87235837439696,
    "sec_upper": 0.797640701631705,
    "sec_lower": 0.3849756375948588
  }
}