{
  "test": {
    "MAE": 0.8896888810396194,
    "MAE_plain": 0.7493214184045791,
    "RMSE": 1.4035846938320153,
    "AbsRel": 0.5388098617394765,
    "delta1": 0.4505940002202988,
    "delta2": 0.6739707618951798,
    "delta3": 0.8027426795164744,
    "SILog": 0.5647304755449295,
    "MAE_ffx": 0.8474471827348073,
    "mirror_better_rate": 0.25694445254902043,
    "mae_gain_if_mirrored": 0.013475196318468078,
    "MAE_low": 0.8507701774438222,
    "SHcoefL1": 0.3458267849600977,
    "sec_front": 0.8930907360712688,
    "sec_left": 0.8724739148219427,
    "sec_back": 0.9236275446414948,
    "sec_right": 0.8695633208751679,
    "sec_upper": 0.7950470879673958,
    "sec_lower": 0.38725322554508845
  }
}