{
  "test": {
    "MAE": 0.9005388335386912,
    "MAE_plain": 0.7574283482631048,
    "RMSE": 1.4282708945456237,
    "AbsRel": 0.5291236418485642,
    "delta1": 0.4447359383106232,
    "SILog": 0.5713059463103612,
    "MAE_ffx": 0.8575508282581965,
    "mirror_better_rate": 0.23722222978870075,
    "mae_gain_if_mirrored": 0.011729906352314478,
    "MAE_low": 0.8625184188286463,
    "SHcoefL1": 0.352662304174155,
    "sec_front": 0.9149474970499675,
    "sec_left": 0.8732499557733536,
    "sec_back": 0.9402321034669876,
    "sec_right": 0.8737257468700409,
    "sec_upper": 0.8095415059725444,
    "sec_lower": 0.384892990787824
  }
}