{
  "test": {
    "MAE": 0.9299358229835828,
    "MAE_plain": 0.7831784222523371,
    "RMSE": 1.4448510083489905,
    "AbsRel": 0.5785210954149564,
    "delta1": 0.44387201269467674,
    "SILog": 0.5825031263629595,
    "MAE_ffx": 0.8886296619971593,
    "mirror_better_rate": 0.26083333979050316,
    "mae_gain_if_mirrored": 0.01644801279018187,
    "MAE_low": 0.8922613162795703,
    "SHcoefL1": 0.36085631738313373,
    "sec_front": 0.9454781919717788,
    "sec_left": 0.9064783372481664,
    "sec_back": 0.9677310023705165,
    "sec_right": 0.9000557639201482,
    "sec_upper": 0.8331235150496165,
    "sec_lower": 0.3971600504219532
  }
}