{
  "test": {
    "MAE": 0.9517376024193234,
    "MAE_plain": 0.7929505203829871,
    "RMSE": 1.4449588265700992,
    "AbsRel": 0.624368927942382,
    "delta1": 0.41222742875417073,
    "SILog": 0.5874711281723446,
    "MAE_ffx": 0.9091475448343489,
    "mirror_better_rate": 0.3186111111111111,
    "mae_gain_if_mirrored": 0.014108955624202887,
    "MAE_low": 0.9132342427306706,
    "SHcoefL1": 0.3585620487915973,
    "sec_front": 0.9470151849587758,
    "sec_left": 0.9482016265392303,
    "sec_back": 0.9687365375624762,
    "sec_right": 0.9429970747894711,
    "sec_upper": 0.8263923630449507,
    "sec_lower": 0.41734023325973085
  }
}