{
  "mean_of_K": 0.8531568940480551,
  "best_of_K": 0.6851719612545437,
  "best_of_K_ctrl": 0.7286245690451728,
  "oracle_gain": 0.1679849327935113,
  "oracle_gain_ctrl": 0.12453232500288222,
  "real_multimodal_gain": 0.043452607790629066,
  "per_head_mae": [
    0.9130518330468071,
    0.9825630280706618,
    0.9723043208652072,
    0.9714639880922106,
    0.9539209662543403
  ],
  "diversity": 0.6197791902224222,
  "uncert_corr": 0.6643189165541745,
  "baseline_det": 0.78,
  "vs_baseline_meanK": 0.07315689404805503,
  "vs_baseline_bestK": -0.09482803874545631,
  "calib_bins": [
    0.23351201914299136,
    0.7249998631915663,
    1.1639082105245138,
    1.3832647552554675,
    1.669581550149829,
    1.9199326172250797,
    2.092473504303061,
    2.2165366257620778,
    2.2473668710633494,
    2.3401806510506504
  ]
}