{
  "test": {
    "MAE": 0.9029254309336344,
    "MAE_plain": 0.7555461172262827,
    "RMSE": 1.427524517129202,
    "AbsRel": 0.5579420069853465,
    "delta1": 0.4482535640398661,
    "SILog": 0.585362628698349,
    "MAE_ffx": 0.8611267201105753,
    "mirror_better_rate": 0.27861111899216967,
    "mae_gain_if_mirrored": 0.017205234533175826,
    "MAE_low": 0.8643615508079528,
    "SHcoefL1": 0.3516118419004811,
    "sec_front": 0.9078675945599873,
    "sec_left": 0.8930251987775167,
    "sec_back": 0.9301373251279195,
    "sec_right": 0.8806716156005859,
    "sec_upper": 0.7871053713560104,
    "sec_lower": 0.3896941743294398
  }
}