{
  "test": {
    "MAE": 1.0015880330403646,
    "MAE_plain": 0.8361162993643019,
    "RMSE": 1.526805482570779,
    "AbsRel": 0.6791913264327579,
    "delta1": 0.40800562779108684,
    "SILog": 0.6383913783232371,
    "MAE_ffx": 0.9618609192636278,
    "mirror_better_rate": 0.325,
    "mae_gain_if_mirrored": 0.023899945732620026,
    "MAE_low": 0.9627199872334798,
    "SHcoefL1": 0.38960848979238005,
    "sec_front": 0.9834248593118455,
    "sec_left": 1.022949332661099,
    "sec_back": 1.0391333166758219,
    "sec_right": 0.9608446478843689,
    "sec_upper": 0.869714191754659,
    "sec_lower": 0.4310253674454159
  },
  "mono": {
    "MAE": 1.2072174167633056,
    "MAE_plain": 0.9820573404100206,
    "RMSE": 1.7977641772103266,
    "AbsRel": 0.9621748134824964,
    "delta1": 0.3749852063920763,
    "SILog": 0.702960016462538,
    "MAE_ffx": 1.171852365069919,
    "mirror_better_rate": 0.49166666666666664,
    "mae_gain_if_mirrored": 0.04909304252929158,
    "MAE_low": 1.1696955161624485,
    "SHcoefL1": 0.4785835423858629,
    "sec_front": 1.053244294060601,
    "sec_left": 1.122450066142612,
    "sec_back": 1.0975528362062241,
    "sec_right": 1.5556224547492132,
    "sec_upper": 0.9462607879108853,
    "sec_lower": 0.4719991229640113
  },
  "shuffle": {
    "MAE": 1.151775558789571,
    "MAE_plain": 0.9474372718069288,
    "RMSE": 1.7058604881981734,
    "AbsRel": 0.8245072522428301,
    "delta1": 0.3606941364871131,
    "SILog": 0.7305896764331393,
    "MAE_ffx": 1.110440821647644,
    "mirror_better_rate": 0.48444444444444446,
    "mae_gain_if_mirrored": 0.05181776942478286,
    "MAE_low": 1.113576784133911,
    "SHcoefL1": 0.4241578236967325,
    "sec_front": 1.1214596027798123,
    "sec_left": 1.115150515238444,
    "sec_back": 1.1370290252897475,
    "sec_right": 1.233463051584032,
    "sec_upper": 0.9604246348804898,
    "sec_lower": 0.48099613149960835
  },
  "swap": {
    "MAE": 1.1304675091637506,
    "MAE_plain": 0.9283684762318929,
    "RMSE": 1.6819983735823618,
    "AbsRel": 0.8098851806587644,
    "delta1": 0.36941333413124083,
    "SILog": 0.71556603802575,
    "MAE_ffx": 1.0896469672520956,
    "mirror_better_rate": 0.6405555555555555,
    "mae_gain_if_mirrored": 0.09843168159325917,
    "MAE_low": 1.0924566168255276,
    "SHcoefL1": 0.4208192720864382,
    "sec_front": 1.0405439506636724,
    "sec_left": 1.1499225605858696,
    "sec_back": 1.0944506099489,
    "sec_right": 1.2369528929392497,
    "sec_upper": 0.9286804456180996,
    "sec_lower": 0.47278525763087803
  }
}