{
  "test": {
    "MAE": 0.7635272526741028,
    "MAE_plain": 0.6483465168873469,
    "RMSE": 1.2263359022140503,
    "AbsRel": 0.478910680214564,
    "delta1": 0.4618433701992035,
    "delta2": 0.6760223497947057,
    "delta3": 0.8006587950388591,
    "SILog": 0.5096807803710302,
    "MAE_ffx": 0.734005136291186,
    "mirror_better_rate": 0.24222222978870073,
    "mae_gain_if_mirrored": 0.012478680761996657,
    "MAE_low": 0.722702551484108,
    "SHcoefL1": 0.3088504775758419,
    "sec_front": 0.7576411948601405,
    "sec_left": 0.7389328336715698,
    "sec_back": 0.7850874978303909,
    "sec_right": 0.7354867519934972,
    "sec_upper": 0.6416096310317516,
    "sec_lower": 0.29120424449443816
  }
}