{
  "test": {
    "MAE": 0.904370416800181,
    "MAE_plain": 0.7570748595396678,
    "RMSE": 1.4176140764882112,
    "AbsRel": 0.5455414462089538,
    "delta1": 0.43290236552556355,
    "SILog": 0.5750385113557179,
    "MAE_ffx": 0.8627544299761454,
    "mirror_better_rate": 0.2797222297390302,
    "mae_gain_if_mirrored": 0.016061955733845633,
    "MAE_low": 0.8655644432703654,
    "SHcoefL1": 0.34794962558274467,
    "sec_front": 0.8996250200271606,
    "sec_left": 0.893285619020462,
    "sec_back": 0.9392089486122132,
    "sec_right": 0.8853620521227519,
    "sec_upper": 0.7978153842687606,
    "sec_lower": 0.39149011035760245
  }
}