{
  "test": {
    "MAE": 0.8915534257888794,
    "MAE_plain": 0.7461491096019744,
    "RMSE": 1.4028644146642657,
    "AbsRel": 0.5771347332000732,
    "delta1": 0.44517781734466555,
    "SILog": 0.5721226803461711,
    "MAE_ffx": 0.8494749172528585,
    "mirror_better_rate": 0.2794444525241852,
    "mae_gain_if_mirrored": 0.015741589916869997,
    "MAE_low": 0.8527359159787496,
    "SHcoefL1": 0.3438976928508944,
    "sec_front": 0.8898634354273478,
    "sec_left": 0.8807645809650421,
    "sec_back": 0.9200126274426779,
    "sec_right": 0.8755730589230856,
    "sec_upper": 0.7828785729408264,
    "sec_lower": 0.3930870399872462
  }
}