{
  "test": {
    "MAE": 0.9084622303644816,
    "MAE_plain": 0.7626412185033162,
    "RMSE": 1.4366979188229039,
    "AbsRel": 0.5362931219736735,
    "delta1": 0.433099981546402,
    "SILog": 0.5781227048238119,
    "MAE_ffx": 0.8643726778030395,
    "mirror_better_rate": 0.2827777859568596,
    "mae_gain_if_mirrored": 0.014908976126462222,
    "MAE_low": 0.8701859287420909,
    "SHcoefL1": 0.3505548700545397,
    "sec_front": 0.905417244831721,
    "sec_left": 0.8856783747673035,
    "sec_back": 0.9383000413576762,
    "sec_right": 0.904453276793162,
    "sec_upper": 0.808363726735115,
    "sec_lower": 0.39521303117275236
  }
}