{
  "test": {
    "MAE": 0.7917182060082754,
    "MAE_plain": 0.6735756184657414,
    "RMSE": 1.2474107730388642,
    "AbsRel": 0.4963929756482442,
    "delta1": 0.43116764585177103,
    "delta2": 0.655277898311615,
    "delta3": 0.7887309892972311,
    "SILog": 0.5265769857168198,
    "MAE_ffx": 0.7614975959062577,
    "mirror_better_rate": 0.27972222983837125,
    "mae_gain_if_mirrored": 0.014095304329336311,
    "MAE_low": 0.7500840908288956,
    "SHcoefL1": 0.3114949742083748,
    "sec_front": 0.7958105981349946,
    "sec_left": 0.7597522421677907,
    "sec_back": 0.8091033019622167,
    "sec_right": 0.7651327623923619,
    "sec_upper": 0.6718065561354161,
    "sec_lower": 0.30059200058380764
  }
}