{
  "test": {
    "MAE": 0.9054674955209097,
    "MAE_plain": 0.7639890613158544,
    "RMSE": 1.4348890078614323,
    "AbsRel": 0.5401092294851939,
    "delta1": 0.44743893643220267,
    "SILog": 0.5765847945213318,
    "MAE_ffx": 0.8636078190803528,
    "mirror_better_rate": 0.24194445105890433,
    "mae_gain_if_mirrored": 0.012930554033931306,
    "MAE_low": 0.8678136018911997,
    "SHcoefL1": 0.35513187524138223,
    "sec_front": 0.9203366343180338,
    "sec_left": 0.8770534765720367,
    "sec_back": 0.949057670434316,
    "sec_right": 0.8754222053289413,
    "sec_upper": 0.8198884770274162,
    "sec_lower": 0.38730188498894375
  },
  "mono": {
    "MAE": 1.174752779006958,
    "MAE_plain": 0.9797674783070882,
    "RMSE": 1.735881705583544,
    "AbsRel": 0.8749582713842392,
    "delta1": 0.3653221199909846,
    "SILog": 0.6845831310749054,
    "MAE_ffx": 1.1374499611059825,
    "mirror_better_rate": 0.4958333464463552,
    "mae_gain_if_mirrored": 0.0051896764679501455,
    "MAE_low": 1.1391864947477977,
    "SHcoefL1": 0.4453554882067773,
    "sec_front": 1.0421964701016744,
    "sec_left": 1.3040290872255962,
    "sec_back": 1.0614329799016318,
    "sec_right": 1.2913525772094727,
    "sec_upper": 0.9770341118176779,
    "sec_lower": 0.5091057531038921
  },
  "left": {
    "MAE": 1.166968778371811,
    "MAE_plain": 0.989849127928416,
    "RMSE": 1.7183041176368838,
    "AbsRel": 0.800719762245814,
    "delta1": 0.34816090007623035,
    "SILog": 0.7000414552291234,
    "MAE_ffx": 1.123735922574997,
    "mirror_better_rate": 0.4891666805744171,
    "mae_gain_if_mirrored": 0.005348127475008369,
    "MAE_low": 1.132226223150889,
    "SHcoefL1": 0.4346399699751702,
    "sec_front": 1.083381516536077,
    "sec_left": 1.2622263606389363,
    "sec_back": 1.112425818045934,
    "sec_right": 1.2098413972059885,
    "sec_upper": 1.0025808531045914,
    "sec_lower": 0.5503076736132304
  },
  "right": {
    "MAE": 1.1690319097042083,
    "MAE_plain": 0.9924358244736989,
    "RMSE": 1.7180583916002592,
    "AbsRel": 0.8061386102437973,
    "delta1": 0.34813011745611827,
    "SILog": 0.6995859432220459,
    "MAE_ffx": 1.1258654169241586,
    "mirror_better_rate": 0.5086111245552699,
    "mae_gain_if_mirrored": 0.0057009165392567715,
    "MAE_low": 1.1339910340309143,
    "SHcoefL1": 0.43512734613484805,
    "sec_front": 1.0768466953436533,
    "sec_left": 1.224339977502823,
    "sec_back": 1.1164345570405325,
    "sec_right": 1.2585063858826955,
    "sec_upper": 1.0052620381116868,
    "sec_lower": 0.5542279822627704
  },
  "shuffle": {
    "MAE": 1.1460192000865936,
    "MAE_plain": 0.9418405560652415,
    "RMSE": 1.7025837110396338,
    "AbsRel": 0.7751765223344167,
    "delta1": 0.3566543827454249,
    "SILog": 0.743652789791425,
    "MAE_ffx": 1.1016754380861917,
    "mirror_better_rate": 0.49500001390775045,
    "mae_gain_if_mirrored": 0.05766206350177527,
    "MAE_low": 1.109573382139206,
    "SHcoefL1": 0.4112864798348811,
    "sec_front": 1.1489958544572194,
    "sec_left": 1.1511602024237315,
    "sec_back": 1.1215139504273732,
    "sec_right": 1.1624067747592925,
    "sec_upper": 0.9592869381109873,
    "sec_lower": 0.48832995702823
  },
  "swap": {
    "MAE": 1.1163132619857787,
    "MAE_plain": 0.9142066727081934,
    "RMSE": 1.6742103974413038,
    "AbsRel": 0.7302751314640045,
    "delta1": 0.37240181197722755,
    "SILog": 0.7192701421181361,
    "MAE_ffx": 1.0720558655261994,
    "mirror_better_rate": 0.7602777975797653,
    "mae_gain_if_mirrored": 0.16227318678051234,
    "MAE_low": 1.0802743891874949,
    "SHcoefL1": 0.39757465795096425,
    "sec_front": 1.015983495314916,
    "sec_left": 1.2072411942481995,
    "sec_back": 1.034473815759023,
    "sec_right": 1.20755455215772,
    "sec_upper": 0.9145381758610408,
    "sec_lower": 0.4693810831507047,
    "swap_mirror_consistency": 0.1440694632306409
  }
}