{
  "test": {
    "MAE": 0.9773070857259962,
    "MAE_plain": 0.818727187315623,
    "RMSE": 1.5065441882308803,
    "AbsRel": 0.6448690780003865,
    "delta1": 0.4088024499681261,
    "SILog": 0.6294884898927476,
    "MAE_ffx": 0.9338673570421007,
    "mirror_better_rate": 0.3244444444444444,
    "mae_gain_if_mirrored": 0.019097198843955995,
    "MAE_low": 0.9378284766938951,
    "SHcoefL1": 0.3769138573627505,
    "sec_front": 0.9714562779002719,
    "sec_left": 1.0121058559417724,
    "sec_back": 1.0209883912404378,
    "sec_right": 0.9046777743763393,
    "sec_upper": 0.8653977296087477,
    "sec_lower": 0.4230458659595913
  },
  "mono": {
    "MAE": 1.1838332504696316,
    "MAE_plain": 0.9627219880951775,
    "RMSE": 1.7188841120108547,
    "AbsRel": 0.9973628510369195,
    "delta1": 0.3851332400904761,
    "SILog": 0.6948983663982815,
    "MAE_ffx": 1.1480088239245945,
    "mirror_better_rate": 0.4841666666666667,
    "mae_gain_if_mirrored": 0.03333327199021975,
    "MAE_low": 1.1437369987699721,
    "SHcoefL1": 0.44768580378757583,
    "sec_front": 1.0735531753963894,
    "sec_left": 1.2065822458267212,
    "sec_back": 1.0865904654396905,
    "sec_right": 1.368607088194953,
    "sec_upper": 0.9228628174463908,
    "sec_lower": 0.46982358190748424
  },
  "shuffle": {
    "MAE": 1.1143492444356282,
    "MAE_plain": 0.9199630355834961,
    "RMSE": 1.6613912219673368,
    "AbsRel": 0.7732216959529453,
    "delta1": 0.36183427704705134,
    "SILog": 0.7143285793728299,
    "MAE_ffx": 1.06938673125373,
    "mirror_better_rate": 0.49666666666666665,
    "mae_gain_if_mirrored": 0.04403398868110445,
    "MAE_low": 1.0756578074561225,
    "SHcoefL1": 0.4074822907253272,
    "sec_front": 1.0957405519485475,
    "sec_left": 1.0804894987742106,
    "sec_back": 1.1231643549601238,
    "sec_right": 1.1580025847752888,
    "sec_upper": 0.9473845805062188,
    "sec_lower": 0.46917491594950356
  },
  "swap": {
    "MAE": 1.0879917155371772,
    "MAE_plain": 0.8981885687510173,
    "RMSE": 1.6302991681028602,
    "AbsRel": 0.7488619021574656,
    "delta1": 0.37097706344392567,
    "SILog": 0.6949210450384352,
    "MAE_ffx": 1.0435873428980509,
    "mirror_better_rate": 0.6491666666666667,
    "mae_gain_if_mirrored": 0.08538650651772817,
    "MAE_low": 1.049387083583408,
    "SHcoefL1": 0.4012690215971735,
    "sec_front": 1.0168015143606397,
    "sec_left": 1.0876642269558376,
    "sec_back": 1.0780032682418823,
    "sec_right": 1.1694978549745347,
    "sec_upper": 0.921146814028422,
    "sec_lower": 0.459036711719301
  }
}