{
  "test": {
    "MAE": 0.9082540120018853,
    "MAE_plain": 0.7646828014320798,
    "RMSE": 1.4248718155007338,
    "AbsRel": 0.557217264506552,
    "delta1": 0.4436684085263146,
    "SILog": 0.5722033446364932,
    "MAE_ffx": 0.8655633885330624,
    "mirror_better_rate": 0.2733333333333333,
    "mae_gain_if_mirrored": 0.01396611985233095,
    "MAE_low": 0.8697866316636403,
    "SHcoefL1": 0.35274459285868537,
    "sec_front": 0.9222885121239556,
    "sec_left": 0.8873575656943851,
    "sec_back": 0.9393019574218326,
    "sec_right": 0.8840679967403412,
    "sec_upper": 0.8191816549830967,
    "sec_lower": 0.39136017428504094
  },
  "mono": {
    "MAE": 1.9752482276492649,
    "MAE_plain": 1.601772886382209,
    "RMSE": 2.7122066173055246,
    "AbsRel": 1.686677753660414,
    "delta1": 0.2431358590390947,
    "SILog": 0.7165661054187351,
    "MAE_ffx": 1.957934619585673,
    "mirror_better_rate": 0.5019444444444444,
    "mae_gain_if_mirrored": 0.012990974394811524,
    "MAE_low": 1.9488275835249158,
    "SHcoefL1": 0.6165111613935894,
    "sec_front": 1.5957417403327094,
    "sec_left": 2.4987192307578194,
    "sec_back": 1.486183111137814,
    "sec_right": 2.320348831282722,
    "sec_upper": 1.5216825204425388,
    "sec_lower": 0.9110867455270555
  },
  "shuffle": {
    "MAE": 1.125091889169481,
    "MAE_plain": 0.9247801163461473,
    "RMSE": 1.6651306029010073,
    "AbsRel": 0.765138015349706,
    "delta1": 0.3612981415457196,
    "SILog": 0.7145118611388737,
    "MAE_ffx": 1.0803927993774414,
    "mirror_better_rate": 0.5,
    "mae_gain_if_mirrored": 0.04878404658701685,
    "MAE_low": 1.0877914306852552,
    "SHcoefL1": 0.4043810658819146,
    "sec_front": 1.130622165997823,
    "sec_left": 1.1411112496587965,
    "sec_back": 1.0946499172846476,
    "sec_right": 1.1339842115508185,
    "sec_upper": 0.9444563341803021,
    "sec_lower": 0.47813027905093297
  },
  "swap": {
    "MAE": 1.0842506170272828,
    "MAE_plain": 0.8901940719286601,
    "RMSE": 1.6245297709686046,
    "AbsRel": 0.721757034725613,
    "delta1": 0.383162608411577,
    "SILog": 0.6876817760202619,
    "MAE_ffx": 1.040127740965949,
    "mirror_better_rate": 0.7425,
    "mae_gain_if_mirrored": 0.13740283876657486,
    "MAE_low": 1.0472950214809842,
    "SHcoefL1": 0.38939507257400285,
    "sec_front": 0.998340898487303,
    "sec_left": 1.1651867723464966,
    "sec_back": 1.0109898122151693,
    "sec_right": 1.1624849836031597,
    "sec_upper": 0.9012322474850548,
    "sec_lower": 0.45653628091017406
  }
}