{
  "test": {
    "MAE": 0.8888149881362915,
    "MAE_plain": 0.7460707290967306,
    "RMSE": 1.4154036513547557,
    "AbsRel": 0.5417198292414347,
    "delta1": 0.45466129700342817,
    "SILog": 0.5769970651467641,
    "MAE_ffx": 0.8466754921277364,
    "mirror_better_rate": 0.2811111197868983,
    "mae_gain_if_mirrored": 0.014525618559370438,
    "MAE_low": 0.8505773711204528,
    "SHcoefL1": 0.3473127159103751,
    "sec_front": 0.894365111986796,
    "sec_left": 0.8743499465783438,
    "sec_back": 0.9172614518801371,
    "sec_right": 0.8692834162712098,
    "sec_upper": 0.7758699969450633,
    "sec_lower": 0.39600185573101043
  },
  "shuffle": {
    "MAE": 1.1388495326042176,
    "MAE_plain": 0.9323356588681538,
    "RMSE": 1.6897212608494412,
    "AbsRel": 0.7765253293514252,
    "delta1": 0.3580396415789922,
    "SILog": 0.7385409275690714,
    "MAE_ffx": 1.0942806553840638,
    "mirror_better_rate": 0.5027777914206187,
    "mae_gain_if_mirrored": 0.05310803861667712,
    "MAE_low": 1.1020031992594401,
    "SHcoefL1": 0.40770872434601185,
    "sec_front": 1.1433092419306436,
    "sec_left": 1.1468454821904501,
    "sec_back": 1.121303231716156,
    "sec_right": 1.1439401348431906,
    "sec_upper": 0.9337435650825501,
    "sec_lower": 0.49328436454137164
  },
  "swap": {
    "MAE": 1.0782784620920818,
    "MAE_plain": 0.8818330220381418,
    "RMSE": 1.6324636389411618,
    "AbsRel": 0.7123432985941569,
    "delta1": 0.3862212344010671,
    "SILog": 0.7057142762343088,
    "MAE_ffx": 1.0343361616134643,
    "mirror_better_rate": 0.7325000214576721,
    "mae_gain_if_mirrored": 0.14828111251195272,
    "MAE_low": 1.0419327878952027,
    "SHcoefL1": 0.3866435220672025,
    "sec_front": 0.9770351139704386,
    "sec_left": 1.1754539656639098,
    "sec_back": 1.0015129407246908,
    "sec_right": 1.1591118311882018,
    "sec_upper": 0.8739330808321635,
    "sec_lower": 0.466777202685674
  }
}