{
  "test": {
    "MAE": 0.8867921781539917,
    "MAE_plain": 0.7473339821894963,
    "RMSE": 1.4239175929025256,
    "AbsRel": 0.4965994056065877,
    "delta1": 0.45949927806854246,
    "SILog": 0.570952139099439,
    "MAE_ffx": 0.8448089857896169,
    "mirror_better_rate": 0.25111111770073574,
    "mae_gain_if_mirrored": 0.013960915148976103,
    "MAE_low": 0.8494795513153076,
    "SHcoefL1": 0.3522898212116626,
    "sec_front": 0.8869228786230088,
    "sec_left": 0.8666951157649359,
    "sec_back": 0.9276536107063293,
    "sec_right": 0.8658970799048742,
    "sec_upper": 0.7964540767669678,
    "sec_lower": 0.3790222007036209
  }
}