{
  "test": {
    "MAE": 0.8843370713790257,
    "MAE_plain": 0.7434452122449875,
    "RMSE": 1.4150256430765464,
    "AbsRel": 0.5395310821135839,
    "delta1": 0.46308717409769695,
    "SILog": 0.5708811229467392,
    "MAE_ffx": 0.8424558546145757,
    "mirror_better_rate": 0.24027778434256714,
    "mae_gain_if_mirrored": 0.013132869493274484,
    "MAE_low": 0.8464174570639929,
    "SHcoefL1": 0.3493216102891084,
    "sec_front": 0.8870231787363688,
    "sec_left": 0.8661219551165898,
    "sec_back": 0.9193111135562261,
    "sec_right": 0.8648920385042826,
    "sec_upper": 0.786775490740935,
    "sec_lower": 0.3816446539759636
  }
}