{
  "run": "A15_bigunet_s0",
  "MAE": 0.9804294395446778,
  "MAE_plain": 0.8192245395978291,
  "RMSE": 1.4976552777290393,
  "AbsRel": 0.6693957122166951,
  "delta1": 0.4126914135615031,
  "delta2": 0.6311763664086659,
  "delta3": 0.7679443113009135,
  "SILog": 0.627662460009257,
  "MAE_ffx": 0.9384891255696615,
  "mirror_better_rate": 0.328888897895813,
  "mae_gain_if_mirrored": 0.021633362534145516,
  "MAE_low": 0.9413063621520996,
  "SHcoefL1": 0.378622833819439,
  "sec_front": 0.985381395816803,
  "sec_left": 0.9974109125137329,
  "sec_back": 1.0202238432566324,
  "sec_right": 0.9187015811602275,
  "sec_upper": 0.8602492892742157,
  "sec_lower": 0.42417357524236043
}