{
  "test": {
    "MAE": 0.9804294331868489,
    "MAE_plain": 0.8192245388031005,
    "RMSE": 1.4976552793024334,
    "AbsRel": 0.6693957130114238,
    "delta1": 0.4126914131641388,
    "SILog": 0.6276624584197998,
    "MAE_ffx": 0.9384891223907471,
    "mirror_better_rate": 0.328888897895813,
    "mae_gain_if_mirrored": 0.021633362248539924,
    "MAE_low": 0.9413063605626424,
    "SHcoefL1": 0.37862283281568027,
    "sec_front": 0.9853813942273458,
    "sec_left": 0.9974109101295471,
    "sec_back": 1.0202238440513611,
    "sec_right": 0.9187015835444132,
    "sec_upper": 0.8602492880821228,
    "sec_lower": 0.4241735744476318
  },
  "mono": {
    "MAE": 1.2334859085083008,
    "MAE_plain": 0.997227942943573,
    "RMSE": 1.8316420240549738,
    "AbsRel": 1.0063881528377534,
    "delta1": 0.3788006560007731,
    "SILog": 0.7113592465718587,
    "MAE_ffx": 1.1995784759521484,
    "mirror_better_rate": 0.48916667977968853,
    "mae_gain_if_mirrored": 0.04937359916667144,
    "MAE_low": 1.1954590479532878,
    "SHcoefL1": 0.4853765745378203,
    "sec_front": 1.1249351302782695,
    "sec_left": 1.1417803661028545,
    "sec_back": 1.0760214058558146,
    "sec_right": 1.5912067437171935,
    "sec_upper": 0.9509743968645732,
    "sec_lower": 0.4729095288117727
  },
  "shuffle": {
    "MAE": 1.1244059244791667,
    "MAE_plain": 0.9254457410176595,
    "RMSE": 1.6636179042858663,
    "AbsRel": 0.8011536562442779,
    "delta1": 0.3645093599955241,
    "SILog": 0.7111877564589183,
    "MAE_ffx": 1.0812675213813783,
    "mirror_better_rate": 0.484722238779068,
    "mae_gain_if_mirrored": 0.047665203337868056,
    "MAE_low": 1.0859563008944193,
    "SHcoefL1": 0.4116723977588117,
    "sec_front": 1.1252747130393983,
    "sec_left": 1.0878990085919698,
    "sec_back": 1.1077692365646363,
    "sec_right": 1.1766807341575622,
    "sec_upper": 0.9441592172781627,
    "sec_lower": 0.4708635441462199
  },
  "swap": {
    "MAE": 1.1059566791852316,
    "MAE_plain": 0.9092245920499166,
    "RMSE": 1.6423025078367712,
    "AbsRel": 0.7904859062035878,
    "delta1": 0.37349456548690796,
    "SILog": 0.6967456487814585,
    "MAE_ffx": 1.0636499706904095,
    "mirror_better_rate": 0.6383333512147268,
    "mae_gain_if_mirrored": 0.08978297946353754,
    "MAE_low": 1.06775292634964,
    "SHcoefL1": 0.40716219738746684,
    "sec_front": 1.0588035718599955,
    "sec_left": 1.1166670020421345,
    "sec_back": 1.0699581209818523,
    "sec_right": 1.1783980178833007,
    "sec_upper": 0.9213433909416199,
    "sec_lower": 0.4614735472202301
  }
}