{
  "test": {
    "MAE": 0.8978203648991055,
    "MAE_plain": 0.7551870067914327,
    "RMSE": 1.4446067962145996,
    "AbsRel": 0.536158754295773,
    "delta1": 0.4553946516248915,
    "SILog": 0.587604876226849,
    "MAE_ffx": 0.8562074881129794,
    "mirror_better_rate": 0.2561111111111111,
    "mae_gain_if_mirrored": 0.0164056941618522,
    "MAE_low": 0.8599745477570427,
    "SHcoefL1": 0.3561368981593599,
    "sec_front": 0.9051457018322415,
    "sec_left": 0.881138678656684,
    "sec_back": 0.935518462922838,
    "sec_right": 0.8694786230723063,
    "sec_upper": 0.803913822836346,
    "sec_lower": 0.38737692521678074
  },
  "mono": {
    "MAE": 2.1036023214128283,
    "MAE_plain": 1.7696985536151462,
    "RMSE": 2.9535187270481327,
    "AbsRel": 1.8337313932842678,
    "delta1": 0.28240004433525934,
    "SILog": 0.8369865319463942,
    "MAE_ffx": 2.0827886173460217,
    "mirror_better_rate": 0.5130555555555556,
    "mae_gain_if_mirrored": 0.03835597319735421,
    "MAE_low": 2.0770502524905736,
    "SHcoefL1": 0.7405753553079234,
    "sec_front": 2.8409379980299208,
    "sec_left": 2.3588794559902615,
    "sec_back": 1.224939547114902,
    "sec_right": 1.989652271800571,
    "sec_upper": 2.1229409403271147,
    "sec_lower": 0.485356695122189
  },
  "shuffle": {
    "MAE": 1.1598462480968899,
    "MAE_plain": 0.9475675434536404,
    "RMSE": 1.7380629335278905,
    "AbsRel": 0.7792637779977587,
    "delta1": 0.3560312865840064,
    "SILog": 0.756822571489546,
    "MAE_ffx": 1.1149917374716865,
    "mirror_better_rate": 0.4986111111111111,
    "mae_gain_if_mirrored": 0.0644608399271965,
    "MAE_low": 1.123544570075141,
    "SHcoefL1": 0.4193538466302885,
    "sec_front": 1.158221140967475,
    "sec_left": 1.1828569406933254,
    "sec_back": 1.1348408778508505,
    "sec_right": 1.1634660900963678,
    "sec_upper": 0.9486820530891419,
    "sec_lower": 0.48597109344270495
  },
  "swap": {
    "MAE": 1.1185908238093059,
    "MAE_plain": 0.9168357928593953,
    "RMSE": 1.7008284385778598,
    "AbsRel": 0.7405165260367923,
    "delta1": 0.3738661895857917,
    "SILog": 0.7288168880674574,
    "MAE_ffx": 1.0741385679774815,
    "mirror_better_rate": 0.7047222222222222,
    "mae_gain_if_mirrored": 0.1367385580142339,
    "MAE_low": 1.0829977827601962,
    "SHcoefL1": 0.4074841185038288,
    "sec_front": 1.0632356537712946,
    "sec_left": 1.1981210486094156,
    "sec_back": 1.0326498791906569,
    "sec_right": 1.1803567282358804,
    "sec_upper": 0.9167498694525824,
    "sec_lower": 0.46531648516654966
  }
}