{
  "test": {
    "MAE": 0.9854766897360484,
    "MAE_plain": 0.8331241277853648,
    "RMSE": 1.4853250231247201,
    "AbsRel": 0.6293118864297866,
    "delta1": 0.4004822700222333,
    "SILog": 0.6116575886805852,
    "MAE_ffx": 0.945448537270228,
    "mirror_better_rate": 0.3027777860065301,
    "mae_gain_if_mirrored": 0.02365147025945286,
    "MAE_low": 0.947866933743159,
    "SHcoefL1": 0.3667901609775921,
    "sec_front": 1.0058402876059214,
    "sec_left": 0.9531042563915253,
    "sec_back": 1.0088581852118175,
    "sec_right": 0.9741040138403575,
    "sec_upper": 0.8905637507637342,
    "sec_lower": 0.4312016526858012
  },
  "mono": {
    "MAE": 2.7220064147313434,
    "MAE_plain": 2.3102027360598245,
    "RMSE": 3.5925433264361466,
    "AbsRel": 2.175663800636927,
    "delta1": 0.12764768734574317,
    "SILog": 1.4108822178840636,
    "MAE_ffx": 2.7171430238087972,
    "mirror_better_rate": 0.4997222344080607,
    "mae_gain_if_mirrored": 0.010056799536881348,
    "MAE_low": 2.7006975555419923,
    "SHcoefL1": 0.8540265582087967,
    "sec_front": 1.9059058451652526,
    "sec_left": 3.4364694770177207,
    "sec_back": 2.3377321378389992,
    "sec_right": 3.2079182942708333,
    "sec_upper": 3.0783589601516725,
    "sec_lower": 1.0202473060290018
  },
  "shuffle": {
    "MAE": 1.1768309275309246,
    "MAE_plain": 0.9726945527394613,
    "RMSE": 1.716422797317469,
    "AbsRel": 0.829322823882103,
    "delta1": 0.3463449095686277,
    "SILog": 0.7404245148102443,
    "MAE_ffx": 1.134376347064972,
    "mirror_better_rate": 0.4941666813691457,
    "mae_gain_if_mirrored": 0.06609562838450074,
    "MAE_low": 1.1409118445714315,
    "SHcoefL1": 0.4135569513402879,
    "sec_front": 1.1795417873064677,
    "sec_left": 1.1954124601682028,
    "sec_back": 1.121479942003886,
    "sec_right": 1.2108895087242126,
    "sec_upper": 0.9917406578858693,
    "sec_lower": 0.5077794981002808
  },
  "swap": {
    "MAE": 1.180521548986435,
    "MAE_plain": 0.9753066911300023,
    "RMSE": 1.7219576034186674,
    "AbsRel": 0.8164786851406097,
    "delta1": 0.34448045561710994,
    "SILog": 0.739150321483612,
    "MAE_ffx": 1.138904676437378,
    "mirror_better_rate": 0.6655555756886801,
    "mae_gain_if_mirrored": 0.12719298095752796,
    "MAE_low": 1.1449151750405628,
    "SHcoefL1": 0.410740219441553,
    "sec_front": 1.124747743209203,
    "sec_left": 1.232956352631251,
    "sec_back": 1.1194851080576578,
    "sec_right": 1.2448969515164694,
    "sec_upper": 0.9910168470939,
    "sec_lower": 0.5054153754313787,
    "swap_mirror_consistency": 0.5726033185655288
  }
}