{
  "test": {
    "MAE": 0.9100830625163184,
    "MAE_plain": 0.7674793353345659,
    "RMSE": 1.4431448552190753,
    "AbsRel": 0.49348727418316735,
    "delta1": 0.42818784051471287,
    "SILog": 0.5635139935546452,
    "MAE_ffx": 0.8657349285814497,
    "mirror_better_rate": 0.25666666666666665,
    "mae_gain_if_mirrored": 0.013827710954679382,
    "MAE_low": 0.8717775724993811,
    "SHcoefL1": 0.3515623980191433,
    "sec_front": 0.9242789199617174,
    "sec_left": 0.8851232908831702,
    "sec_back": 0.9423627621597714,
    "sec_right": 0.8885672646098667,
    "sec_upper": 0.8260304029451476,
    "sec_lower": 0.38737757086753843
  }
}