{
  "test": {
    "MAE": 0.9101667328675588,
    "MAE_plain": 0.7662902106179131,
    "RMSE": 1.4360224057743325,
    "AbsRel": 0.5546022247605854,
    "delta1": 0.45019312229421404,
    "SILog": 0.578177133931054,
    "MAE_ffx": 0.8684900915622711,
    "mirror_better_rate": 0.25472222222222224,
    "mae_gain_if_mirrored": 0.015141731715864606,
    "MAE_low": 0.8721934586101108,
    "SHcoefL1": 0.3562514690392547,
    "sec_front": 0.9203078534868029,
    "sec_left": 0.8912037311659919,
    "sec_back": 0.9482930791378021,
    "sec_right": 0.8808622509903378,
    "sec_upper": 0.8174958590666453,
    "sec_lower": 0.38872734718852575
  }
}