{
  "test": {
    "MAE": 0.8872337508201599,
    "MAE_plain": 0.7460380953550338,
    "RMSE": 1.4164233421118693,
    "AbsRel": 0.5453721894820531,
    "delta1": 0.4606023637453715,
    "SILog": 0.573177045583725,
    "MAE_ffx": 0.845418374935786,
    "mirror_better_rate": 0.24750000740091005,
    "mae_gain_if_mirrored": 0.013301494342482935,
    "MAE_low": 0.8492524377504984,
    "SHcoefL1": 0.3482627388503816,
    "sec_front": 0.8904610280195872,
    "sec_left": 0.8702094240983327,
    "sec_back": 0.9163533099492391,
    "sec_right": 0.871911229689916,
    "sec_upper": 0.7886697422464689,
    "sec_lower": 0.3834945713480314
  }
}