{
  "test": {
    "MAE": 0.9288277268409729,
    "MAE_plain": 0.7800797494252523,
    "RMSE": 1.452056581464665,
    "AbsRel": 0.563561825354894,
    "delta1": 0.42290772318840025,
    "SILog": 0.5926866590976715,
    "MAE_ffx": 0.8866034324963887,
    "mirror_better_rate": 0.32694445331891375,
    "mae_gain_if_mirrored": 0.014541493590610723,
    "MAE_low": 0.8910745143890381,
    "SHcoefL1": 0.3565383975435462,
    "sec_front": 0.9252227171262105,
    "sec_left": 0.9173785678545634,
    "sec_back": 0.9571388920148214,
    "sec_right": 0.9155707470575969,
    "sec_upper": 0.824039426445961,
    "sec_lower": 0.39904561897118884
  },
  "mono": {
    "MAE": 1.6778020366032917,
    "MAE_plain": 1.3555429116884867,
    "RMSE": 2.3870853348945684,
    "AbsRel": 1.4428450433413187,
    "delta1": 0.3095222731431325,
    "SILog": 0.8224467221895854,
    "MAE_ffx": 1.6468136914571125,
    "mirror_better_rate": 0.5013889034589132,
    "mae_gain_if_mirrored": 0.03489740318308274,
    "MAE_low": 1.648349092801412,
    "SHcoefL1": 0.5819504793236653,
    "sec_front": 1.932236229578654,
    "sec_left": 1.586711966196696,
    "sec_back": 1.144587918917338,
    "sec_right": 2.04767205397288,
    "sec_upper": 1.3923726145426432,
    "sec_lower": 0.4937763583660126
  },
  "shuffle": {
    "MAE": 1.1183884565035502,
    "MAE_plain": 0.9220919728279113,
    "RMSE": 1.6662085817857037,
    "AbsRel": 0.7500616125265758,
    "delta1": 0.3581964103380839,
    "SILog": 0.7255288163820902,
    "MAE_ffx": 1.0744533522923787,
    "mirror_better_rate": 0.4866666821638743,
    "mae_gain_if_mirrored": 0.03717326215157906,
    "MAE_low": 1.08170893907547,
    "SHcoefL1": 0.400477683134377,
    "sec_front": 1.127256076335907,
    "sec_left": 1.11109650293986,
    "sec_back": 1.112010606924693,
    "sec_right": 1.123190655708313,
    "sec_upper": 0.9462867838144302,
    "sec_lower": 0.47205750465393065
  },
  "swap": {
    "MAE": 1.0497069414456686,
    "MAE_plain": 0.866096875667572,
    "RMSE": 1.5938348330606857,
    "AbsRel": 0.6815131680170695,
    "delta1": 0.3842699333031972,
    "SILog": 0.6795574406782786,
    "MAE_ffx": 1.0063638710975646,
    "mirror_better_rate": 0.6661111315091451,
    "mae_gain_if_mirrored": 0.09962884088357289,
    "MAE_low": 1.0132487630844116,
    "SHcoefL1": 0.38052593527775674,
    "sec_front": 0.9726989165941874,
    "sec_left": 1.1085984667142232,
    "sec_back": 1.0076765783627828,
    "sec_right": 1.109853819211324,
    "sec_upper": 0.8817591770490011,
    "sec_lower": 0.4456585411230723
  }
}