{
  "test": {
    "MAE": 0.8861709384123484,
    "MAE_plain": 0.746450387040774,
    "RMSE": 1.4581833909934094,
    "AbsRel": 0.4457809990644455,
    "delta1": 0.46154027223587035,
    "SILog": 0.5758150819937388,
    "MAE_ffx": 0.842655902504921,
    "mirror_better_rate": 0.24750000690420468,
    "mae_gain_if_mirrored": 0.014117071526028062,
    "MAE_low": 0.8502784768740336,
    "SHcoefL1": 0.3559536563294629,
    "sec_front": 0.8880323092142741,
    "sec_left": 0.8680472177267075,
    "sec_back": 0.9208038910230001,
    "sec_right": 0.8678003350893656,
    "sec_upper": 0.7943972039222718,
    "sec_lower": 0.37886756340662636
  }
}