{
  "test": {
    "MAE": 0.9139070729414622,
    "MAE_plain": 0.7696188910802205,
    "RMSE": 1.4371299829908843,
    "AbsRel": 0.5544672572612762,
    "delta1": 0.43757814913988113,
    "SILog": 0.5832444264491399,
    "MAE_ffx": 0.870865964492162,
    "mirror_better_rate": 0.2397222293416659,
    "mae_gain_if_mirrored": 0.012039701162138953,
    "MAE_low": 0.8758626105388005,
    "SHcoefL1": 0.3537737604830828,
    "sec_front": 0.9326377089818318,
    "sec_left": 0.8813810082276662,
    "sec_back": 0.9592064221700033,
    "sec_right": 0.8824031472206115,
    "sec_upper": 0.8262200941642125,
    "sec_lower": 0.3904902677734693
  },
  "mono": {
    "MAE": 1.2081103491783143,
    "MAE_plain": 1.0050847987333933,
    "RMSE": 1.792643948395782,
    "AbsRel": 0.8757222932577133,
    "delta1": 0.3583916901548703,
    "SILog": 0.7017985618114472,
    "MAE_ffx": 1.1718737335999807,
    "mirror_better_rate": 0.4977777902285258,
    "mae_gain_if_mirrored": 0.009961048123271515,
    "MAE_low": 1.1726547519365946,
    "SHcoefL1": 0.459966200929549,
    "sec_front": 1.0567881377538044,
    "sec_left": 1.3337217382589976,
    "sec_back": 1.0821836916605632,
    "sec_right": 1.3597478548685709,
    "sec_upper": 0.9859642056624095,
    "sec_lower": 0.5209641681114833
  },
  "left": {
    "MAE": 1.1804245297114055,
    "MAE_plain": 0.9927655430634816,
    "RMSE": 1.7366301749137225,
    "AbsRel": 0.8554148342212041,
    "delta1": 0.355648898879687,
    "SILog": 0.7024757399161656,
    "MAE_ffx": 1.141133898893992,
    "mirror_better_rate": 0.47833334664503735,
    "mae_gain_if_mirrored": 0.0057977101517220336,
    "MAE_low": 1.14469535668691,
    "SHcoefL1": 0.44280140723826156,
    "sec_front": 1.077463562488556,
    "sec_left": 1.2927810645103455,
    "sec_back": 1.087342962026596,
    "sec_right": 1.2641105071703593,
    "sec_upper": 1.000663865407308,
    "sec_lower": 0.5241142664353052
  },
  "right": {
    "MAE": 1.1821480290095012,
    "MAE_plain": 0.9930493875344595,
    "RMSE": 1.7461405122721516,
    "AbsRel": 0.8571978008747101,
    "delta1": 0.3573462517062823,
    "SILog": 0.7031477260589599,
    "MAE_ffx": 1.1425511872768401,
    "mirror_better_rate": 0.518055571715037,
    "mae_gain_if_mirrored": 0.006986413624448081,
    "MAE_low": 1.1463982446988423,
    "SHcoefL1": 0.4445637858245108,
    "sec_front": 1.070951029062271,
    "sec_left": 1.27050204316775,
    "sec_back": 1.090529294013977,
    "sec_right": 1.2966097390651703,
    "sec_upper": 1.0014123739798864,
    "sec_lower": 0.5199473295609156
  },
  "shuffle": {
    "MAE": 1.1217078077793121,
    "MAE_plain": 0.9235478019714356,
    "RMSE": 1.6655745663511612,
    "AbsRel": 0.7599903154373169,
    "delta1": 0.35983303010463713,
    "SILog": 0.726398543715477,
    "MAE_ffx": 1.0768238993485768,
    "mirror_better_rate": 0.48666667997837065,
    "mae_gain_if_mirrored": 0.05201113196710745,
    "MAE_low": 1.0845722738901775,
    "SHcoefL1": 0.40118890346959235,
    "sec_front": 1.1198587214946747,
    "sec_left": 1.1327515538533528,
    "sec_back": 1.0947295109430948,
    "sec_right": 1.1394914023081462,
    "sec_upper": 0.9473909183343252,
    "sec_lower": 0.47926013429959613
  },
  "swap": {
    "MAE": 1.0996772094567617,
    "MAE_plain": 0.9019801817337672,
    "RMSE": 1.635241155282793,
    "AbsRel": 0.7376613519589106,
    "delta1": 0.368285319407781,
    "SILog": 0.7011083310842514,
    "MAE_ffx": 1.0550498759746552,
    "mirror_better_rate": 0.7411111317078273,
    "mae_gain_if_mirrored": 0.1269737571850419,
    "MAE_low": 1.062562470436096,
    "SHcoefL1": 0.39045484273797937,
    "sec_front": 1.0251310022672018,
    "sec_left": 1.1672012150287627,
    "sec_back": 1.0381124337514243,
    "sec_right": 1.168264200290044,
    "sec_upper": 0.9095345359047254,
    "sec_lower": 0.46214315354824065,
    "swap_mirror_consistency": 0.27832440506393713
  }
}