{
  "test": {
    "MAE": 0.9111805376741621,
    "MAE_plain": 0.7666912060313754,
    "RMSE": 1.4305492275983465,
    "AbsRel": 0.514352647529708,
    "delta1": 0.42960522645049626,
    "SILog": 0.5636544724305471,
    "MAE_ffx": 0.8678773420386844,
    "mirror_better_rate": 0.2658333333333333,
    "mae_gain_if_mirrored": 0.014532483542958895,
    "MAE_low": 0.8725885302490658,
    "SHcoefL1": 0.35092868415742284,
    "sec_front": 0.9263872875107659,
    "sec_left": 0.8901490844620599,
    "sec_back": 0.94138650920656,
    "sec_right": 0.8867992799811893,
    "sec_upper": 0.8204032595621215,
    "sec_lower": 0.38931398613585366
  }
}