{
  "test": {
    "MAE": 0.7735039774576823,
    "MAE_plain": 0.6566759874423345,
    "RMSE": 1.2227874934673308,
    "AbsRel": 0.5112863326072693,
    "delta1": 0.4496831773718198,
    "delta2": 0.669337909022967,
    "delta3": 0.7987667938073476,
    "SILog": 0.5132757316033045,
    "MAE_ffx": 0.7444932279984157,
    "mirror_better_rate": 0.2594444524248441,
    "mae_gain_if_mirrored": 0.011942684313495799,
    "MAE_low": 0.7316968677441279,
    "SHcoefL1": 0.3075799264686389,
    "sec_front": 0.7784327105681101,
    "sec_left": 0.7468419718742371,
    "sec_back": 0.7931260134776433,
    "sec_right": 0.7399729728698731,
    "sec_upper": 0.6519322894513607,
    "sec_lower": 0.2934957021971544
  }
}