{
  "test": {
    "MAE": 0.9307235821088156,
    "MAE_plain": 0.7839510742823282,
    "RMSE": 1.4608127142287728,
    "AbsRel": 0.5632752464214961,
    "delta1": 0.4377232378721237,
    "SILog": 0.5933521141608556,
    "MAE_ffx": 0.8888891331354777,
    "mirror_better_rate": 0.25444445257385573,
    "mae_gain_if_mirrored": 0.014969670831536254,
    "MAE_low": 0.8934022970994313,
    "SHcoefL1": 0.3605474225452377,
    "sec_front": 0.9402462188402811,
    "sec_left": 0.8994575228293736,
    "sec_back": 0.9719864962498347,
    "sec_right": 0.9112040875355403,
    "sec_upper": 0.8356572688619296,
    "sec_lower": 0.39981109023094175
  },
  "mono": {
    "MAE": 1.1759087065855662,
    "MAE_plain": 0.9983738855520884,
    "RMSE": 1.7221038992938404,
    "AbsRel": 0.8037594785292943,
    "delta1": 0.35372979640960694,
    "SILog": 0.7019442383448283,
    "MAE_ffx": 1.1383275735378264,
    "mirror_better_rate": 0.49277779161930085,
    "mae_gain_if_mirrored": 0.016213857235076526,
    "MAE_low": 1.1413157351811727,
    "SHcoefL1": 0.4367252394143078,
    "sec_front": 1.1075677529970804,
    "sec_left": 1.2361949133872985,
    "sec_back": 1.0845782522360483,
    "sec_right": 1.2752939081192016,
    "sec_upper": 0.9785048530499141,
    "sec_lower": 0.580369746685028
  },
  "left": {
    "MAE": 1.1675164632002513,
    "MAE_plain": 1.0003547743956247,
    "RMSE": 1.7094395759522387,
    "AbsRel": 0.7805915250380834,
    "delta1": 0.34414499839146934,
    "SILog": 0.7034390477339426,
    "MAE_ffx": 1.1261297496159872,
    "mirror_better_rate": 0.47916667997837065,
    "mae_gain_if_mirrored": 0.009252517389444014,
    "MAE_low": 1.132878262201945,
    "SHcoefL1": 0.43326346784830094,
    "sec_front": 1.111501620610555,
    "sec_left": 1.2500667369365692,
    "sec_back": 1.0917726687590281,
    "sec_right": 1.216724864244461,
    "sec_upper": 0.9877371106545131,
    "sec_lower": 0.594617645740509
  },
  "right": {
    "MAE": 1.1731405945618947,
    "MAE_plain": 1.0043709715207418,
    "RMSE": 1.7204786238698082,
    "AbsRel": 0.7884409558773041,
    "delta1": 0.34630080600579577,
    "SILog": 0.7051270371675491,
    "MAE_ffx": 1.131367977062861,
    "mirror_better_rate": 0.5122222357988357,
    "mae_gain_if_mirrored": 0.010770643663903078,
    "MAE_low": 1.1389727461338044,
    "SHcoefL1": 0.4337388475901551,
    "sec_front": 1.1184768013159434,
    "sec_left": 1.209161592721939,
    "sec_back": 1.102193554242452,
    "sec_right": 1.2627304271856943,
    "sec_upper": 0.9915364297231039,
    "sec_lower": 0.59253921687603
  },
  "shuffle": {
    "MAE": 1.1496820489565531,
    "MAE_plain": 0.9450647568702698,
    "RMSE": 1.7049642906551987,
    "AbsRel": 0.7789562471707662,
    "delta1": 0.3547403437892596,
    "SILog": 0.7442980972925822,
    "MAE_ffx": 1.1059430853525798,
    "mirror_better_rate": 0.49666667997837066,
    "mae_gain_if_mirrored": 0.05296664064129194,
    "MAE_low": 1.1129703048865,
    "SHcoefL1": 0.4108473364656998,
    "sec_front": 1.1656136298179627,
    "sec_left": 1.1573722457885742,
    "sec_back": 1.1076873183250426,
    "sec_right": 1.1680549748738607,
    "sec_upper": 0.9554887770613034,
    "sec_lower": 0.492833412985007
  },
  "swap": {
    "MAE": 1.1190112777551016,
    "MAE_plain": 0.9183107078075409,
    "RMSE": 1.6628213503105334,
    "AbsRel": 0.7556189286708832,
    "delta1": 0.36940121054649355,
    "SILog": 0.7128569147984187,
    "MAE_ffx": 1.0759631637732188,
    "mirror_better_rate": 0.7161111319065094,
    "mae_gain_if_mirrored": 0.12644224510217705,
    "MAE_low": 1.0821607359250387,
    "SHcoefL1": 0.39917931790567107,
    "sec_front": 1.046045449177424,
    "sec_left": 1.1898898951212564,
    "sec_back": 1.0478427930672964,
    "sec_right": 1.19226699590683,
    "sec_upper": 0.9201000680526098,
    "sec_lower": 0.4716840002934138,
    "swap_mirror_consistency": 0.37814942631987775
  }
}