{
  "test": {
    "MAE": 0.9287927187813653,
    "MAE_plain": 0.7789429753356509,
    "RMSE": 1.438448064482327,
    "AbsRel": 0.5864140784078175,
    "delta1": 0.4337903941339917,
    "SILog": 0.5835751407676273,
    "MAE_ffx": 0.8865976733631558,
    "mirror_better_rate": 0.2658333333333333,
    "mae_gain_if_mirrored": 0.015132599257760579,
    "MAE_low": 0.8901737246248457,
    "SHcoefL1": 0.3584116974804136,
    "sec_front": 0.9402727580070496,
    "sec_left": 0.9014006941848332,
    "sec_back": 0.9729570407337612,
    "sec_right": 0.9005403863059149,
    "sec_upper": 0.8286510186725192,
    "sec_lower": 0.3980902988380856
  },
  "mono": {
    "MAE": 1.1431964423921372,
    "MAE_plain": 0.9449811477131314,
    "RMSE": 1.664378692277703,
    "AbsRel": 0.8752613157696194,
    "delta1": 0.3738820032278697,
    "SILog": 0.6642225784725613,
    "MAE_ffx": 1.1060466927952237,
    "mirror_better_rate": 0.5025,
    "mae_gain_if_mirrored": 0.0060823292864693535,
    "MAE_low": 1.106909471352895,
    "SHcoefL1": 0.42553649248762265,
    "sec_front": 1.035109397040473,
    "sec_left": 1.2438434727986654,
    "sec_back": 1.0540042140748767,
    "sec_right": 1.2398286933369107,
    "sec_upper": 0.954267807536655,
    "sec_lower": 0.4850009908941057
  },
  "left": {
    "MAE": 1.2071993997361925,
    "MAE_plain": 1.0019011118676928,
    "RMSE": 1.7634752629342678,
    "AbsRel": 0.9227983368767633,
    "delta1": 0.35833153936598033,
    "SILog": 0.6890526398022969,
    "MAE_ffx": 1.1699387629826863,
    "mirror_better_rate": 0.5169444444444444,
    "mae_gain_if_mirrored": 0.007423586845397949,
    "MAE_low": 1.1715518222914802,
    "SHcoefL1": 0.4487402881764703,
    "sec_front": 1.0915278826819526,
    "sec_left": 1.335383177863227,
    "sec_back": 1.1106203646130033,
    "sec_right": 1.2912661555078295,
    "sec_upper": 0.9978232468499078,
    "sec_lower": 0.5150502238670985
  },
  "right": {
    "MAE": 1.2345562479231094,
    "MAE_plain": 1.0186490008566114,
    "RMSE": 1.8047864493763919,
    "AbsRel": 0.9609436963664161,
    "delta1": 0.36174004740185206,
    "SILog": 0.6975004091527727,
    "MAE_ffx": 1.1981054809358385,
    "mirror_better_rate": 0.4930555555555556,
    "mae_gain_if_mirrored": 0.005999481305480003,
    "MAE_low": 1.1989595352278815,
    "SHcoefL1": 0.45582273544743657,
    "sec_front": 1.119347897635566,
    "sec_left": 1.3284790817896526,
    "sec_back": 1.144455809328291,
    "sec_right": 1.3459422135353087,
    "sec_upper": 1.0004059292210472,
    "sec_lower": 0.51601140068637
  },
  "shuffle": {
    "MAE": 1.1238053170839946,
    "MAE_plain": 0.9224179029464722,
    "RMSE": 1.6597609283861503,
    "AbsRel": 0.7754186687204573,
    "delta1": 0.36371604323387147,
    "SILog": 0.7115319799052344,
    "MAE_ffx": 1.0798552838961284,
    "mirror_better_rate": 0.48,
    "mae_gain_if_mirrored": 0.050382690818773376,
    "MAE_low": 1.0861589087380303,
    "SHcoefL1": 0.40302498374755186,
    "sec_front": 1.1207880255911085,
    "sec_left": 1.141192888153924,
    "sec_back": 1.1019426737891302,
    "sec_right": 1.1312976874245537,
    "sec_upper": 0.9363884465561972,
    "sec_lower": 0.4778243206606971
  },
  "swap": {
    "MAE": 1.1058458675278557,
    "MAE_plain": 0.9045831006103092,
    "RMSE": 1.6368981178201258,
    "AbsRel": 0.7496482428577211,
    "delta1": 0.37281594455242156,
    "SILog": 0.6964277199904124,
    "MAE_ffx": 1.062131139702267,
    "mirror_better_rate": 0.7463888888888889,
    "mae_gain_if_mirrored": 0.139555174642139,
    "MAE_low": 1.0687146037154727,
    "SHcoefL1": 0.3931209923347665,
    "sec_front": 1.0215540855460696,
    "sec_left": 1.190342635181215,
    "sec_back": 1.0462536923090617,
    "sec_right": 1.1652330644925435,
    "sec_upper": 0.9033353777064217,
    "sec_lower": 0.4655513756804996,
    "swap_mirror_consistency": 0.1400031753984652
  }
}