{
  "test": {
    "MAE": 0.8967555660009384,
    "MAE_plain": 0.7546332524220148,
    "RMSE": 1.4255947778391074,
    "AbsRel": 0.503058954278628,
    "delta1": 0.4487746440370878,
    "delta2": 0.6716871895392735,
    "delta3": 0.8018675975004832,
    "SILog": 0.577628031373024,
    "MAE_ffx": 0.8556854397058486,
    "mirror_better_rate": 0.2522222309062878,
    "mae_gain_if_mirrored": 0.014759238733822712,
    "MAE_low": 0.8586282751957576,
    "SHcoefL1": 0.34966264162833494,
    "sec_front": 0.9006881320476532,
    "sec_left": 0.8837724131345749,
    "sec_back": 0.930573840936025,
    "sec_right": 0.8719878403345743,
    "sec_upper": 0.8040968514482181,
    "sec_lower": 0.38215714315573374
  }
}