{
  "test": {
    "MAE": 0.8970333411296209,
    "MAE_plain": 0.7552699128786723,
    "RMSE": 1.4627215502672677,
    "AbsRel": 0.46340937077999117,
    "delta1": 0.4564089939991633,
    "SILog": 0.5812716654936473,
    "MAE_ffx": 0.8539107761780421,
    "mirror_better_rate": 0.25222222954034806,
    "mae_gain_if_mirrored": 0.01523276628072684,
    "MAE_low": 0.8605320235093434,
    "SHcoefL1": 0.35792289811600414,
    "sec_front": 0.9080532397826513,
    "sec_left": 0.877984312971433,
    "sec_back": 0.9293560381730398,
    "sec_right": 0.8727397640546163,
    "sec_upper": 0.8020978570977847,
    "sec_lower": 0.38164045204718905
  }
}