{
  "test": {
    "MAE": 0.8919226781527201,
    "MAE_plain": 0.7469288992881775,
    "RMSE": 1.4205470060321017,
    "AbsRel": 0.5499084579944611,
    "delta1": 0.45431398709615073,
    "SILog": 0.5792195081710816,
    "MAE_ffx": 0.8513792959849039,
    "mirror_better_rate": 0.281944452325503,
    "mae_gain_if_mirrored": 0.016463667564094068,
    "MAE_low": 0.8541199537118276,
    "SHcoefL1": 0.3508132607572608,
    "sec_front": 0.8945702187220256,
    "sec_left": 0.8743260776996613,
    "sec_back": 0.918033037185669,
    "sec_right": 0.8807613333066304,
    "sec_upper": 0.7866147474447887,
    "sec_lower": 0.38734273076057435
  }
}