{
  "test": {
    "MAE": 0.896934270064036,
    "MAE_plain": 0.7518227855364482,
    "RMSE": 1.4444272933513127,
    "AbsRel": 0.514100888967514,
    "delta1": 0.45088880221048994,
    "SILog": 0.5820299291610718,
    "MAE_ffx": 0.8553634182612101,
    "mirror_better_rate": 0.2727777866522471,
    "mae_gain_if_mirrored": 0.016251142878706257,
    "MAE_low": 0.8596833336353302,
    "SHcoefL1": 0.3557938964933985,
    "sec_front": 0.8969403700033823,
    "sec_left": 0.8851360082626343,
    "sec_back": 0.9299680868784587,
    "sec_right": 0.8756925868988037,
    "sec_upper": 0.7908256995677948,
    "sec_lower": 0.38780981918176016
  }
}