{
  "test": {
    "MAE": 0.9178847670555115,
    "MAE_plain": 0.7696439337730407,
    "RMSE": 1.4529428695660975,
    "AbsRel": 0.562136169274648,
    "delta1": 0.43687459429105124,
    "SILog": 0.600631936788559,
    "MAE_ffx": 0.8750179060300192,
    "mirror_better_rate": 0.2950000077486038,
    "mae_gain_if_mirrored": 0.017002480508138736,
    "MAE_low": 0.8793389654159546,
    "SHcoefL1": 0.3593735255797704,
    "sec_front": 0.8942089827855428,
    "sec_left": 0.9188467915852865,
    "sec_back": 0.974825336933136,
    "sec_right": 0.8836579291025798,
    "sec_upper": 0.8164603235324224,
    "sec_lower": 0.40131905635197956
  }
}