{
  "test": {
    "MAE": 0.9002110777960883,
    "MAE_plain": 0.7547353098127577,
    "RMSE": 1.4381320087010736,
    "AbsRel": 0.551525809235043,
    "delta1": 0.45215339395735,
    "SILog": 0.587491176923116,
    "MAE_ffx": 0.8573879726727803,
    "mirror_better_rate": 0.2797222222222222,
    "mae_gain_if_mirrored": 0.014488130576080746,
    "MAE_low": 0.8625461896260579,
    "SHcoefL1": 0.35322309323896967,
    "sec_front": 0.9049271043141683,
    "sec_left": 0.8892383694648742,
    "sec_back": 0.9257722817526923,
    "sec_right": 0.8809065588315328,
    "sec_upper": 0.792108422782686,
    "sec_lower": 0.38973322523964776
  },
  "mono": {
    "MAE": 0.9769252795643276,
    "MAE_plain": 0.8103409949938456,
    "RMSE": 1.5122778370274965,
    "AbsRel": 0.6460264013873206,
    "delta1": 0.4192889857292175,
    "SILog": 0.6338238577047984,
    "MAE_ffx": 0.934468219810062,
    "mirror_better_rate": 0.5069444444444444,
    "mae_gain_if_mirrored": 0.022812964303625956,
    "MAE_low": 0.9395469890700446,
    "SHcoefL1": 0.3722524361871183,
    "sec_front": 0.9477611250347562,
    "sec_left": 0.9988954710960388,
    "sec_back": 0.9564072696367899,
    "sec_right": 1.0046373258696661,
    "sec_upper": 0.8329342799716526,
    "sec_lower": 0.41709407250086467
  },
  "shuffle": {
    "MAE": 1.1235149325264824,
    "MAE_plain": 0.9224964213371277,
    "RMSE": 1.6841057716333525,
    "AbsRel": 0.7664656043052673,
    "delta1": 0.3663199844625261,
    "SILog": 0.7399846159087287,
    "MAE_ffx": 1.0787286371654934,
    "mirror_better_rate": 0.4975,
    "mae_gain_if_mirrored": 0.04858916026022699,
    "MAE_low": 1.0870302020178901,
    "SHcoefL1": 0.4048636277827124,
    "sec_front": 1.133949904706743,
    "sec_left": 1.1161781554751926,
    "sec_back": 1.1094292174445257,
    "sec_right": 1.1345024734073215,
    "sec_upper": 0.9376398788558112,
    "sec_lower": 0.47989989121754967
  },
  "swap": {
    "MAE": 1.0721669567955865,
    "MAE_plain": 0.8772099804878235,
    "RMSE": 1.6335753620436895,
    "AbsRel": 0.7147909327348073,
    "delta1": 0.3910445365640852,
    "SILog": 0.7105402811368307,
    "MAE_ffx": 1.0276710507604812,
    "mirror_better_rate": 0.7091666666666666,
    "mae_gain_if_mirrored": 0.13715258581770792,
    "MAE_low": 1.0359756604830423,
    "SHcoefL1": 0.3877533183681468,
    "sec_front": 0.9873761381043328,
    "sec_left": 1.145940351486206,
    "sec_back": 0.9942050178845724,
    "sec_right": 1.1611463668611315,
    "sec_upper": 0.8741933449109396,
    "sec_lower": 0.4577580021487342
  }
}