{
  "test": {
    "MAE": 0.8208837473392486,
    "MAE_plain": 0.6968273510535558,
    "RMSE": 1.2570520957310996,
    "AbsRel": 0.6305629382530848,
    "delta1": 0.4240785057346026,
    "delta2": 0.6427038059631983,
    "delta3": 0.7760528457164765,
    "SILog": 0.5435471220811208,
    "MAE_ffx": 0.7946556840340296,
    "mirror_better_rate": 0.3005555638919274,
    "mae_gain_if_mirrored": 0.017671859390102327,
    "MAE_low": 0.7809935891628266,
    "SHcoefL1": 0.32343967358478243,
    "sec_front": 0.7978751337528229,
    "sec_left": 0.8121984388430913,
    "sec_back": 0.8619128344456355,
    "sec_right": 0.7838716902335485,
    "sec_upper": 0.6825218839446704,
    "sec_lower": 0.3233797703186671
  }
}