{
  "test": {
    "MAE": 0.9700277916590373,
    "MAE_plain": 0.8134277641773224,
    "RMSE": 1.4855837431510455,
    "AbsRel": 0.6064533785978953,
    "delta1": 0.3996693313121796,
    "SILog": 0.6198155176639557,
    "MAE_ffx": 0.926094667116801,
    "mirror_better_rate": 0.5036111275355021,
    "mae_gain_if_mirrored": 0.004323135164255898,
    "MAE_low": 0.9318525369962056,
    "SHcoefL1": 0.3633071319800284,
    "sec_front": 0.9423102235794067,
    "sec_left": 0.9870895838737488,
    "sec_back": 0.9658669320742289,
    "sec_right": 0.9848444000879923,
    "sec_upper": 0.8458280984560649,
    "sec_lower": 0.41945979992548627
  },
  "mono": {
    "MAE": 1.2188107546170552,
    "MAE_plain": 1.0020741033554077,
    "RMSE": 1.7677354071105484,
    "AbsRel": 0.9284849135080974,
    "delta1": 0.3486986005306244,
    "SILog": 0.7389849519729614,
    "MAE_ffx": 1.1746377539634705,
    "mirror_better_rate": 0.5036111271381378,
    "mae_gain_if_mirrored": 0.004476930317468941,
    "MAE_low": 1.1837582755088807,
    "SHcoefL1": 0.4390786148317986,
    "sec_front": 1.2192635528246563,
    "sec_left": 1.268090155919393,
    "sec_back": 1.1379075749715168,
    "sec_right": 1.24998166402181,
    "sec_upper": 0.9949492311477661,
    "sec_lower": 0.4907605282465617
  },
  "shuffle": {
    "MAE": 1.096677803993225,
    "MAE_plain": 0.9109638635317484,
    "RMSE": 1.62870180973662,
    "AbsRel": 0.734361584186554,
    "delta1": 0.35796138922373455,
    "SILog": 0.7125078630447388,
    "MAE_ffx": 1.0516960819562275,
    "mirror_better_rate": 0.4777777894337972,
    "mae_gain_if_mirrored": 0.0033091795056437454,
    "MAE_low": 1.0594165722529094,
    "SHcoefL1": 0.39141237852681016,
    "sec_front": 1.119950091044108,
    "sec_left": 1.0823143815994263,
    "sec_back": 1.1012715125083923,
    "sec_right": 1.0831752339998881,
    "sec_upper": 0.9394933249553045,
    "sec_lower": 0.4714642401536306
  },
  "swap": {
    "MAE": 0.9698315906524658,
    "MAE_plain": 0.813235894838969,
    "RMSE": 1.4844371698927277,
    "AbsRel": 0.6072796154022216,
    "delta1": 0.39951966484387713,
    "SILog": 0.6195136217276255,
    "MAE_ffx": 0.9258822043736775,
    "mirror_better_rate": 0.5113889082272848,
    "mae_gain_if_mirrored": 0.0043211116346841055,
    "MAE_low": 0.9316638175646464,
    "SHcoefL1": 0.3631601881587671,
    "sec_front": 0.9405914441744486,
    "sec_left": 0.9827187744776408,
    "sec_back": 0.9684141850471497,
    "sec_right": 0.9876019215583801,
    "sec_upper": 0.8458797576030096,
    "sec_lower": 0.4193745736281077
  }
}