{
  "test": {
    "MAE": 0.9693761825561523,
    "MAE_plain": 0.8176972117026647,
    "RMSE": 1.4891601966620394,
    "AbsRel": 0.5790632234017055,
    "delta1": 0.3934527400135994,
    "SILog": 0.6187767193714777,
    "MAE_ffx": 0.926274638970693,
    "mirror_better_rate": 0.296388897250096,
    "mae_gain_if_mirrored": 0.019865143488471706,
    "MAE_low": 0.9319071094195048,
    "SHcoefL1": 0.36581063769964706,
    "sec_front": 0.9893622855345409,
    "sec_left": 0.9452240999539693,
    "sec_back": 1.0105227120717366,
    "sec_right": 0.9323956338564555,
    "sec_upper": 0.875414022008578,
    "sec_lower": 0.41631636291742324
  },
  "mono": {
    "MAE": 4.469848028818766,
    "MAE_plain": 3.8816992712020872,
    "RMSE": 5.485965371303863,
    "AbsRel": 3.7680762696266172,
    "delta1": 0.12294665654500325,
    "SILog": 1.1167343465487163,
    "MAE_ffx": 4.499476599693298,
    "mirror_better_rate": 0.49888890246550244,
    "mae_gain_if_mirrored": 0.011304146501546104,
    "MAE_low": 4.469182445208232,
    "SHcoefL1": 1.0023288397159842,
    "sec_front": 3.627975549697876,
    "sec_left": 4.875305495262146,
    "sec_back": 4.38711079120636,
    "sec_right": 4.9890003490448,
    "sec_upper": 6.467297581036886,
    "sec_lower": 0.8835744102795918
  },
  "shuffle": {
    "MAE": 1.1385659511884054,
    "MAE_plain": 0.9422096459070841,
    "RMSE": 1.6875020468794801,
    "AbsRel": 0.7449910936752955,
    "delta1": 0.34329004476467767,
    "SILog": 0.7436938122908274,
    "MAE_ffx": 1.0937142153580983,
    "mirror_better_rate": 0.5044444582859675,
    "mae_gain_if_mirrored": 0.06178991182396809,
    "MAE_low": 1.1024111314614613,
    "SHcoefL1": 0.4043464141132103,
    "sec_front": 1.1204141783714294,
    "sec_left": 1.16844127257665,
    "sec_back": 1.1085786819458008,
    "sec_right": 1.1568296329180399,
    "sec_upper": 0.9716660863161087,
    "sec_lower": 0.4845530095696449
  },
  "swap": {
    "MAE": 1.1413248725732168,
    "MAE_plain": 0.9441667169332504,
    "RMSE": 1.6898066515424832,
    "AbsRel": 0.7326545711358389,
    "delta1": 0.3379940340916316,
    "SILog": 0.7420798027515412,
    "MAE_ffx": 1.096450255314509,
    "mirror_better_rate": 0.6502777975797653,
    "mae_gain_if_mirrored": 0.11735759169484178,
    "MAE_low": 1.1058864982922871,
    "SHcoefL1": 0.39957948291053375,
    "sec_front": 1.0732048587004344,
    "sec_left": 1.1851939769585926,
    "sec_back": 1.1004205199082693,
    "sec_right": 1.2064801855882008,
    "sec_upper": 0.9638134221235911,
    "sec_lower": 0.4882356826464335,
    "swap_mirror_consistency": 0.4089056710605469
  }
}