{
  "test": {
    "MAE": 0.9078551085789999,
    "MAE_plain": 0.7653004682064056,
    "RMSE": 1.4273400776797065,
    "AbsRel": 0.5452554407384661,
    "delta1": 0.4468449344899919,
    "SILog": 0.5732139899995592,
    "MAE_ffx": 0.8661485844188266,
    "mirror_better_rate": 0.24222222222222223,
    "mae_gain_if_mirrored": 0.012946990533835358,
    "MAE_low": 0.8697188431686825,
    "SHcoefL1": 0.35352366431926685,
    "sec_front": 0.9224846222665575,
    "sec_left": 0.8829682374000549,
    "sec_back": 0.9464707479212019,
    "sec_right": 0.879496818780899,
    "sec_upper": 0.8209225371811125,
    "sec_lower": 0.3891279840800497
  }
}