{
  "test": {
    "MAE": 0.8912538758913676,
    "MAE_plain": 0.7493095125754674,
    "RMSE": 1.4604156411118656,
    "AbsRel": 0.4566807872056961,
    "delta1": 0.45975663781166076,
    "SILog": 0.5786438379685084,
    "MAE_ffx": 0.8480751905838648,
    "mirror_better_rate": 0.25444445128242177,
    "mae_gain_if_mirrored": 0.016289062194603805,
    "MAE_low": 0.8548440734545389,
    "SHcoefL1": 0.3566322458804482,
    "sec_front": 0.8989520100752513,
    "sec_left": 0.8720964715878169,
    "sec_back": 0.9234517403443654,
    "sec_right": 0.8705152610937754,
    "sec_upper": 0.789783665339152,
    "sec_lower": 0.38177583237489066
  }
}