{
  "test": {
    "MAE": 0.8932939306894938,
    "MAE_plain": 0.7511426770687103,
    "RMSE": 1.4338142194810815,
    "AbsRel": 0.5133207714557648,
    "delta1": 0.45521094302336373,
    "SILog": 0.5719178920984268,
    "MAE_ffx": 0.8511154516537984,
    "mirror_better_rate": 0.2638888960083326,
    "mae_gain_if_mirrored": 0.014494137682486325,
    "MAE_low": 0.8555682311455409,
    "SHcoefL1": 0.35060391553367176,
    "sec_front": 0.9034632903337478,
    "sec_left": 0.8725089774529139,
    "sec_back": 0.9212867454687754,
    "sec_right": 0.8759167051315307,
    "sec_upper": 0.7953758165240288,
    "sec_lower": 0.38430868526299794
  }
}