{
  "test": {
    "MAE": 0.8837860395510991,
    "MAE_plain": 0.7441630407174429,
    "RMSE": 1.4230521115501327,
    "AbsRel": 0.5012578956286112,
    "delta1": 0.4639289326469104,
    "SILog": 0.5728229163090388,
    "MAE_ffx": 0.8413213406006496,
    "mirror_better_rate": 0.24861111752688886,
    "mae_gain_if_mirrored": 0.013552374376837786,
    "MAE_low": 0.8462811801830927,
    "SHcoefL1": 0.35088296368821625,
    "sec_front": 0.8839648739496867,
    "sec_left": 0.8681436254580815,
    "sec_back": 0.9213171855608622,
    "sec_right": 0.8617184817790985,
    "sec_upper": 0.7959382447600365,
    "sec_lower": 0.3791627330581347
  }
}