{
  "test": {
    "MAE": 0.9148826977941725,
    "MAE_plain": 0.7640401535563999,
    "RMSE": 1.4513348642538075,
    "AbsRel": 0.5494717917177412,
    "delta1": 0.4375500407483843,
    "SILog": 0.5937297638257345,
    "MAE_ffx": 0.871230845451355,
    "mirror_better_rate": 0.2811111111111111,
    "mae_gain_if_mirrored": 0.016684362155695756,
    "MAE_low": 0.8773589523633322,
    "SHcoefL1": 0.35708848462129633,
    "sec_front": 0.9223255030314128,
    "sec_left": 0.902475561036004,
    "sec_back": 0.9387531526883444,
    "sec_right": 0.8959765860769484,
    "sec_upper": 0.7991193923685286,
    "sec_lower": 0.39576905873086715
  },
  "mono": {
    "MAE": 1.0180882090992398,
    "MAE_plain": 0.8440058581034342,
    "RMSE": 1.5665243103798208,
    "AbsRel": 0.6726286064253914,
    "delta1": 0.40220197121302287,
    "SILog": 0.6509920386473338,
    "MAE_ffx": 0.9759603966606988,
    "mirror_better_rate": 0.4975,
    "mae_gain_if_mirrored": 0.01722512825495667,
    "MAE_low": 0.9814322204060024,
    "SHcoefL1": 0.3926708900473184,
    "sec_front": 0.9782697121302287,
    "sec_left": 1.031276663409339,
    "sec_back": 0.9957622403568692,
    "sec_right": 1.0670442072550457,
    "sec_upper": 0.8665178573131561,
    "sec_lower": 0.4267479952176412
  },
  "shuffle": {
    "MAE": 1.1170425775316026,
    "MAE_plain": 0.9163095344437493,
    "RMSE": 1.6713080989474116,
    "AbsRel": 0.7440557834837171,
    "delta1": 0.35967709448602464,
    "SILog": 0.7322634842660692,
    "MAE_ffx": 1.0712794420454237,
    "mirror_better_rate": 0.4872222222222222,
    "mae_gain_if_mirrored": 0.051756098278694686,
    "MAE_low": 1.080515864690145,
    "SHcoefL1": 0.401657700739387,
    "sec_front": 1.1124621200561524,
    "sec_left": 1.1241335678100586,
    "sec_back": 1.095571517944336,
    "sec_right": 1.1360030942493016,
    "sec_upper": 0.9336299387613932,
    "sec_lower": 0.4810130000114441
  },
  "swap": {
    "MAE": 1.0892431627379524,
    "MAE_plain": 0.8889512729644775,
    "RMSE": 1.6437496923154034,
    "AbsRel": 0.7119656797250112,
    "delta1": 0.37541659739282396,
    "SILog": 0.7142344564861721,
    "MAE_ffx": 1.0439302264319525,
    "mirror_better_rate": 0.7155555555555555,
    "mae_gain_if_mirrored": 0.14085590831107564,
    "MAE_low": 1.0531826368967692,
    "SHcoefL1": 0.39119918829244044,
    "sec_front": 0.998824786345164,
    "sec_left": 1.1748729075325859,
    "sec_back": 1.0111457803514268,
    "sec_right": 1.1721291478474936,
    "sec_upper": 0.8843124471770393,
    "sec_lower": 0.4665934285852644
  }
}