{
  "test": {
    "MAE": 0.9080982771184709,
    "MAE_plain": 0.7635040288501316,
    "RMSE": 1.4166130279320628,
    "AbsRel": 0.570543987221188,
    "delta1": 0.44831482172012327,
    "SILog": 0.5737098769346873,
    "MAE_ffx": 0.8670409923129612,
    "mirror_better_rate": 0.25916666666666666,
    "mae_gain_if_mirrored": 0.014120598228441344,
    "MAE_low": 0.869457504219479,
    "SHcoefL1": 0.3524551041672627,
    "sec_front": 0.9208097718821632,
    "sec_left": 0.8860247260994382,
    "sec_back": 0.9463439359929826,
    "sec_right": 0.8792146660221948,
    "sec_upper": 0.8127096382776896,
    "sec_lower": 0.38757428536812466
  }
}