{
  "run": "B2_pvit_s0",
  "MAE": 0.9067939851019118,
  "MAE_plain": 0.7578292563226487,
  "RMSE": 1.4289951588093437,
  "AbsRel": 0.5365812931458155,
  "delta1": 0.4371186951796214,
  "delta2": 0.6618733406066895,
  "delta3": 0.7959290064705743,
  "SILog": 0.5716426637437608,
  "MAE_ffx": 0.8641771063539717,
  "mirror_better_rate": 0.27111111111111114,
  "mae_gain_if_mirrored": 0.015077953168915378,
  "MAE_low": 0.8686516711446974,
  "SHcoefL1": 0.35261789246358805,
  "sec_front": 0.9112745115492079,
  "sec_left": 0.894972523715761,
  "sec_back": 0.9329012731711069,
  "sec_right": 0.88802760998408,
  "sec_upper": 0.7977726843621996,
  "sec_lower": 0.3911405310034752
}