{
  "test": {
    "MAE": 0.9154170486662123,
    "MAE_plain": 0.7662895634439256,
    "RMSE": 1.447353517934424,
    "AbsRel": 0.5823896683586969,
    "delta1": 0.44570155991448296,
    "SILog": 0.5944714197847578,
    "MAE_ffx": 0.8739175306426155,
    "mirror_better_rate": 0.29833333333333334,
    "mae_gain_if_mirrored": 0.019120162344641155,
    "MAE_low": 0.8772714397642347,
    "SHcoefL1": 0.35689925766446523,
    "sec_front": 0.9110730714268155,
    "sec_left": 0.9190940244992574,
    "sec_back": 0.9434680027431912,
    "sec_right": 0.8880331524213155,
    "sec_upper": 0.79466495235761,
    "sec_lower": 0.3964666520224677
  },
  "mono": {
    "MAE": 0.9904391169548035,
    "MAE_plain": 0.8216594587432013,
    "RMSE": 1.5213876241935032,
    "AbsRel": 0.6792142686578962,
    "delta1": 0.41654066059324474,
    "SILog": 0.6376324882772234,
    "MAE_ffx": 0.9489584294954936,
    "mirror_better_rate": 0.5027777777777778,
    "mae_gain_if_mirrored": 0.03326925668451521,
    "MAE_low": 0.952483749654558,
    "SHcoefL1": 0.3751781067624688,
    "sec_front": 0.9456062234772576,
    "sec_left": 1.031529083251953,
    "sec_back": 0.9767696910434299,
    "sec_right": 1.007851497862074,
    "sec_upper": 0.8360759409268698,
    "sec_lower": 0.423005291223526
  },
  "shuffle": {
    "MAE": 1.126526001294454,
    "MAE_plain": 0.9253795115152995,
    "RMSE": 1.6857377232496558,
    "AbsRel": 0.785110008319219,
    "delta1": 0.3691183220015632,
    "SILog": 0.7353962635993958,
    "MAE_ffx": 1.0828707464536032,
    "mirror_better_rate": 0.5069444444444444,
    "mae_gain_if_mirrored": 0.05332731233702766,
    "MAE_low": 1.0895329327053493,
    "SHcoefL1": 0.40572695545852183,
    "sec_front": 1.1332972659005058,
    "sec_left": 1.1256044250064425,
    "sec_back": 1.1074446450339424,
    "sec_right": 1.1397576634089153,
    "sec_upper": 0.9404799580574036,
    "sec_lower": 0.475226925611496
  },
  "swap": {
    "MAE": 1.0874638970692951,
    "MAE_plain": 0.8902670433786181,
    "RMSE": 1.6387136931274338,
    "AbsRel": 0.7535789348019494,
    "delta1": 0.38676636033587986,
    "SILog": 0.707564022011227,
    "MAE_ffx": 1.0448218154907227,
    "mirror_better_rate": 0.6969444444444445,
    "mae_gain_if_mirrored": 0.12827651527192857,
    "MAE_low": 1.050610749191708,
    "SHcoefL1": 0.391701959806184,
    "sec_front": 1.0072605125109355,
    "sec_left": 1.1586504406399196,
    "sec_back": 1.0298360750410291,
    "sec_right": 1.154108608033922,
    "sec_upper": 0.8818210813734266,
    "sec_lower": 0.4609595285521613
  }
}