{
  "test": {
    "MAE": 0.9048866442839305,
    "MAE_plain": 0.7617189506689708,
    "RMSE": 1.4737727579937816,
    "AbsRel": 0.4702624144156774,
    "delta1": 0.45371539672215777,
    "SILog": 0.5888755214214325,
    "MAE_ffx": 0.861419829527537,
    "mirror_better_rate": 0.2500000075499217,
    "mae_gain_if_mirrored": 0.015740422122592766,
    "MAE_low": 0.8683105609814326,
    "SHcoefL1": 0.35993799208146005,
    "sec_front": 0.9187214863300324,
    "sec_left": 0.8810739290714263,
    "sec_back": 0.9414190963904063,
    "sec_right": 0.8783320295810699,
    "sec_upper": 0.8120685642957688,
    "sec_lower": 0.3843421533703804
  }
}