{
  "test": {
    "MAE": 1.1493073666095734,
    "MAE_plain": 0.9818703313668569,
    "RMSE": 1.6668228891812245,
    "AbsRel": 0.8190585072835287,
    "delta1": 0.33772451321283975,
    "SILog": 0.6787542271614074,
    "MAE_ffx": 1.0984091858069103,
    "mirror_better_rate": 0.5091666794816653,
    "mae_gain_if_mirrored": 0.00011503190999671157,
    "MAE_low": 1.1141578169663746,
    "SHcoefL1": 0.39130617438505094,
    "sec_front": 1.1492449975013732,
    "sec_left": 1.1493987723191579,
    "sec_back": 1.1492346866925558,
    "sec_right": 1.1493510289986928,
    "sec_upper": 1.1135871439178784,
    "sec_lower": 0.4800854210058848
  },
  "mono": {
    "MAE": 1.149307540655136,
    "MAE_plain": 0.9818715465068817,
    "RMSE": 1.6668225364897422,
    "AbsRel": 0.8190590403477351,
    "delta1": 0.3377249710758527,
    "SILog": 0.6787539291381836,
    "MAE_ffx": 1.0984093769391379,
    "mirror_better_rate": 0.5091666796803475,
    "mae_gain_if_mirrored": 0.00011501262070548061,
    "MAE_low": 1.1141580001513163,
    "SHcoefL1": 0.39130591714133817,
    "sec_front": 1.1492450475692748,
    "sec_left": 1.1493989356358847,
    "sec_back": 1.1492349326610565,
    "sec_right": 1.1493512403964996,
    "sec_upper": 1.1135864939292273,
    "sec_lower": 0.48008691529432934
  },
  "left": {
    "MAE": 1.1493068826198578,
    "MAE_plain": 0.9818668888012568,
    "RMSE": 1.6668237118808948,
    "AbsRel": 0.8190571822722753,
    "delta1": 0.3377242258191109,
    "SILog": 0.6787550089756648,
    "MAE_ffx": 1.0984086521466574,
    "mirror_better_rate": 0.509722234805425,
    "mae_gain_if_mirrored": 0.00011507386437491126,
    "MAE_low": 1.1141572570800782,
    "SHcoefL1": 0.3913068381241626,
    "sec_front": 1.1492446704705557,
    "sec_left": 1.1493983602523803,
    "sec_back": 1.149234149456024,
    "sec_right": 1.1493503479162852,
    "sec_upper": 1.1135888886451721,
    "sec_lower": 0.48008111119270325
  },
  "right": {
    "MAE": 1.1493068468570709,
    "MAE_plain": 0.9818668905893961,
    "RMSE": 1.6668236702020105,
    "AbsRel": 0.8190571691592534,
    "delta1": 0.33772414207458495,
    "SILog": 0.678754996061325,
    "MAE_ffx": 1.0984086191654205,
    "mirror_better_rate": 0.5083333463470141,
    "mae_gain_if_mirrored": 0.00011506575969178811,
    "MAE_low": 1.1141572423775992,
    "SHcoefL1": 0.39130680959257813,
    "sec_front": 1.1492442866166432,
    "sec_left": 1.1493982708454131,
    "sec_back": 1.1492344943682353,
    "sec_right": 1.1493503709634145,
    "sec_upper": 1.11358871648709,
    "sec_lower": 0.4800810580452283
  },
  "shuffle": {
    "MAE": 1.1493074429035186,
    "MAE_plain": 0.9818703957398732,
    "RMSE": 1.666822963249788,
    "AbsRel": 0.8190585877497991,
    "delta1": 0.337724805076917,
    "SILog": 0.6787542470296224,
    "MAE_ffx": 1.098409257332484,
    "mirror_better_rate": 0.5088889014720916,
    "mae_gain_if_mirrored": 0.00011503775363356302,
    "MAE_low": 1.1141578757762909,
    "SHcoefL1": 0.3913061517021722,
    "sec_front": 1.1492454568545023,
    "sec_left": 1.149398166735967,
    "sec_back": 1.1492355144023896,
    "sec_right": 1.1493506050109863,
    "sec_upper": 1.11358717272679,
    "sec_lower": 0.48008539964755376
  },
  "swap": {
    "MAE": 1.1493073538939158,
    "MAE_plain": 0.9818703093131383,
    "RMSE": 1.6668228586599296,
    "AbsRel": 0.8190585033098856,
    "delta1": 0.33772456059853234,
    "SILog": 0.6787542204062144,
    "MAE_ffx": 1.0984091635545095,
    "mirror_better_rate": 0.5091666794816653,
    "mae_gain_if_mirrored": 0.00011502669397790062,
    "MAE_low": 1.114157801469167,
    "SHcoefL1": 0.3913061589250962,
    "sec_front": 1.1492448194821676,
    "sec_left": 1.1493987437089284,
    "sec_back": 1.1492348527908325,
    "sec_right": 1.1493509868780771,
    "sec_upper": 1.1135870537161827,
    "sec_lower": 0.480085385342439,
    "swap_mirror_consistency": 0.005207444003985188
  }
}