{
  "test": {
    "MAE": 0.8230050764481227,
    "MAE_plain": 0.6966710966825486,
    "RMSE": 1.2756102681159973,
    "AbsRel": 0.5959217170874278,
    "delta1": 0.4290975739558538,
    "delta2": 0.6448146289587021,
    "delta3": 0.7761038629213969,
    "SILog": 0.5474674214919408,
    "MAE_ffx": 0.7961335430542628,
    "mirror_better_rate": 0.29277778655290604,
    "mae_gain_if_mirrored": 0.020676899867442748,
    "MAE_low": 0.7834576954444249,
    "SHcoefL1": 0.32826203962787986,
    "sec_front": 0.8021602245171865,
    "sec_left": 0.8243135625123977,
    "sec_back": 0.8580337605873744,
    "sec_right": 0.7776283605893453,
    "sec_upper": 0.6828812388579051,
    "sec_lower": 0.32015423278013866
  }
}