{
  "test": {
    "MAE": 0.8903882284959157,
    "MAE_plain": 0.7482077399889628,
    "RMSE": 1.4065427630004486,
    "AbsRel": 0.520470394094785,
    "delta1": 0.4398813093701998,
    "SILog": 0.5580622925360997,
    "MAE_ffx": 0.8479634994268417,
    "mirror_better_rate": 0.25500000767409803,
    "mae_gain_if_mirrored": 0.013408111289415199,
    "MAE_low": 0.8520117859045665,
    "SHcoefL1": 0.3468488568139987,
    "sec_front": 0.8948005110025405,
    "sec_left": 0.8724599748849868,
    "sec_back": 0.9245793124039968,
    "sec_right": 0.8697131172815958,
    "sec_upper": 0.7952645752827326,
    "sec_lower": 0.38159216692050296
  }
}