{
  "test": {
    "MAE": 0.98287977748447,
    "MAE_plain": 0.8252946376800537,
    "RMSE": 1.5181180769198142,
    "AbsRel": 0.6499005340205298,
    "delta1": 0.41175492180718315,
    "SILog": 0.6360307825936211,
    "MAE_ffx": 0.9406956516371833,
    "mirror_better_rate": 0.3258333333333333,
    "mae_gain_if_mirrored": 0.021938541299766964,
    "MAE_low": 0.944217700958252,
    "SHcoefL1": 0.3836718196856479,
    "sec_front": 0.9754021406173706,
    "sec_left": 1.000243742995792,
    "sec_back": 1.0362618467542861,
    "sec_right": 0.9196113986439175,
    "sec_upper": 0.8759251790576511,
    "sec_lower": 0.42604126234849293
  },
  "mono": {
    "MAE": 1.295280072953966,
    "MAE_plain": 1.0453211334016588,
    "RMSE": 1.9203326631500914,
    "AbsRel": 1.0702238342497084,
    "delta1": 0.37066216852929856,
    "SILog": 0.7199169492721558,
    "MAE_ffx": 1.264560514026218,
    "mirror_better_rate": 0.4961111111111111,
    "mae_gain_if_mirrored": 0.055545851323339675,
    "MAE_low": 1.2579892338646783,
    "SHcoefL1": 0.5057523468095395,
    "sec_front": 1.1634224820137025,
    "sec_left": 1.1412932915157743,
    "sec_back": 1.1302563921610513,
    "sec_right": 1.7461481592390273,
    "sec_upper": 1.027166766060723,
    "sec_lower": 0.47112369457880654
  },
  "shuffle": {
    "MAE": 1.1394023646248712,
    "MAE_plain": 0.9403532126214769,
    "RMSE": 1.6994266609669946,
    "AbsRel": 0.7912763565116459,
    "delta1": 0.3592048558923933,
    "SILog": 0.7315378369225396,
    "MAE_ffx": 1.095500238471561,
    "mirror_better_rate": 0.49472222222222223,
    "mae_gain_if_mirrored": 0.048354614509476555,
    "MAE_low": 1.1017634558677674,
    "SHcoefL1": 0.4203832782742878,
    "sec_front": 1.1399407233132257,
    "sec_left": 1.0946233473883735,
    "sec_back": 1.1336335510677762,
    "sec_right": 1.1894118150075277,
    "sec_upper": 0.9647509251700507,
    "sec_lower": 0.47655542148484126
  },
  "swap": {
    "MAE": 1.1071786228815714,
    "MAE_plain": 0.9136915487713284,
    "RMSE": 1.6597638940417374,
    "AbsRel": 0.7655739423963759,
    "delta1": 0.371387365659078,
    "SILog": 0.7080544074376424,
    "MAE_ffx": 1.0642259036170112,
    "mirror_better_rate": 0.6575,
    "mae_gain_if_mirrored": 0.09490636613633897,
    "MAE_low": 1.06948927031623,
    "SHcoefL1": 0.41298354437574747,
    "sec_front": 1.0255965802404616,
    "sec_left": 1.1206650161743164,
    "sec_back": 1.093965048260159,
    "sec_right": 1.1884878449969822,
    "sec_upper": 0.9332271846135457,
    "sec_lower": 0.46447359932793514
  }
}