{
  "test": {
    "MAE": 0.8889388757944107,
    "MAE_plain": 0.7501172701517741,
    "RMSE": 1.4224549921107956,
    "AbsRel": 0.5207657879590988,
    "delta1": 0.45962043027083077,
    "SILog": 0.5709434787432353,
    "MAE_ffx": 0.8471955647071202,
    "mirror_better_rate": 0.25527778511246046,
    "mae_gain_if_mirrored": 0.014879436920649218,
    "MAE_low": 0.8508602021137873,
    "SHcoefL1": 0.3501855273844881,
    "sec_front": 0.8888596353928248,
    "sec_left": 0.8731871553262075,
    "sec_back": 0.9267910466591517,
    "sec_right": 0.8669176874558131,
    "sec_upper": 0.7939317797621092,
    "sec_lower": 0.38182153860727946
  }
}