{
  "test": {
    "MAE": 0.8946397207180659,
    "MAE_plain": 0.7531579667329789,
    "RMSE": 1.4611424884854047,
    "AbsRel": 0.4717283294598262,
    "delta1": 0.4620759731531143,
    "SILog": 0.5865538966655731,
    "MAE_ffx": 0.852314354578654,
    "mirror_better_rate": 0.24888889720042548,
    "mae_gain_if_mirrored": 0.014463135444093495,
    "MAE_low": 0.8584786679347356,
    "SHcoefL1": 0.3574475521873683,
    "sec_front": 0.8985139522949854,
    "sec_left": 0.8771623758474986,
    "sec_back": 0.9323120647668839,
    "sec_right": 0.8705704708894094,
    "sec_upper": 0.7985259154438973,
    "sec_lower": 0.3824873169263204
  }
}