{
  "test": {
    "MAE": 0.889100954135259,
    "MAE_plain": 0.7511846315860748,
    "RMSE": 1.4066816843535623,
    "AbsRel": 0.5571505055824916,
    "delta1": 0.4568655397494634,
    "SILog": 0.5668916785717011,
    "MAE_ffx": 0.8467638226350148,
    "mirror_better_rate": 0.2550000072270632,
    "mae_gain_if_mirrored": 0.01254684194670214,
    "MAE_low": 0.8511650129159292,
    "SHcoefL1": 0.34683195520399346,
    "sec_front": 0.8941484544674555,
    "sec_left": 0.8727747903267542,
    "sec_back": 0.9229949190219243,
    "sec_right": 0.8664856495459875,
    "sec_upper": 0.7964162931839625,
    "sec_lower": 0.3917009790738424
  }
}