{
  "test": {
    "MAE": 0.8986268548170725,
    "MAE_plain": 0.7563110546271006,
    "RMSE": 1.440220419494504,
    "AbsRel": 0.5351677958170573,
    "delta1": 0.4526035229365031,
    "SILog": 0.5853427151838938,
    "MAE_ffx": 0.8560565956433615,
    "mirror_better_rate": 0.27916667381922405,
    "mae_gain_if_mirrored": 0.015644831086198487,
    "MAE_low": 0.8615061509609222,
    "SHcoefL1": 0.35549053456841245,
    "sec_front": 0.8994992327690124,
    "sec_left": 0.8907440876960755,
    "sec_back": 0.9231868998209636,
    "sec_right": 0.8810772252082825,
    "sec_upper": 0.8016640543937683,
    "sec_lower": 0.38600935637950895
  }
}