{
  "run": "B2_batvis_s2",
  "MAE": 0.8964411282539367,
  "MAE_plain": 0.7516667636235556,
  "RMSE": 1.4288677573651034,
  "AbsRel": 0.5431244073973762,
  "delta1": 0.45450721025466917,
  "delta2": 0.6740849910842048,
  "delta3": 0.8008158085081313,
  "SILog": 0.5794062774711185,
  "MAE_ffx": 0.85488894144694,
  "mirror_better_rate": 0.2775,
  "mae_gain_if_mirrored": 0.016736992374062537,
  "MAE_low": 0.8587043499946594,
  "SHcoefL1": 0.35248846088846525,
  "sec_front": 0.8928402084774442,
  "sec_left": 0.8959924096531339,
  "sec_back": 0.9185523700714111,
  "sec_right": 0.8783794969982571,
  "sec_upper": 0.7854900166723463,
  "sec_lower": 0.38685112330648636
}