{
  "test": {
    "MAE": 0.8964411277241177,
    "MAE_plain": 0.751666763358646,
    "RMSE": 1.428867756354443,
    "AbsRel": 0.5431244095166524,
    "delta1": 0.45450722111596004,
    "delta2": 0.6740849910842048,
    "delta3": 0.8008158116870456,
    "SILog": 0.5794062769412994,
    "MAE_ffx": 0.854888940387302,
    "mirror_better_rate": 0.2775,
    "mae_gain_if_mirrored": 0.01673699269692103,
    "MAE_low": 0.8587043484052023,
    "SHcoefL1": 0.35248846071254875,
    "sec_front": 0.8928402095370822,
    "sec_left": 0.8959924085934957,
    "sec_back": 0.9185523753696018,
    "sec_right": 0.8783794975280762,
    "sec_upper": 0.785490017996894,
    "sec_lower": 0.38685112383630543
  }
}