{
  "test": {
    "MAE": 0.9254848498768277,
    "MAE_plain": 0.7765178435378605,
    "RMSE": 1.472558063763115,
    "AbsRel": 0.5021238429678812,
    "delta1": 0.43807980173163946,
    "SILog": 0.5905584735340542,
    "MAE_ffx": 0.881529672940572,
    "mirror_better_rate": 0.26416666666666666,
    "mae_gain_if_mirrored": 0.01753556153426568,
    "MAE_low": 0.8888860519727071,
    "SHcoefL1": 0.36338589614257216,
    "sec_front": 0.9370590125189887,
    "sec_left": 0.9075847478707632,
    "sec_back": 0.961454217698839,
    "sec_right": 0.8958414084381527,
    "sec_upper": 0.8261610255638758,
    "sec_lower": 0.39260221044222515
  }
}