{
  "test": {
    "MAE": 0.9460697762171427,
    "MAE_plain": 0.7938771663771735,
    "RMSE": 1.4453461326682975,
    "AbsRel": 0.5974109084076351,
    "delta1": 0.4140394524733226,
    "SILog": 0.59323789662785,
    "MAE_ffx": 0.9036714092890421,
    "mirror_better_rate": 0.3277777777777778,
    "mae_gain_if_mirrored": 0.018191874275604883,
    "MAE_low": 0.9070989990234375,
    "SHcoefL1": 0.3577977200328476,
    "sec_front": 0.9531064049402873,
    "sec_left": 0.9240768366389804,
    "sec_back": 0.976318584813012,
    "sec_right": 0.9307772556940714,
    "sec_upper": 0.837471269634035,
    "sec_lower": 0.40621668775876363
  },
  "mono": {
    "MAE": 1.728365978135003,
    "MAE_plain": 1.4492636103100247,
    "RMSE": 2.393836062566415,
    "AbsRel": 1.3175118849012586,
    "delta1": 0.26739090508884855,
    "SILog": 0.9626769420835707,
    "MAE_ffx": 1.6964231257968478,
    "mirror_better_rate": 0.5005555555555555,
    "mae_gain_if_mirrored": 0.05151416093111038,
    "MAE_low": 1.6906585396660698,
    "SHcoefL1": 0.5935182842281129,
    "sec_front": 1.3815106953514946,
    "sec_left": 2.224562799135844,
    "sec_back": 1.559663365681966,
    "sec_right": 1.7477270703845553,
    "sec_upper": 1.9658224460813734,
    "sec_lower": 0.5722964894771576
  },
  "shuffle": {
    "MAE": 1.1186845509211223,
    "MAE_plain": 0.9223511412408617,
    "RMSE": 1.6513424823770277,
    "AbsRel": 0.776122568183475,
    "delta1": 0.36147829201486376,
    "SILog": 0.7124301515685187,
    "MAE_ffx": 1.0743210776646932,
    "mirror_better_rate": 0.5005555555555555,
    "mae_gain_if_mirrored": 0.04724409485856692,
    "MAE_low": 1.0811986276838514,
    "SHcoefL1": 0.3985326268337667,
    "sec_front": 1.1152349625693427,
    "sec_left": 1.1302508799235027,
    "sec_back": 1.100164925787184,
    "sec_right": 1.1290874645445081,
    "sec_upper": 0.9469313999017079,
    "sec_lower": 0.47401437216334874
  },
  "swap": {
    "MAE": 1.0897365954187181,
    "MAE_plain": 0.9000555033153957,
    "RMSE": 1.629142733828004,
    "AbsRel": 0.7163206549485525,
    "delta1": 0.3646615331702762,
    "SILog": 0.6955325388908387,
    "MAE_ffx": 1.0455168763796487,
    "mirror_better_rate": 0.6638888888888889,
    "mae_gain_if_mirrored": 0.10366682816710737,
    "MAE_low": 1.0531918467415704,
    "SHcoefL1": 0.38835015054585204,
    "sec_front": 1.025724097887675,
    "sec_left": 1.135791868633694,
    "sec_back": 1.0504255443149142,
    "sec_right": 1.1470048581229315,
    "sec_upper": 0.9198091039392683,
    "sec_lower": 0.4621725187036726
  },
  "alpha": 0.0
}