{
  "test": {
    "MAE": 0.9836963656213549,
    "MAE_plain": 0.8224947190284729,
    "RMSE": 1.5161515557196334,
    "AbsRel": 0.6559776262442271,
    "delta1": 0.4122929959826999,
    "SILog": 0.6353685867786407,
    "MAE_ffx": 0.941755841837989,
    "mirror_better_rate": 0.32222222222222224,
    "mae_gain_if_mirrored": 0.024088647870553863,
    "MAE_low": 0.9445943228403727,
    "SHcoefL1": 0.38220264320572217,
    "sec_front": 0.9799114916059706,
    "sec_left": 0.9994964787695143,
    "sec_back": 1.026848664018843,
    "sec_right": 0.9285287941826714,
    "sec_upper": 0.8644032157791985,
    "sec_lower": 0.4226732807689243
  },
  "mono": {
    "MAE": 1.1602404530843098,
    "MAE_plain": 0.9458668327331543,
    "RMSE": 1.7247407730477176,
    "AbsRel": 0.9044813572035896,
    "delta1": 0.3840368862946828,
    "SILog": 0.6976485080189175,
    "MAE_ffx": 1.1239398749669394,
    "mirror_better_rate": 0.49083333333333334,
    "mae_gain_if_mirrored": 0.044408843020598096,
    "MAE_low": 1.1209530109829373,
    "SHcoefL1": 0.45618989321506687,
    "sec_front": 1.0399548244476318,
    "sec_left": 1.1316498560375639,
    "sec_back": 1.089779331419203,
    "sec_right": 1.3795778052012126,
    "sec_upper": 0.9259714346461826,
    "sec_lower": 0.45373220721880597
  },
  "shuffle": {
    "MAE": 1.1360620901319716,
    "MAE_plain": 0.9344172522756788,
    "RMSE": 1.6912699066108488,
    "AbsRel": 0.7908085076014201,
    "delta1": 0.3615832062562307,
    "SILog": 0.7243636875682407,
    "MAE_ffx": 1.0923590143521626,
    "mirror_better_rate": 0.4936111111111111,
    "mae_gain_if_mirrored": 0.053991783956686655,
    "MAE_low": 1.098143172264099,
    "SHcoefL1": 0.41874056463440257,
    "sec_front": 1.1363383849461874,
    "sec_left": 1.1029491959677802,
    "sec_back": 1.1231104681226942,
    "sec_right": 1.181850354936388,
    "sec_upper": 0.9519954223102993,
    "sec_lower": 0.4713550533188714
  },
  "swap": {
    "MAE": 1.1139457591374715,
    "MAE_plain": 0.9158663704660204,
    "RMSE": 1.6672842547231421,
    "AbsRel": 0.7799443633026547,
    "delta1": 0.3712270947297414,
    "SILog": 0.7080629573927986,
    "MAE_ffx": 1.0713590473598904,
    "mirror_better_rate": 0.6516666666666666,
    "mae_gain_if_mirrored": 0.09556017140547435,
    "MAE_low": 1.0760892666710749,
    "SHcoefL1": 0.41489610359486606,
    "sec_front": 1.045329560968611,
    "sec_left": 1.1468591419855754,
    "sec_back": 1.0743919075859918,
    "sec_right": 1.1892024310429892,
    "sec_upper": 0.9263418237368266,
    "sec_lower": 0.4613943515883552
  }
}