{
  "test": {
    "MAE": 0.9009665648142496,
    "MAE_plain": 0.7576187921894921,
    "RMSE": 1.4206334851795759,
    "AbsRel": 0.5570940168036355,
    "delta1": 0.4555660102102492,
    "SILog": 0.5739327281051212,
    "MAE_ffx": 0.8597877128918966,
    "mirror_better_rate": 0.2708333333333333,
    "mae_gain_if_mirrored": 0.015619155938426653,
    "MAE_low": 0.8628997645113203,
    "SHcoefL1": 0.3523852945522716,
    "sec_front": 0.9094513222906324,
    "sec_left": 0.8854298165109422,
    "sec_back": 0.9269270757834117,
    "sec_right": 0.8820580479833815,
    "sec_upper": 0.8028371942374442,
    "sec_lower": 0.38802524752087064
  }
}