{
  "test": {
    "MAE": 0.7683351681629816,
    "MAE_plain": 0.6522163005669912,
    "RMSE": 1.2303559748331705,
    "AbsRel": 0.48037282665570574,
    "delta1": 0.4517460985978444,
    "delta2": 0.6719745747248331,
    "delta3": 0.7988040729363759,
    "SILog": 0.5073613085349401,
    "MAE_ffx": 0.7368313537041347,
    "mirror_better_rate": 0.2658333410819372,
    "mae_gain_if_mirrored": 0.013020666038840622,
    "MAE_low": 0.7270727614561717,
    "SHcoefL1": 0.30704537132651444,
    "sec_front": 0.7644382735093435,
    "sec_left": 0.744618604183197,
    "sec_back": 0.7839054014285406,
    "sec_right": 0.741465904712677,
    "sec_upper": 0.6425667749842008,
    "sec_lower": 0.29401508991916975
  }
}