{
  "test": {
    "MAE": 0.9093730413913726,
    "MAE_plain": 0.7630338990688323,
    "RMSE": 1.416603903916665,
    "AbsRel": 0.5773372669352426,
    "delta1": 0.44531463079982336,
    "SILog": 0.5725804261366526,
    "MAE_ffx": 0.8678999429278903,
    "mirror_better_rate": 0.25972222222222224,
    "mae_gain_if_mirrored": 0.014463195531732507,
    "MAE_low": 0.8704737394385867,
    "SHcoefL1": 0.35096107865062853,
    "sec_front": 0.9188735877143012,
    "sec_left": 0.8847526256243388,
    "sec_back": 0.9537807349363963,
    "sec_right": 0.8800851953029633,
    "sec_upper": 0.8107424388991462,
    "sec_lower": 0.38905910902553137
  },
  "mono": {
    "MAE": 1.2031171162923178,
    "MAE_plain": 0.9887129682964749,
    "RMSE": 1.8140202782730082,
    "AbsRel": 0.8065369719929165,
    "delta1": 0.33962358580695257,
    "SILog": 0.6931980295976004,
    "MAE_ffx": 1.1623779498206244,
    "mirror_better_rate": 0.5002777777777778,
    "mae_gain_if_mirrored": 0.012169943451881408,
    "MAE_low": 1.165766608979967,
    "SHcoefL1": 0.4592787983620332,
    "sec_front": 1.1166047724088033,
    "sec_left": 1.2993626965416802,
    "sec_back": 1.0933968014187283,
    "sec_right": 1.3031042138735454,
    "sec_upper": 1.0124845083554586,
    "sec_lower": 0.4596250651942359
  },
  "shuffle": {
    "MAE": 1.1303436909781561,
    "MAE_plain": 0.9272929663128323,
    "RMSE": 1.6650414801114721,
    "AbsRel": 0.7839025359683567,
    "delta1": 0.3638457152578566,
    "SILog": 0.7138099539279937,
    "MAE_ffx": 1.086852449046241,
    "mirror_better_rate": 0.49083333333333334,
    "mae_gain_if_mirrored": 0.05140336048271921,
    "MAE_low": 1.092712632285224,
    "SHcoefL1": 0.40470925157889726,
    "sec_front": 1.1314378444353739,
    "sec_left": 1.1332771113183764,
    "sec_back": 1.1103386171658833,
    "sec_right": 1.1463211851649815,
    "sec_upper": 0.9495179733302859,
    "sec_lower": 0.4763572012715869
  },
  "swap": {
    "MAE": 1.0954717666572995,
    "MAE_plain": 0.89578000664711,
    "RMSE": 1.6312876657623911,
    "AbsRel": 0.7451025299893486,
    "delta1": 0.38328314575884076,
    "SILog": 0.6910834733645121,
    "MAE_ffx": 1.0522120474444496,
    "mirror_better_rate": 0.7447222222222222,
    "mae_gain_if_mirrored": 0.14663701293369133,
    "MAE_low": 1.0580710615052118,
    "SHcoefL1": 0.38916210982741584,
    "sec_front": 0.995622677008311,
    "sec_left": 1.1765563495953877,
    "sec_back": 1.0307431141535441,
    "sec_right": 1.1789649327596028,
    "sec_upper": 0.9005613364775975,
    "sec_lower": 0.45727107498380876
  }
}