{
  "test": {
    "MAE": 0.8954438110192616,
    "MAE_plain": 0.7540757491191228,
    "RMSE": 1.4358529964668707,
    "AbsRel": 0.5098857525984446,
    "delta1": 0.45546674688657124,
    "SILog": 0.5774415951967239,
    "MAE_ffx": 0.8536236774921417,
    "mirror_better_rate": 0.2575000079224507,
    "mae_gain_if_mirrored": 0.01645349895018929,
    "MAE_low": 0.8578185999393463,
    "SHcoefL1": 0.3551320672511227,
    "sec_front": 0.9054027692476908,
    "sec_left": 0.8765694731473923,
    "sec_back": 0.9288850529988607,
    "sec_right": 0.8709179478883743,
    "sec_upper": 0.7928709342082342,
    "sec_lower": 0.3877511684099833
  }
}