{
  "test": {
    "MAE": 0.9079542217652002,
    "MAE_plain": 0.7619468184312185,
    "RMSE": 1.4094529331037045,
    "AbsRel": 0.5796057623624802,
    "delta1": 0.4524131738146146,
    "delta2": 0.6710242436329523,
    "delta3": 0.7999870828787485,
    "SILog": 0.5800984293222428,
    "MAE_ffx": 0.8681394110123316,
    "mirror_better_rate": 0.26194445192813876,
    "mae_gain_if_mirrored": 0.015742443100801515,
    "MAE_low": 0.868458472887675,
    "SHcoefL1": 0.35149871207566724,
    "sec_front": 0.9153260584672293,
    "sec_left": 0.8854312944412231,
    "sec_back": 0.9397332463661829,
    "sec_right": 0.8913262899716695,
    "sec_upper": 0.8004782963792483,
    "sec_lower": 0.38725605835517246
  }
}