{
  "test": {
    "MAE": 0.9822552143202887,
    "MAE_plain": 0.8200856529341803,
    "RMSE": 1.5089396369050925,
    "AbsRel": 0.6658779740333557,
    "delta1": 0.41203916841083105,
    "SILog": 0.632151359849506,
    "MAE_ffx": 0.9410153378380669,
    "mirror_better_rate": 0.32666666666666666,
    "mae_gain_if_mirrored": 0.021544752501779132,
    "MAE_low": 0.9432453645600213,
    "SHcoefL1": 0.3804539302074247,
    "sec_front": 0.9773215052816603,
    "sec_left": 1.0042921590805054,
    "sec_back": 1.0252266552713183,
    "sec_right": 0.9221805543369717,
    "sec_upper": 0.860324288474189,
    "sec_lower": 0.42551780336432987
  },
  "mono": {
    "MAE": 1.108067160712348,
    "MAE_plain": 0.9079708687464396,
    "RMSE": 1.6575313488413452,
    "AbsRel": 0.8329258394241333,
    "delta1": 0.3904318140612708,
    "SILog": 0.6789471120304531,
    "MAE_ffx": 1.070839252471924,
    "mirror_better_rate": 0.4872222222222222,
    "mae_gain_if_mirrored": 0.04651518820060624,
    "MAE_low": 1.0689244974984062,
    "SHcoefL1": 0.4310801233123574,
    "sec_front": 1.013636863761478,
    "sec_left": 1.075573782655928,
    "sec_back": 1.0740411064359876,
    "sec_right": 1.269016908009847,
    "sec_upper": 0.9030482652452257,
    "sec_lower": 0.4497541112369961
  },
  "shuffle": {
    "MAE": 1.1268524742126464,
    "MAE_plain": 0.9273229410913255,
    "RMSE": 1.6795144783321736,
    "AbsRel": 0.7943362571133508,
    "delta1": 0.3642390208774143,
    "SILog": 0.715550431145562,
    "MAE_ffx": 1.0836425553427802,
    "mirror_better_rate": 0.4911111111111111,
    "mae_gain_if_mirrored": 0.04852085875140296,
    "MAE_low": 1.0887471318244935,
    "SHcoefL1": 0.41477947073264254,
    "sec_front": 1.1242320484585233,
    "sec_left": 1.0948792147636413,
    "sec_back": 1.112298460536533,
    "sec_right": 1.1760001924302843,
    "sec_upper": 0.952174150413937,
    "sec_lower": 0.46756735073195566
  },
  "swap": {
    "MAE": 1.0952449168099296,
    "MAE_plain": 0.9008372659153409,
    "RMSE": 1.6452429427330932,
    "AbsRel": 0.7617019799020556,
    "delta1": 0.37390547355016074,
    "SILog": 0.6952845276726617,
    "MAE_ffx": 1.0524794363975525,
    "mirror_better_rate": 0.6533333333333333,
    "mae_gain_if_mirrored": 0.08876481980085373,
    "MAE_low": 1.057386008898417,
    "SHcoefL1": 0.40826675064654816,
    "sec_front": 1.0164412037531534,
    "sec_left": 1.1030921591652765,
    "sec_back": 1.0722277964486016,
    "sec_right": 1.1892184501224095,
    "sec_upper": 0.9145317440562778,
    "sec_lower": 0.4596570705042945
  }
}