{
  "test": {
    "MAE": 0.9152446860737271,
    "MAE_plain": 0.7650977945327759,
    "RMSE": 1.4441025736999515,
    "AbsRel": 0.5802653890185886,
    "delta1": 0.45209275404612226,
    "SILog": 0.5941417507330576,
    "MAE_ffx": 0.8745307233598497,
    "mirror_better_rate": 0.2922222222222222,
    "mae_gain_if_mirrored": 0.019727264568209647,
    "MAE_low": 0.8771835674179925,
    "SHcoefL1": 0.3566332631496092,
    "sec_front": 0.9136846356921726,
    "sec_left": 0.8998578906059265,
    "sec_back": 0.9349834937519498,
    "sec_right": 0.9124527544445462,
    "sec_upper": 0.7894742487536537,
    "sec_lower": 0.39692817754215665
  },
  "mono": {
    "MAE": 1.0088124953375923,
    "MAE_plain": 0.8336286650763618,
    "RMSE": 1.546278486386141,
    "AbsRel": 0.6986850815349155,
    "delta1": 0.4182176123725043,
    "SILog": 0.6448022442393833,
    "MAE_ffx": 0.9686173794004652,
    "mirror_better_rate": 0.5044444444444445,
    "mae_gain_if_mirrored": 0.048048730658160316,
    "MAE_low": 0.9712857900725471,
    "SHcoefL1": 0.3822855898655123,
    "sec_front": 0.9529044124815199,
    "sec_left": 1.0000267436769275,
    "sec_back": 0.9755477539698283,
    "sec_right": 1.1067711708280776,
    "sec_upper": 0.8409645337528653,
    "sec_lower": 0.426626205974155
  },
  "shuffle": {
    "MAE": 1.1440611304177177,
    "MAE_plain": 0.9368257300059001,
    "RMSE": 1.698548884648548,
    "AbsRel": 0.805988396273719,
    "delta1": 0.3667366729842292,
    "SILog": 0.7498205902841356,
    "MAE_ffx": 1.1014814874860976,
    "mirror_better_rate": 0.48833333333333334,
    "mae_gain_if_mirrored": 0.057999675075213114,
    "MAE_low": 1.1071162552303737,
    "SHcoefL1": 0.4093729984594716,
    "sec_front": 1.1509065209494698,
    "sec_left": 1.1239403703477648,
    "sec_back": 1.1138294808069864,
    "sec_right": 1.1875681808259753,
    "sec_upper": 0.9425461859173245,
    "sec_lower": 0.48935701224539013
  },
  "swap": {
    "MAE": 1.1058663972218832,
    "MAE_plain": 0.9024745864338345,
    "RMSE": 1.6631390381672577,
    "AbsRel": 0.757051526705424,
    "delta1": 0.3843558160463969,
    "SILog": 0.7196516010496351,
    "MAE_ffx": 1.0633536887168884,
    "mirror_better_rate": 0.7102777777777778,
    "mae_gain_if_mirrored": 0.14484053313732148,
    "MAE_low": 1.0696844042672051,
    "SHcoefL1": 0.3972412522095773,
    "sec_front": 1.0121610050731236,
    "sec_left": 1.173426268365648,
    "sec_back": 1.0245409531063503,
    "sec_right": 1.2133373721440632,
    "sec_upper": 0.8898333846198188,
    "sec_lower": 0.4670690492788951
  }
}