{
  "test": {
    "MAE": 0.9021730032232073,
    "MAE_plain": 0.7577494803402159,
    "RMSE": 1.4409327637255163,
    "AbsRel": 0.554539199339019,
    "delta1": 0.45707159439722694,
    "SILog": 0.5888324588537216,
    "MAE_ffx": 0.8602054158846537,
    "mirror_better_rate": 0.2655555610027578,
    "mae_gain_if_mirrored": 0.014929298122620418,
    "MAE_low": 0.8646766444047292,
    "SHcoefL1": 0.35263772594018117,
    "sec_front": 0.9048494286007351,
    "sec_left": 0.890777337551117,
    "sec_back": 0.9344993074735005,
    "sec_right": 0.8785659306579165,
    "sec_upper": 0.8038914859294891,
    "sec_lower": 0.39055158048868177
  },
  "mono": {
    "MAE": 1.4561638361877864,
    "MAE_plain": 1.181102414925893,
    "RMSE": 2.1439119703605383,
    "AbsRel": 0.7237649861309263,
    "delta1": 0.24652028365267648,
    "SILog": 0.9590349654356639,
    "MAE_ffx": 1.414277775420083,
    "mirror_better_rate": 0.49555556575457255,
    "mae_gain_if_mirrored": 0.052073818900518945,
    "MAE_low": 1.4277036117182837,
    "SHcoefL1": 0.5148622383425633,
    "sec_front": 1.3643349819713169,
    "sec_left": 1.435001196463903,
    "sec_back": 1.5261357227961223,
    "sec_right": 1.4991835011376275,
    "sec_upper": 1.1542221125629213,
    "sec_lower": 0.662607827120357
  },
  "shuffle": {
    "MAE": 1.1701128469573128,
    "MAE_plain": 0.9605369521511926,
    "RMSE": 1.7430140431543013,
    "AbsRel": 0.7957669221692615,
    "delta1": 0.3560480892658234,
    "SILog": 0.7481612142589357,
    "MAE_ffx": 1.1260837939050463,
    "mirror_better_rate": 0.49444445172945656,
    "mae_gain_if_mirrored": 0.05270981807261706,
    "MAE_low": 1.13446463810073,
    "SHcoefL1": 0.4217655756117569,
    "sec_front": 1.1929336190223694,
    "sec_left": 1.158639453517066,
    "sec_back": 1.151529414123959,
    "sec_right": 1.1773489938841926,
    "sec_upper": 0.9783814902106921,
    "sec_lower": 0.48473373899857203
  },
  "swap": {
    "MAE": 1.0877291798591613,
    "MAE_plain": 0.89031592839294,
    "RMSE": 1.6477137252762482,
    "AbsRel": 0.7185145166185167,
    "delta1": 0.3882422477006912,
    "SILog": 0.7100612236393823,
    "MAE_ffx": 1.0438184751404656,
    "mirror_better_rate": 0.7350000123182933,
    "mae_gain_if_mirrored": 0.14717218033555482,
    "MAE_low": 1.0516684306992425,
    "SHcoefL1": 0.3919096577912569,
    "sec_front": 0.9816271199120415,
    "sec_left": 1.1664218756887648,
    "sec_back": 1.0088498221503364,
    "sec_right": 1.194017893075943,
    "sec_upper": 0.8933218813604779,
    "sec_lower": 0.460021195643478
  }
}