{
  "test": {
    "MAE": 1.0149252049128215,
    "MAE_plain": 0.8482850649621752,
    "RMSE": 1.5133490445328381,
    "AbsRel": 0.6921405092875162,
    "delta1": 0.3835669329431322,
    "SILog": 0.6257708182599809,
    "MAE_ffx": 0.9698888606495327,
    "mirror_better_rate": 0.4488888888888889,
    "mae_gain_if_mirrored": 0.0071143164237340295,
    "MAE_low": 0.9765086336930593,
    "SHcoefL1": 0.3723624643538561,
    "sec_front": 1.017081695927514,
    "sec_left": 1.0163450982835558,
    "sec_back": 1.0141185585657755,
    "sec_right": 1.0121554652849833,
    "sec_upper": 0.893002539674441,
    "sec_lower": 0.43205588546064166
  },
  "mono": {
    "MAE": 1.0440609929296705,
    "MAE_plain": 0.8762715035014682,
    "RMSE": 1.5575662232248033,
    "AbsRel": 0.7150786534282896,
    "delta1": 0.3794562002685335,
    "SILog": 0.6423091867234971,
    "MAE_ffx": 1.0026186558935377,
    "mirror_better_rate": 0.5047222222222222,
    "mae_gain_if_mirrored": 0.008817756585776805,
    "MAE_low": 1.00705671760771,
    "SHcoefL1": 0.38585444699351984,
    "sec_front": 1.0412883235348596,
    "sec_left": 1.0490448053677877,
    "sec_back": 1.0381742306550343,
    "sec_right": 1.0477366121610006,
    "sec_upper": 0.9254197789563073,
    "sec_lower": 0.4369215302334891
  },
  "left": {
    "MAE": 1.034471689330207,
    "MAE_plain": 0.8705760700172848,
    "RMSE": 1.544570319541393,
    "AbsRel": 0.697957703868548,
    "delta1": 0.37959406806363,
    "SILog": 0.6394226253032684,
    "MAE_ffx": 0.9908137930764093,
    "mirror_better_rate": 0.4975,
    "mae_gain_if_mirrored": 0.007869541268381807,
    "MAE_low": 0.9972166968716516,
    "SHcoefL1": 0.3813509393711057,
    "sec_front": 1.0353983290990194,
    "sec_left": 1.042911274433136,
    "sec_back": 1.0287036026848686,
    "sec_right": 1.030873589515686,
    "sec_upper": 0.9302277280886968,
    "sec_lower": 0.43472766757011416
  },
  "right": {
    "MAE": 1.0363219204213885,
    "MAE_plain": 0.8723907041549682,
    "RMSE": 1.5471596685855744,
    "AbsRel": 0.7000061337153117,
    "delta1": 0.3789772673447927,
    "SILog": 0.6406370768282148,
    "MAE_ffx": 0.9926586544513702,
    "mirror_better_rate": 0.5186111111111111,
    "mae_gain_if_mirrored": 0.008423196251193683,
    "MAE_low": 0.9991252035564846,
    "SHcoefL1": 0.38242772984628876,
    "sec_front": 1.03265119155248,
    "sec_left": 1.0309827224413555,
    "sec_back": 1.0351099061965943,
    "sec_right": 1.0465438879860771,
    "sec_upper": 0.9320958936876721,
    "sec_lower": 0.43568734135892656
  },
  "shuffle": {
    "MAE": 1.0586126846737332,
    "MAE_plain": 0.8834911431206597,
    "RMSE": 1.5657172683575982,
    "AbsRel": 0.7314734930462308,
    "delta1": 0.36938008374638026,
    "SILog": 0.6511951506137847,
    "MAE_ffx": 1.0135214275783964,
    "mirror_better_rate": 0.5011111111111111,
    "mae_gain_if_mirrored": 0.008238143279320664,
    "MAE_low": 1.020369537141588,
    "SHcoefL1": 0.381024289727211,
    "sec_front": 1.0607883604367574,
    "sec_left": 1.0567191730605232,
    "sec_back": 1.0587900018692016,
    "sec_right": 1.0581532096862794,
    "sec_upper": 0.9358851909637451,
    "sec_lower": 0.4438773851262199
  },
  "swap": {
    "MAE": 1.0217751275168525,
    "MAE_plain": 0.8535151685608758,
    "RMSE": 1.5225953245901407,
    "AbsRel": 0.6970915679799186,
    "delta1": 0.38176099446084766,
    "SILog": 0.6299457596407996,
    "MAE_ffx": 0.9766137059529623,
    "mirror_better_rate": 0.5525,
    "mae_gain_if_mirrored": 0.011456232348250018,
    "MAE_low": 0.9835818203290304,
    "SHcoefL1": 0.374302778330942,
    "sec_front": 1.018939902252621,
    "sec_left": 1.0217179865307278,
    "sec_back": 1.0174014523294237,
    "sec_right": 1.0290411676300897,
    "sec_upper": 0.8963944423860973,
    "sec_lower": 0.43422479609648384,
    "swap_mirror_consistency": 0.13568744066299745
  }
}