{
  "test": {
    "MAE": 0.9053102832370334,
    "MAE_plain": 0.7609757121404012,
    "RMSE": 1.4631774348666113,
    "AbsRel": 0.4598630404472351,
    "delta1": 0.44869209859106274,
    "SILog": 0.5793269983927409,
    "MAE_ffx": 0.8613591485553318,
    "mirror_better_rate": 0.25305555555555553,
    "mae_gain_if_mirrored": 0.015907705078522363,
    "MAE_low": 0.8679800777965122,
    "SHcoefL1": 0.3591430313636859,
    "sec_front": 0.9212745278411442,
    "sec_left": 0.8846696031093597,
    "sec_back": 0.9339063356982337,
    "sec_right": 0.8813906526565551,
    "sec_upper": 0.8106488494078318,
    "sec_lower": 0.3843148867289225
  }
}