{
  "test": {
    "MAE": 0.911004329389996,
    "MAE_plain": 0.7699719364113278,
    "RMSE": 1.462753836335228,
    "AbsRel": 0.49115662594636283,
    "delta1": 0.4456272048420376,
    "SILog": 0.580557778014077,
    "MAE_ffx": 0.8676669628090329,
    "mirror_better_rate": 0.25305555555555553,
    "mae_gain_if_mirrored": 0.014481701805359787,
    "MAE_low": 0.8740716636180877,
    "SHcoefL1": 0.3587823004482521,
    "sec_front": 0.9279755364523994,
    "sec_left": 0.8900627538892958,
    "sec_back": 0.9453096951378717,
    "sec_right": 0.8806693426767985,
    "sec_upper": 0.825327550901307,
    "sec_lower": 0.38675929205285176
  }
}