{
  "test": {
    "MAE": 0.884027786453565,
    "MAE_plain": 0.7423096271355947,
    "RMSE": 1.413455715766199,
    "AbsRel": 0.5128780651092529,
    "delta1": 0.45235529164473215,
    "delta2": 0.6764647171894709,
    "delta3": 0.8044398800532023,
    "SILog": 0.5608937946955362,
    "MAE_ffx": 0.8410927935441335,
    "mirror_better_rate": 0.2497222303847472,
    "mae_gain_if_mirrored": 0.014059839152614585,
    "MAE_low": 0.8459296421209971,
    "SHcoefL1": 0.34652374600784647,
    "sec_front": 0.8909464144706726,
    "sec_left": 0.8655419999361038,
    "sec_back": 0.9169453543424606,
    "sec_right": 0.862677387992541,
    "sec_upper": 0.7890295590957006,
    "sec_lower": 0.38152260611454647
  }
}