{
  "test": {
    "MAE": 0.9050342623392741,
    "MAE_plain": 0.7606532382965088,
    "RMSE": 1.422912804669984,
    "AbsRel": 0.5683541113800473,
    "delta1": 0.441229547129737,
    "SILog": 0.5775591210524241,
    "MAE_ffx": 0.8635880215962728,
    "mirror_better_rate": 0.2511111111111111,
    "mae_gain_if_mirrored": 0.015741779108842214,
    "MAE_low": 0.8670040276315477,
    "SHcoefL1": 0.3518500468755762,
    "sec_front": 0.9147211996714274,
    "sec_left": 0.8889818273650275,
    "sec_back": 0.9347192838456896,
    "sec_right": 0.8817147260242039,
    "sec_upper": 0.802063029607137,
    "sec_lower": 0.3930627467897203
  },
  "mono": {
    "MAE": 1.0767082725630865,
    "MAE_plain": 0.8885817040337457,
    "RMSE": 1.661519510410103,
    "AbsRel": 0.7352695208125645,
    "delta1": 0.39499854617648655,
    "SILog": 0.6610291316774156,
    "MAE_ffx": 1.0398085922665066,
    "mirror_better_rate": 0.4886111111111111,
    "mae_gain_if_mirrored": 0.01815072769920031,
    "MAE_low": 1.0413794157240126,
    "SHcoefL1": 0.41882060813821026,
    "sec_front": 1.0083340639538234,
    "sec_left": 1.1618475238482158,
    "sec_back": 1.0160718250274658,
    "sec_right": 1.1205797343783908,
    "sec_upper": 0.8896483937899272,
    "sec_lower": 0.43829147047466704
  },
  "shuffle": {
    "MAE": 1.128987266752455,
    "MAE_plain": 0.9261131604512532,
    "RMSE": 1.678312650075508,
    "AbsRel": 0.7775021244419945,
    "delta1": 0.36198829597897,
    "SILog": 0.7159156152937147,
    "MAE_ffx": 1.0850548436906602,
    "mirror_better_rate": 0.5008333333333334,
    "mae_gain_if_mirrored": 0.05898846906920274,
    "MAE_low": 1.092189810011122,
    "SHcoefL1": 0.40560062102766503,
    "sec_front": 1.1243097458945381,
    "sec_left": 1.1285641235775419,
    "sec_back": 1.1063137091530695,
    "sec_right": 1.1567614841461182,
    "sec_upper": 0.9389136022991604,
    "sec_lower": 0.4753937666945987
  },
  "swap": {
    "MAE": 1.1066292715072632,
    "MAE_plain": 0.9043599088986715,
    "RMSE": 1.6526006752890872,
    "AbsRel": 0.7531992088423834,
    "delta1": 0.3745635643270281,
    "SILog": 0.7038593310779996,
    "MAE_ffx": 1.0631874963972303,
    "mirror_better_rate": 0.7502777777777778,
    "mae_gain_if_mirrored": 0.15895841464400293,
    "MAE_low": 1.0702775539292229,
    "SHcoefL1": 0.39258757956119045,
    "sec_front": 1.0064075711038378,
    "sec_left": 1.1946072514851889,
    "sec_back": 1.0240334757169087,
    "sec_right": 1.2014688094456991,
    "sec_upper": 0.9004295848475562,
    "sec_lower": 0.4662909373972151
  }
}