{
  "test": {
    "MAE": 0.8887470378478368,
    "MAE_plain": 0.7482647226254145,
    "RMSE": 1.4252618311964595,
    "AbsRel": 0.5056802769502003,
    "delta1": 0.4566444786389669,
    "delta2": 0.6749415614207586,
    "delta3": 0.8026028259595235,
    "SILog": 0.5700847856203715,
    "MAE_ffx": 0.8457255818446477,
    "mirror_better_rate": 0.2511111183464527,
    "mae_gain_if_mirrored": 0.01443823171837721,
    "MAE_low": 0.8513220695654551,
    "SHcoefL1": 0.3510780332465139,
    "sec_front": 0.8916787419716518,
    "sec_left": 0.8713314777612686,
    "sec_back": 0.9248918833335241,
    "sec_right": 0.8670860393842061,
    "sec_upper": 0.7927674047152201,
    "sec_lower": 0.3826115943988164
  }
}