{
  "test": {
    "MAE": 0.9722056206067403,
    "MAE_plain": 0.8140613648626539,
    "RMSE": 1.488466749902995,
    "AbsRel": 0.6237651509708828,
    "delta1": 0.40129095011287264,
    "SILog": 0.6143779949347178,
    "MAE_ffx": 0.9282402245203654,
    "mirror_better_rate": 0.3277777777777778,
    "mae_gain_if_mirrored": 0.017230954584148195,
    "MAE_low": 0.9336179558436076,
    "SHcoefL1": 0.36514968539277715,
    "sec_front": 1.0008476609653896,
    "sec_left": 0.9456559504403008,
    "sec_back": 0.9988850906160143,
    "sec_right": 0.9434337406688267,
    "sec_upper": 0.8556751912169986,
    "sec_lower": 0.4172481752766503
  }
}