{
  "test": {
    "MAE": 0.9927239688237508,
    "MAE_plain": 0.8201118822892507,
    "RMSE": 1.5013850466659366,
    "AbsRel": 0.6864375114440918,
    "delta1": 0.4075601180394491,
    "SILog": 0.6337043929100037,
    "MAE_ffx": 0.9492718489964803,
    "mirror_better_rate": 0.5047222371896108,
    "mae_gain_if_mirrored": 0.008657423512389262,
    "MAE_low": 0.9547869380315145,
    "SHcoefL1": 0.371083427613808,
    "sec_front": 0.9969062272707622,
    "sec_left": 0.9897309064865112,
    "sec_back": 0.9890729022026062,
    "sec_right": 0.9951858385403951,
    "sec_upper": 0.8361455847819647,
    "sec_lower": 0.42878669579823814
  }
}