{
  "test": {
    "MAE": 1.1557848624388376,
    "MAE_plain": 0.9899357668558757,
    "RMSE": 1.661565088409277,
    "AbsRel": 0.8475982135534287,
    "delta1": 0.3439643255869548,
    "SILog": 0.6767319838205973,
    "MAE_ffx": 1.1055659290154776,
    "mirror_better_rate": 0.5016666726271312,
    "mae_gain_if_mirrored": 0.002424186048253129,
    "MAE_low": 1.120218390226364,
    "SHcoefL1": 0.39058466852125195,
    "sec_front": 1.1647729321320852,
    "sec_left": 1.1548206186294556,
    "sec_back": 1.15254944841067,
    "sec_right": 1.1509964521725973,
    "sec_upper": 1.1081130096316338,
    "sec_lower": 0.4986487046877543
  },
  "mono": {
    "MAE": 1.1557848624388376,
    "MAE_plain": 0.9899357668558757,
    "RMSE": 1.661565088409277,
    "AbsRel": 0.8475982135534287,
    "delta1": 0.3439643255869548,
    "SILog": 0.6767319838205973,
    "MAE_ffx": 1.1055659290154776,
    "mirror_better_rate": 0.5016666726271312,
    "mae_gain_if_mirrored": 0.002424186048253129,
    "MAE_low": 1.120218390226364,
    "SHcoefL1": 0.39058466852125195,
    "sec_front": 1.1647729321320852,
    "sec_left": 1.1548206186294556,
    "sec_back": 1.15254944841067,
    "sec_right": 1.1509964521725973,
    "sec_upper": 1.1081130096316338,
    "sec_lower": 0.4986487046877543
  },
  "left": {
    "MAE": 1.1557848624388376,
    "MAE_plain": 0.9899357668558757,
    "RMSE": 1.661565088409277,
    "AbsRel": 0.8475982135534287,
    "delta1": 0.3439643255869548,
    "SILog": 0.6767319838205973,
    "MAE_ffx": 1.1055659290154776,
    "mirror_better_rate": 0.5016666726271312,
    "mae_gain_if_mirrored": 0.002424186048253129,
    "MAE_low": 1.120218390226364,
    "SHcoefL1": 0.39058466852125195,
    "sec_front": 1.1647729321320852,
    "sec_left": 1.1548206186294556,
    "sec_back": 1.15254944841067,
    "sec_right": 1.1509964521725973,
    "sec_upper": 1.1081130096316338,
    "sec_lower": 0.4986487046877543
  },
  "right": {
    "MAE": 1.1557848624388376,
    "MAE_plain": 0.9899357668558757,
    "RMSE": 1.661565088409277,
    "AbsRel": 0.8475982135534287,
    "delta1": 0.3439643255869548,
    "SILog": 0.6767319838205973,
    "MAE_ffx": 1.1055659290154776,
    "mirror_better_rate": 0.5016666726271312,
    "mae_gain_if_mirrored": 0.002424186048253129,
    "MAE_low": 1.120218390226364,
    "SHcoefL1": 0.39058466852125195,
    "sec_front": 1.1647729321320852,
    "sec_left": 1.1548206186294556,
    "sec_back": 1.15254944841067,
    "sec_right": 1.1509964521725973,
    "sec_upper": 1.1081130096316338,
    "sec_lower": 0.4986487046877543
  },
  "shuffle": {
    "MAE": 1.1557848624388376,
    "MAE_plain": 0.9899357668558757,
    "RMSE": 1.661565088409277,
    "AbsRel": 0.8475982135534287,
    "delta1": 0.3439643255869548,
    "SILog": 0.6767319838205973,
    "MAE_ffx": 1.1055659290154776,
    "mirror_better_rate": 0.5016666726271312,
    "mae_gain_if_mirrored": 0.002424186048253129,
    "MAE_low": 1.120218390226364,
    "SHcoefL1": 0.39058466852125195,
    "sec_front": 1.1647729321320852,
    "sec_left": 1.1548206186294556,
    "sec_back": 1.15254944841067,
    "sec_right": 1.1509964521725973,
    "sec_upper": 1.1081130096316338,
    "sec_lower": 0.4986487046877543
  },
  "swap": {
    "MAE": 1.1557848624388376,
    "MAE_plain": 0.9899357668558757,
    "RMSE": 1.661565088409277,
    "AbsRel": 0.8475982135534287,
    "delta1": 0.3439643255869548,
    "SILog": 0.6767319838205973,
    "MAE_ffx": 1.1055659290154776,
    "mirror_better_rate": 0.5016666726271312,
    "mae_gain_if_mirrored": 0.002424186048253129,
    "MAE_low": 1.120218390226364,
    "SHcoefL1": 0.39058466852125195,
    "sec_front": 1.1647729321320852,
    "sec_left": 1.1548206186294556,
    "sec_back": 1.15254944841067,
    "sec_right": 1.1509964521725973,
    "sec_upper": 1.1081130096316338,
    "sec_lower": 0.4986487046877543,
    "swap_mirror_consistency": 0.03261058623791651
  }
}