{
  "test": {
    "MAE": 0.9646160509851244,
    "MAE_plain": 0.8078802951176961,
    "RMSE": 1.4800418615535995,
    "AbsRel": 0.6062444779607985,
    "delta1": 0.4091771648989783,
    "SILog": 0.6092344872156779,
    "MAE_ffx": 0.9215827441215515,
    "mirror_better_rate": 0.3005555555555556,
    "mae_gain_if_mirrored": 0.01722543004486296,
    "MAE_low": 0.9265840850936042,
    "SHcoefL1": 0.36430505758979254,
    "sec_front": 0.9883025232950846,
    "sec_left": 0.9297238296932644,
    "sec_back": 1.0050194758839077,
    "sec_right": 0.9354183785120647,
    "sec_upper": 0.8590704908635881,
    "sec_lower": 0.40831697622934976
  },
  "mono": {
    "MAE": 1.3321919928656685,
    "MAE_plain": 1.0982926609781054,
    "RMSE": 1.957795430522819,
    "AbsRel": 0.8668307058016459,
    "delta1": 0.2990445856253306,
    "SILog": 0.8388055287467109,
    "MAE_ffx": 1.2945001697540284,
    "mirror_better_rate": 0.49694444444444447,
    "mae_gain_if_mirrored": 0.014647377961211735,
    "MAE_low": 1.296921535068088,
    "SHcoefL1": 0.4864251485839486,
    "sec_front": 1.3999319299062094,
    "sec_left": 1.4051337411668565,
    "sec_back": 1.2005940516789755,
    "sec_right": 1.323108261956109,
    "sec_upper": 1.1745806606610616,
    "sec_lower": 0.5522040810849932
  },
  "shuffle": {
    "MAE": 1.1211058886845906,
    "MAE_plain": 0.9246694927745395,
    "RMSE": 1.6607843402840556,
    "AbsRel": 0.7606534912851122,
    "delta1": 0.3568657170401679,
    "SILog": 0.7141559733284845,
    "MAE_ffx": 1.0766205453872681,
    "mirror_better_rate": 0.48583333333333334,
    "mae_gain_if_mirrored": 0.053683344316151405,
    "MAE_low": 1.084070254166921,
    "SHcoefL1": 0.3996552673685882,
    "sec_front": 1.1192663261625502,
    "sec_left": 1.1340284532970852,
    "sec_back": 1.086514459715949,
    "sec_right": 1.1446143086751301,
    "sec_upper": 0.9551953792572021,
    "sec_lower": 0.4721367547247145
  },
  "swap": {
    "MAE": 1.1320857212278579,
    "MAE_plain": 0.9312376019689772,
    "RMSE": 1.6671455772733437,
    "AbsRel": 0.7763545754220751,
    "delta1": 0.35761099060376483,
    "SILog": 0.7191387507650587,
    "MAE_ffx": 1.0880379149648878,
    "mirror_better_rate": 0.6777777777777778,
    "mae_gain_if_mirrored": 0.11700326755642891,
    "MAE_low": 1.0953773546218872,
    "SHcoefL1": 0.3972068472185897,
    "sec_front": 1.0803408410814073,
    "sec_left": 1.180484841134813,
    "sec_back": 1.08307642115487,
    "sec_right": 1.1844407516055637,
    "sec_upper": 0.9482334687974718,
    "sec_lower": 0.4757818990283542
  },
  "alpha": 0.0
}