{
  "test": {
    "MAE": 0.8892878568172455,
    "MAE_plain": 0.7491940704981486,
    "RMSE": 1.4519206682377186,
    "AbsRel": 0.47854445974032084,
    "delta1": 0.460433059434096,
    "delta2": 0.6765324294567108,
    "delta3": 0.8013286129633586,
    "SILog": 0.5741584034760793,
    "MAE_ffx": 0.845973858833313,
    "mirror_better_rate": 0.25583334180215994,
    "mae_gain_if_mirrored": 0.014113976547960191,
    "MAE_low": 0.8532452048858007,
    "SHcoefL1": 0.3547093496761388,
    "sec_front": 0.8947139283021291,
    "sec_left": 0.8715756058692932,
    "sec_back": 0.9231743466854095,
    "sec_right": 0.8676875384648641,
    "sec_upper": 0.7962858763337135,
    "sec_lower": 0.3818798851966858
  }
}