{
  "test": {
    "MAE": 0.9850845991240608,
    "MAE_plain": 0.8257184937265184,
    "RMSE": 1.523771935969549,
    "AbsRel": 0.6353070680300394,
    "delta1": 0.40503148979610865,
    "SILog": 0.6328796003924476,
    "MAE_ffx": 0.9420472253693475,
    "mirror_better_rate": 0.33361111111111114,
    "mae_gain_if_mirrored": 0.02126461019946469,
    "MAE_low": 0.9461980904473198,
    "SHcoefL1": 0.3820246210673617,
    "sec_front": 0.9742130910025703,
    "sec_left": 1.0198758837911819,
    "sec_back": 1.032677165137397,
    "sec_right": 0.9135722266303168,
    "sec_upper": 0.876821346812778,
    "sec_lower": 0.4230358055565092
  },
  "mono": {
    "MAE": 1.2361140775680541,
    "MAE_plain": 1.0004062914848328,
    "RMSE": 1.8462533167216935,
    "AbsRel": 1.0179039425320096,
    "delta1": 0.3752419488959842,
    "SILog": 0.7146657143698798,
    "MAE_ffx": 1.201400015089247,
    "mirror_better_rate": 0.4761111111111111,
    "mae_gain_if_mirrored": 0.04158971562981605,
    "MAE_low": 1.1976563549041748,
    "SHcoefL1": 0.488938704588347,
    "sec_front": 1.0532241166962517,
    "sec_left": 1.2416876565085517,
    "sec_back": 1.0910910696453517,
    "sec_right": 1.5584534666273329,
    "sec_upper": 0.9576115380393134,
    "sec_lower": 0.47020058340496484
  },
  "shuffle": {
    "MAE": 1.1236519119474624,
    "MAE_plain": 0.9277955733405219,
    "RMSE": 1.6813030556521527,
    "AbsRel": 0.7651131567690107,
    "delta1": 0.35812306139204236,
    "SILog": 0.7192077006234063,
    "MAE_ffx": 1.0790892402331034,
    "mirror_better_rate": 0.495,
    "mae_gain_if_mirrored": 0.045198632760180366,
    "MAE_low": 1.0856004672580295,
    "SHcoefL1": 0.41366966606221267,
    "sec_front": 1.0968344010247124,
    "sec_left": 1.0863990047242906,
    "sec_back": 1.1367045884662204,
    "sec_right": 1.1746696821848552,
    "sec_upper": 0.955582705868615,
    "sec_lower": 0.47053692632251315
  },
  "swap": {
    "MAE": 1.0900384733412,
    "MAE_plain": 0.9005642607476976,
    "RMSE": 1.6414230287206253,
    "AbsRel": 0.7341830086708069,
    "delta1": 0.36928907447391085,
    "SILog": 0.6952603197097779,
    "MAE_ffx": 1.0460801564322577,
    "mirror_better_rate": 0.6375,
    "mae_gain_if_mirrored": 0.08561547729704115,
    "MAE_low": 1.0519883343908523,
    "SHcoefL1": 0.4047123642803894,
    "sec_front": 1.0145230158170064,
    "sec_left": 1.0935095082388984,
    "sec_back": 1.0811199135250515,
    "sec_right": 1.1710014496909247,
    "sec_upper": 0.925233895778656,
    "sec_lower": 0.45811091476016574
  }
}