{
  "test": {
    "MAE": 0.9225007614824507,
    "MAE_plain": 0.7731093723244137,
    "RMSE": 1.429528327481566,
    "AbsRel": 0.5867097103595733,
    "delta1": 0.43200905819733937,
    "delta2": 0.659061308172014,
    "delta3": 0.7911877915594313,
    "SILog": 0.577693769534429,
    "MAE_ffx": 0.8796164372232225,
    "mirror_better_rate": 0.2872222222222222,
    "mae_gain_if_mirrored": 0.01756278593507078,
    "MAE_low": 0.8840315628051758,
    "SHcoefL1": 0.35345216716122296,
    "sec_front": 0.9220546640290155,
    "sec_left": 0.9021757059627109,
    "sec_back": 0.9512389467822181,
    "sec_right": 0.91453370557891,
    "sec_upper": 0.8118804627656937,
    "sec_lower": 0.40467358781231777
  }
}