{
  "test": {
    "MAE": 0.8930674213171005,
    "MAE_plain": 0.7524667624632517,
    "RMSE": 1.4306786410803392,
    "AbsRel": 0.49891478776931764,
    "delta1": 0.4533796133597692,
    "SILog": 0.5730135240157446,
    "MAE_ffx": 0.8520914091666539,
    "mirror_better_rate": 0.2622222297390302,
    "mae_gain_if_mirrored": 0.015813116277834827,
    "MAE_low": 0.8556983478864034,
    "SHcoefL1": 0.3531386359863811,
    "sec_front": 0.8993083353837331,
    "sec_left": 0.8706729724009832,
    "sec_back": 0.9255421507358551,
    "sec_right": 0.8767462158203125,
    "sec_upper": 0.8021767853697142,
    "sec_lower": 0.38070932308832806
  }
}