{
  "test": {
    "MAE": 0.8895871872703235,
    "MAE_plain": 0.7475594957669576,
    "RMSE": 1.4334855154356447,
    "AbsRel": 0.497810506572326,
    "delta1": 0.4603766445484426,
    "SILog": 0.5690778728988436,
    "MAE_ffx": 0.84698665605651,
    "mirror_better_rate": 0.2600000039777822,
    "mae_gain_if_mirrored": 0.015423117020691279,
    "MAE_low": 0.8521709577904807,
    "SHcoefL1": 0.3520008152888881,
    "sec_front": 0.8922079650892152,
    "sec_left": 0.8713541530900532,
    "sec_back": 0.9192674110333124,
    "sec_right": 0.8755192110935847,
    "sec_upper": 0.794735448476341,
    "sec_lower": 0.38190975967380736
  }
}