{
  "test": {
    "MAE": 0.963675410747528,
    "MAE_plain": 0.8005090701580048,
    "RMSE": 1.4712412414837988,
    "AbsRel": 0.6177493894100189,
    "delta1": 0.40758190512657166,
    "SILog": 0.6111908626556396,
    "MAE_ffx": 0.9209741107622782,
    "mirror_better_rate": 0.4927777934074402,
    "mae_gain_if_mirrored": 0.006548805544152856,
    "MAE_low": 0.924873894850413,
    "SHcoefL1": 0.3622020762227476,
    "sec_front": 0.9336618622144063,
    "sec_left": 0.9664491351445516,
    "sec_back": 0.9674129660924276,
    "sec_right": 0.9871777049700419,
    "sec_upper": 0.8319112624724706,
    "sec_lower": 0.41298055509726206
  },
  "mono": {
    "MAE": 1.3228602774937948,
    "MAE_plain": 1.1249861391385396,
    "RMSE": 1.8518800249681406,
    "AbsRel": 0.979678148428599,
    "delta1": 0.29186302185058594,
    "SILog": 0.8023030138015748,
    "MAE_ffx": 1.2808552742004395,
    "mirror_better_rate": 0.511666685740153,
    "mae_gain_if_mirrored": 0.007986367422466476,
    "MAE_low": 1.2876927693684896,
    "SHcoefL1": 0.4618785537737939,
    "sec_front": 1.3438290858268738,
    "sec_left": 1.353066619237264,
    "sec_back": 1.2479723723729452,
    "sec_right": 1.3465729856491089,
    "sec_upper": 1.2789993770917256,
    "sec_lower": 0.5003305204709371
  },
  "shuffle": {
    "MAE": 1.1064057159423828,
    "MAE_plain": 0.909139886299769,
    "RMSE": 1.6355125300395086,
    "AbsRel": 0.758551987806956,
    "delta1": 0.3594368004798889,
    "SILog": 0.7086664724349976,
    "MAE_ffx": 1.0622264059384663,
    "mirror_better_rate": 0.5175000150998433,
    "mae_gain_if_mirrored": 0.005977842326586445,
    "MAE_low": 1.0685610787073772,
    "SHcoefL1": 0.39531862692907455,
    "sec_front": 1.1281173157691955,
    "sec_left": 1.097700264453888,
    "sec_back": 1.1152022425333659,
    "sec_right": 1.0846029694875081,
    "sec_upper": 0.9281020057201386,
    "sec_lower": 0.46899200479189557
  },
  "swap": {
    "MAE": 0.9658136320114136,
    "MAE_plain": 0.8021010684967042,
    "RMSE": 1.4728041564932604,
    "AbsRel": 0.6208786571025848,
    "delta1": 0.40683553179105125,
    "SILog": 0.6130873394012452,
    "MAE_ffx": 0.9231833171844482,
    "mirror_better_rate": 0.5075000166893006,
    "mae_gain_if_mirrored": 0.007311807358637452,
    "MAE_low": 0.9269864030679067,
    "SHcoefL1": 0.362319595437083,
    "sec_front": 0.937090835571289,
    "sec_left": 0.9834983309110006,
    "sec_back": 0.9688989671071371,
    "sec_right": 0.9737663912773132,
    "sec_upper": 0.8329734561840693,
    "sec_lower": 0.4139831171433131
  }
}