{
  "test": {
    "MAE": 0.8859203094906277,
    "MAE_plain": 0.7432177495956421,
    "RMSE": 1.4225975707610263,
    "AbsRel": 0.5322982043690152,
    "delta1": 0.46108160018920896,
    "SILog": 0.5762748979197608,
    "MAE_ffx": 0.8439375562138027,
    "mirror_better_rate": 0.2675,
    "mae_gain_if_mirrored": 0.014854863629572921,
    "MAE_low": 0.8484169888496399,
    "SHcoefL1": 0.35008199287164543,
    "sec_front": 0.8863887312677171,
    "sec_left": 0.8751956836382548,
    "sec_back": 0.9171217894554138,
    "sec_right": 0.8649750261836582,
    "sec_upper": 0.7814328420162201,
    "sec_lower": 0.3866630728377236
  }
}