{
  "run": "B_batvis_s1",
  "MAE": 0.8859203116099039,
  "MAE_plain": 0.7432177495956421,
  "RMSE": 1.4225975717696446,
  "AbsRel": 0.5322982059584723,
  "delta1": 0.4610815970102946,
  "delta2": 0.6786939703093635,
  "delta3": 0.8038118481636047,
  "SILog": 0.5762748981846704,
  "MAE_ffx": 0.8439375556839837,
  "mirror_better_rate": 0.2675,
  "mae_gain_if_mirrored": 0.014854863356384966,
  "MAE_low": 0.8484169904390971,
  "SHcoefL1": 0.3500819935152928,
  "sec_front": 0.8863887302080791,
  "sec_left": 0.8751956831084358,
  "sec_back": 0.9171217883957757,
  "sec_right": 0.8649750283029345,
  "sec_upper": 0.7814328420162201,
  "sec_lower": 0.3866630721754498
}