{
  "test": {
    "MAE": 0.9155181280771891,
    "MAE_plain": 0.7633892160654068,
    "RMSE": 1.4473409138172781,
    "AbsRel": 0.553799664179484,
    "delta1": 0.43978200991948446,
    "SILog": 0.5868353003263473,
    "MAE_ffx": 0.8725706229607264,
    "mirror_better_rate": 0.31833334267139435,
    "mae_gain_if_mirrored": 0.020024782842956484,
    "MAE_low": 0.878104731241862,
    "SHcoefL1": 0.3584701708911194,
    "sec_front": 0.9145678218205769,
    "sec_left": 0.9112109611431758,
    "sec_back": 0.9337937905391057,
    "sec_right": 0.9024999491373698,
    "sec_upper": 0.791077953974406,
    "sec_lower": 0.3967889705300331
  }
}