{
  "test": {
    "MAE": 0.7763446978727977,
    "MAE_plain": 0.6587728468577067,
    "RMSE": 1.2425499701499938,
    "AbsRel": 0.47757802267869315,
    "delta1": 0.44479632437229155,
    "delta2": 0.6659224345286687,
    "delta3": 0.7949726827939352,
    "SILog": 0.5116433453559875,
    "MAE_ffx": 0.7444125936428706,
    "mirror_better_rate": 0.2575000067551931,
    "mae_gain_if_mirrored": 0.012289685025267923,
    "MAE_low": 0.7347913122177124,
    "SHcoefL1": 0.3097384721568475,
    "sec_front": 0.7745268005132675,
    "sec_left": 0.7487288395563761,
    "sec_back": 0.7981543932358424,
    "sec_right": 0.7439242249727249,
    "sec_upper": 0.648355167110761,
    "sec_lower": 0.29586384803056714
  }
}