{
  "test": {
    "MAE": 0.7791541878382365,
    "MAE_plain": 0.6602813880973392,
    "RMSE": 1.2261520772510104,
    "AbsRel": 0.529050688346227,
    "delta1": 0.4394630887111028,
    "delta2": 0.6610046135054695,
    "delta3": 0.7942164097891914,
    "SILog": 0.5161398080984752,
    "MAE_ffx": 0.7503515472677019,
    "mirror_better_rate": 0.2677777777777778,
    "mae_gain_if_mirrored": 0.01325039772523774,
    "MAE_low": 0.737897336880366,
    "SHcoefL1": 0.30800686945931777,
    "sec_front": 0.7713568227820926,
    "sec_left": 0.7586289803187053,
    "sec_back": 0.7955429720878601,
    "sec_right": 0.757181107070711,
    "sec_upper": 0.6525174691942003,
    "sec_lower": 0.29961305946111677
  }
}