{
  "test": {
    "MAE": 0.903396589756012,
    "MAE_plain": 0.7594617040952046,
    "RMSE": 1.4693015479077256,
    "AbsRel": 0.4832146821419398,
    "delta1": 0.46033416291077933,
    "SILog": 0.5907913623253505,
    "MAE_ffx": 0.8610063389937083,
    "mirror_better_rate": 0.25916667491197587,
    "mae_gain_if_mirrored": 0.015608554764961202,
    "MAE_low": 0.8669415009021759,
    "SHcoefL1": 0.3602700215847128,
    "sec_front": 0.9055693578720093,
    "sec_left": 0.8821480560302735,
    "sec_back": 0.9420282824834187,
    "sec_right": 0.8838406376043956,
    "sec_upper": 0.8073866191506386,
    "sec_lower": 0.3861229872703552
  }
}