{
  "test": {
    "MAE": 0.9545880031585693,
    "MAE_plain": 0.7980805526839362,
    "RMSE": 1.4564911988616993,
    "AbsRel": 0.6233602901299794,
    "delta1": 0.4136422136094835,
    "SILog": 0.6036437949869368,
    "MAE_ffx": 0.9112236648135715,
    "mirror_better_rate": 0.2941666666666667,
    "mae_gain_if_mirrored": 0.016873347949650553,
    "MAE_low": 0.9161355159017774,
    "SHcoefL1": 0.35873983507148094,
    "sec_front": 0.9814855652385288,
    "sec_left": 0.9237148589558072,
    "sec_back": 0.9938212360276116,
    "sec_right": 0.9193303272459242,
    "sec_upper": 0.8415058222081926,
    "sec_lower": 0.4104193087418874
  },
  "mono": {
    "MAE": 1.6351916954252455,
    "MAE_plain": 1.3978764883677164,
    "RMSE": 2.389454985658162,
    "AbsRel": 1.3226972852812873,
    "delta1": 0.32780920651223927,
    "SILog": 0.7830242138438754,
    "MAE_ffx": 1.6201287942462497,
    "mirror_better_rate": 0.5036111111111111,
    "mae_gain_if_mirrored": 0.012753695928388173,
    "MAE_low": 1.6065410778257583,
    "SHcoefL1": 0.5552699106724726,
    "sec_front": 1.3468531555599637,
    "sec_left": 1.812107826338874,
    "sec_back": 1.45338902314504,
    "sec_right": 1.9284167692396377,
    "sec_upper": 1.6941104438569812,
    "sec_lower": 0.5093427220980327
  },
  "shuffle": {
    "MAE": 1.1017222950193617,
    "MAE_plain": 0.9079941590627034,
    "RMSE": 1.626161871040139,
    "AbsRel": 0.7706606807973649,
    "delta1": 0.364131409989463,
    "SILog": 0.704900880654653,
    "MAE_ffx": 1.057106462849511,
    "mirror_better_rate": 0.4847222222222222,
    "mae_gain_if_mirrored": 0.05162479201952616,
    "MAE_low": 1.064147104687161,
    "SHcoefL1": 0.39165914965379567,
    "sec_front": 1.088013431761,
    "sec_left": 1.1221834092670018,
    "sec_back": 1.0796785836749607,
    "sec_right": 1.1170137532552082,
    "sec_upper": 0.9359763334857093,
    "sec_lower": 0.46911216497421265
  },
  "swap": {
    "MAE": 1.113222295443217,
    "MAE_plain": 0.9159798701604207,
    "RMSE": 1.6456993980550243,
    "AbsRel": 0.7542678854200575,
    "delta1": 0.3581761978732215,
    "SILog": 0.7139414834976197,
    "MAE_ffx": 1.0676266116566129,
    "mirror_better_rate": 0.6755555555555556,
    "mae_gain_if_mirrored": 0.11702972203493119,
    "MAE_low": 1.0768666534953648,
    "SHcoefL1": 0.39031328413842453,
    "sec_front": 1.0577469685342578,
    "sec_left": 1.184501134554545,
    "sec_back": 1.063434504667918,
    "sec_right": 1.147206530041165,
    "sec_upper": 0.9319327239195506,
    "sec_lower": 0.47681313276290893
  }
}