{
  "test": {
    "MAE": 0.9058804983562894,
    "MAE_plain": 0.7617534245385064,
    "RMSE": 1.4268431903566081,
    "AbsRel": 0.5686580012904273,
    "delta1": 0.45320970747205946,
    "SILog": 0.5828408269087474,
    "MAE_ffx": 0.8652062887615628,
    "mirror_better_rate": 0.2536111111111111,
    "mae_gain_if_mirrored": 0.01538065871430768,
    "MAE_low": 0.8673971305953132,
    "SHcoefL1": 0.3534149236097518,
    "sec_front": 0.9232719169722663,
    "sec_left": 0.8772285837597317,
    "sec_back": 0.9417559300528632,
    "sec_right": 0.881265562110477,
    "sec_upper": 0.8063252872890896,
    "sec_lower": 0.38676007443004184
  }
}