{
  "test": {
    "MAE": 0.9671451282501221,
    "MAE_plain": 0.8044842501481374,
    "RMSE": 1.4771469032884497,
    "AbsRel": 0.6325334775447845,
    "delta1": 0.4130589024225871,
    "SILog": 0.618082898457845,
    "MAE_ffx": 0.9247018098831177,
    "mirror_better_rate": 0.4916666821638743,
    "mae_gain_if_mirrored": 0.005273308845547339,
    "MAE_low": 0.9287576448917388,
    "SHcoefL1": 0.3648970327422851,
    "sec_front": 0.9318847942352295,
    "sec_left": 0.9855131387710572,
    "sec_back": 0.9546087781588236,
    "sec_right": 0.9965737613042196,
    "sec_upper": 0.8332399763663609,
    "sec_lower": 0.416133643190066
  },
  "mono": {
    "MAE": 1.3576698795954387,
    "MAE_plain": 1.1030738035837808,
    "RMSE": 1.9382702738250381,
    "AbsRel": 1.14641659339269,
    "delta1": 0.34233426372210185,
    "SILog": 0.7351804693539937,
    "MAE_ffx": 1.3179522736867268,
    "mirror_better_rate": 0.4883333468437195,
    "mae_gain_if_mirrored": 0.004160520819326241,
    "MAE_low": 1.320177575747172,
    "SHcoefL1": 0.48654638051986693,
    "sec_front": 1.514471518198649,
    "sec_left": 1.4008675694465638,
    "sec_back": 1.0994258205095926,
    "sec_right": 1.4159145943323772,
    "sec_upper": 1.1029999391237895,
    "sec_lower": 0.4645195790131887
  },
  "shuffle": {
    "MAE": 1.1158252922693888,
    "MAE_plain": 0.9171573603153229,
    "RMSE": 1.6470872334826452,
    "AbsRel": 0.7768032793203989,
    "delta1": 0.36282583196957907,
    "SILog": 0.7173261916637421,
    "MAE_ffx": 1.0722414231300355,
    "mirror_better_rate": 0.5330555748939514,
    "mae_gain_if_mirrored": 0.005576981312284867,
    "MAE_low": 1.0783311263720194,
    "SHcoefL1": 0.3985117836627695,
    "sec_front": 1.1262802910804748,
    "sec_left": 1.1171965344746908,
    "sec_back": 1.1192783617973328,
    "sec_right": 1.1005459459622702,
    "sec_upper": 0.9310082205136617,
    "sec_lower": 0.4730186518033346
  },
  "swap": {
    "MAE": 0.9681933792432149,
    "MAE_plain": 0.8054159653186798,
    "RMSE": 1.4785162311748914,
    "AbsRel": 0.6337387716770172,
    "delta1": 0.41336936354637144,
    "SILog": 0.6187781922022502,
    "MAE_ffx": 0.9257873749732971,
    "mirror_better_rate": 0.4922222371896108,
    "mae_gain_if_mirrored": 0.00530358097050339,
    "MAE_low": 0.9298473596572876,
    "SHcoefL1": 0.3652971853564183,
    "sec_front": 0.9331625556945801,
    "sec_left": 0.9896896107991536,
    "sec_back": 0.956285457611084,
    "sec_right": 0.9936359103520711,
    "sec_upper": 0.8337496982018153,
    "sec_lower": 0.4163872635364532
  }
}