{
  "test": {
    "MAE": 0.9412394592497084,
    "MAE_plain": 0.7915375449922349,
    "RMSE": 1.4583484624967178,
    "AbsRel": 0.6026399728986952,
    "delta1": 0.4289788895183139,
    "SILog": 0.6022425610489316,
    "MAE_ffx": 0.8982482054498461,
    "mirror_better_rate": 0.26611111111111113,
    "mae_gain_if_mirrored": 0.01392679389152262,
    "MAE_low": 0.9024376991060045,
    "SHcoefL1": 0.3587884390043716,
    "sec_front": 0.9702107985814412,
    "sec_left": 0.9056282178560893,
    "sec_back": 0.9887878886858622,
    "sec_right": 0.9003309255176121,
    "sec_upper": 0.8409479951858521,
    "sec_lower": 0.4018451450930701
  },
  "mono": {
    "MAE": 1.181545359823439,
    "MAE_plain": 0.9876920856369866,
    "RMSE": 1.6924861885151312,
    "AbsRel": 0.9493724285231696,
    "delta1": 0.3652600195672777,
    "SILog": 0.696965573893653,
    "MAE_ffx": 1.1441457300715976,
    "mirror_better_rate": 0.5122222222222222,
    "mae_gain_if_mirrored": 0.006108666807413101,
    "MAE_low": 1.143082665602366,
    "SHcoefL1": 0.43163219285508,
    "sec_front": 1.113789481057061,
    "sec_left": 1.2688143687778048,
    "sec_back": 1.109789343410068,
    "sec_right": 1.2337881967756483,
    "sec_upper": 1.0151575536198085,
    "sec_lower": 0.4911114960246616
  },
  "shuffle": {
    "MAE": 1.1180286518732707,
    "MAE_plain": 0.9231158153216044,
    "RMSE": 1.6578853452143842,
    "AbsRel": 0.7671999069054921,
    "delta1": 0.36299673901663887,
    "SILog": 0.715073631339603,
    "MAE_ffx": 1.0731332262357076,
    "mirror_better_rate": 0.48333333333333334,
    "mae_gain_if_mirrored": 0.05062535867094994,
    "MAE_low": 1.0802464909023708,
    "SHcoefL1": 0.4000706569229563,
    "sec_front": 1.1101202371385361,
    "sec_left": 1.1299744780858358,
    "sec_back": 1.092998858557807,
    "sec_right": 1.1390210305319892,
    "sec_upper": 0.9491121983528137,
    "sec_lower": 0.47131922867563036
  },
  "swap": {
    "MAE": 1.1225947385364108,
    "MAE_plain": 0.9198664840062459,
    "RMSE": 1.6606007389948434,
    "AbsRel": 0.776914648214976,
    "delta1": 0.3674749680360158,
    "SILog": 0.7243291812472873,
    "MAE_ffx": 1.0779396523369684,
    "mirror_better_rate": 0.7322222222222222,
    "mae_gain_if_mirrored": 0.14220181351734532,
    "MAE_low": 1.0852923316425747,
    "SHcoefL1": 0.3934171141270134,
    "sec_front": 1.0476840172873603,
    "sec_left": 1.18460116704305,
    "sec_back": 1.0632292630937363,
    "sec_right": 1.1948645125495063,
    "sec_upper": 0.9205536444981893,
    "sec_lower": 0.4731625575489468
  }
}