{
  "test": {
    "MAE": 0.9136724456151326,
    "MAE_plain": 0.768844280772739,
    "RMSE": 1.4338376962226964,
    "AbsRel": 0.562371024886767,
    "delta1": 0.44162924812899695,
    "SILog": 0.5755310477150811,
    "MAE_ffx": 0.8713398932086097,
    "mirror_better_rate": 0.24722222222222223,
    "mae_gain_if_mirrored": 0.014596361459957229,
    "MAE_low": 0.8753781786229875,
    "SHcoefL1": 0.3561061885766685,
    "sec_front": 0.9305240405930413,
    "sec_left": 0.8868146853976779,
    "sec_back": 0.9523754988776313,
    "sec_right": 0.8849755595790015,
    "sec_upper": 0.8241560665435261,
    "sec_lower": 0.3902069254716237
  },
  "mono": {
    "MAE": 1.2559905378023783,
    "MAE_plain": 1.068282568189833,
    "RMSE": 1.8190143545393271,
    "AbsRel": 0.9631298568513659,
    "delta1": 0.34091630240281423,
    "SILog": 0.6986025445991092,
    "MAE_ffx": 1.2175783814324272,
    "mirror_better_rate": 0.5086111111111111,
    "mae_gain_if_mirrored": 0.010078665870759222,
    "MAE_low": 1.2216269387139214,
    "SHcoefL1": 0.4648353626372086,
    "sec_front": 1.1035922609435187,
    "sec_left": 1.3581170524491204,
    "sec_back": 1.1005878575642905,
    "sec_right": 1.461664960384369,
    "sec_upper": 1.1467962137858072,
    "sec_lower": 0.4978711287180583
  },
  "shuffle": {
    "MAE": 1.1322211284107633,
    "MAE_plain": 0.9308184447553423,
    "RMSE": 1.6793313912079386,
    "AbsRel": 0.7642509051163991,
    "delta1": 0.3589019254843394,
    "SILog": 0.7168407338195377,
    "MAE_ffx": 1.0878347195519342,
    "mirror_better_rate": 0.49666666666666665,
    "mae_gain_if_mirrored": 0.053603616447912325,
    "MAE_low": 1.0949729681015015,
    "SHcoefL1": 0.40806909958935444,
    "sec_front": 1.1261814721425374,
    "sec_left": 1.1470706073443095,
    "sec_back": 1.1077338512738546,
    "sec_right": 1.1478985998365614,
    "sec_upper": 0.9550917338662678,
    "sec_lower": 0.47965596639447744
  },
  "swap": {
    "MAE": 1.105524415704939,
    "MAE_plain": 0.9050822688473595,
    "RMSE": 1.651029749508477,
    "AbsRel": 0.737855060365465,
    "delta1": 0.37573929640981885,
    "SILog": 0.7000835729969872,
    "MAE_ffx": 1.061299032635159,
    "mirror_better_rate": 0.7405555555555555,
    "mae_gain_if_mirrored": 0.15136928820775614,
    "MAE_low": 1.0686878340774113,
    "SHcoefL1": 0.39445727650283113,
    "sec_front": 1.0059968268871307,
    "sec_left": 1.1947362081209818,
    "sec_back": 1.0319450097613865,
    "sec_right": 1.1894196208318075,
    "sec_upper": 0.9102706801229054,
    "sec_lower": 0.4632199577821626,
    "swap_mirror_consistency": 0.16772200621186098
  }
}