{
  "test": {
    "MAE": 0.9195598061879476,
    "MAE_plain": 0.7730405786633492,
    "RMSE": 1.4284413239815201,
    "AbsRel": 0.5579854490359625,
    "delta1": 0.4355450992286205,
    "SILog": 0.5711633782585462,
    "MAE_ffx": 0.8770566466450691,
    "mirror_better_rate": 0.2527777842928966,
    "mae_gain_if_mirrored": 0.013936325286340433,
    "MAE_low": 0.8812453982234001,
    "SHcoefL1": 0.3557992503295342,
    "sec_front": 0.9366348268588384,
    "sec_left": 0.8920232265194257,
    "sec_back": 0.9594077454010645,
    "sec_right": 0.8901734379927317,
    "sec_upper": 0.824950512299935,
    "sec_lower": 0.3929739113152027
  },
  "mono": {
    "MAE": 1.1748837075630825,
    "MAE_plain": 0.9696972535053889,
    "RMSE": 1.7572433151110063,
    "AbsRel": 0.8444086002310117,
    "delta1": 0.36764770463109014,
    "SILog": 0.7006290120879809,
    "MAE_ffx": 1.1388636501630147,
    "mirror_better_rate": 0.5113889060417811,
    "mae_gain_if_mirrored": 0.007268572908166486,
    "MAE_low": 1.1398315699895223,
    "SHcoefL1": 0.4504847502729131,
    "sec_front": 1.050550760626793,
    "sec_left": 1.2821052239338557,
    "sec_back": 1.1021711001793544,
    "sec_right": 1.2647077796856563,
    "sec_upper": 0.9738317909340064,
    "sec_lower": 0.47075192804137866
  },
  "left": {
    "MAE": 1.1650850131114323,
    "MAE_plain": 0.9726136702299119,
    "RMSE": 1.745781709263677,
    "AbsRel": 0.7861420417825381,
    "delta1": 0.355162935902675,
    "SILog": 0.7055316763122876,
    "MAE_ffx": 1.1234522249301275,
    "mirror_better_rate": 0.5050000164906184,
    "mae_gain_if_mirrored": 0.007879173866240308,
    "MAE_low": 1.1304927587509155,
    "SHcoefL1": 0.4469123020975126,
    "sec_front": 1.0728038434187572,
    "sec_left": 1.254419251481692,
    "sec_back": 1.1156955190499624,
    "sec_right": 1.217421477039655,
    "sec_upper": 0.9897878593703111,
    "sec_lower": 0.4791047437985738
  },
  "right": {
    "MAE": 1.1725839908917746,
    "MAE_plain": 0.9780775223175685,
    "RMSE": 1.7643971285146998,
    "AbsRel": 0.8032212216655413,
    "delta1": 0.35825875625014303,
    "SILog": 0.7072728110353151,
    "MAE_ffx": 1.131195877591769,
    "mirror_better_rate": 0.5086111278831958,
    "mae_gain_if_mirrored": 0.008085823781633129,
    "MAE_low": 1.1380116566022238,
    "SHcoefL1": 0.4500443490366969,
    "sec_front": 1.0674341028928758,
    "sec_left": 1.2350858467817307,
    "sec_back": 1.119071641167005,
    "sec_right": 1.26874438226223,
    "sec_upper": 1.001973687807719,
    "sec_lower": 0.4766647700468699
  },
  "shuffle": {
    "MAE": 1.129065962235133,
    "MAE_plain": 0.9280410698056221,
    "RMSE": 1.6632698351935002,
    "AbsRel": 0.7702813858787219,
    "delta1": 0.36077827612559,
    "SILog": 0.7148542791604996,
    "MAE_ffx": 1.0850278957684836,
    "mirror_better_rate": 0.48861112743616103,
    "mae_gain_if_mirrored": 0.05261834342653553,
    "MAE_low": 1.0917340580622354,
    "SHcoefL1": 0.4037998983636498,
    "sec_front": 1.1298743502298991,
    "sec_left": 1.1370372349023818,
    "sec_back": 1.1024236957232156,
    "sec_right": 1.1469285566608112,
    "sec_upper": 0.9491521905362607,
    "sec_lower": 0.4809282565613588
  },
  "swap": {
    "MAE": 1.1136207658052444,
    "MAE_plain": 0.9114998158812523,
    "RMSE": 1.6445418781602938,
    "AbsRel": 0.7422613991300265,
    "delta1": 0.36857699741919836,
    "SILog": 0.7004261432091395,
    "MAE_ffx": 1.0694379818439483,
    "mirror_better_rate": 0.7511111309130987,
    "mae_gain_if_mirrored": 0.1503606238309294,
    "MAE_low": 1.0767789884408314,
    "SHcoefL1": 0.39389025927210847,
    "sec_front": 1.0244438036282857,
    "sec_left": 1.193813721736272,
    "sec_back": 1.0412288095553717,
    "sec_right": 1.1949967277050018,
    "sec_upper": 0.9143465168277423,
    "sec_lower": 0.4703278147180875,
    "swap_mirror_consistency": 0.13367186712979687
  }
}