{
  "test": {
    "MAE": 0.7841141146421432,
    "MAE_plain": 0.6654029162724813,
    "RMSE": 1.2482140588760375,
    "AbsRel": 0.47898590634266536,
    "delta1": 0.44446895480155946,
    "delta2": 0.664753086566925,
    "delta3": 0.7928398319085439,
    "SILog": 0.5238414682944615,
    "MAE_ffx": 0.7538091174761454,
    "mirror_better_rate": 0.27222223026057085,
    "mae_gain_if_mirrored": 0.014588771160536756,
    "MAE_low": 0.7436465505758921,
    "SHcoefL1": 0.31368613103611603,
    "sec_front": 0.7867376246054967,
    "sec_left": 0.760349393884341,
    "sec_back": 0.7968213895956675,
    "sec_right": 0.7548502796888351,
    "sec_upper": 0.6566009773313999,
    "sec_lower": 0.2978866672515869
  }
}