{
  "test": {
    "MAE": 0.8871002093950907,
    "MAE_plain": 0.7457282926638921,
    "RMSE": 1.409708266688535,
    "AbsRel": 0.5317884939908981,
    "delta1": 0.4555953747034073,
    "delta2": 0.674268895983696,
    "delta3": 0.8025817914803823,
    "SILog": 0.5662652264038722,
    "MAE_ffx": 0.8442789351940155,
    "mirror_better_rate": 0.25444445257385573,
    "mae_gain_if_mirrored": 0.013705089140469985,
    "MAE_low": 0.8484040739138922,
    "SHcoefL1": 0.3470108292624354,
    "sec_front": 0.8916846911112467,
    "sec_left": 0.8668431882063548,
    "sec_back": 0.9202826180060705,
    "sec_right": 0.8695903255542119,
    "sec_upper": 0.7899056915442149,
    "sec_lower": 0.38551826695601144
  }
}