{
  "test": {
    "MAE": 0.8932403516769409,
    "MAE_plain": 0.7500953098138173,
    "RMSE": 1.4351161641604928,
    "AbsRel": 0.5241477366288503,
    "delta1": 0.4526256450017293,
    "SILog": 0.5816471862792969,
    "MAE_ffx": 0.8515479254722595,
    "mirror_better_rate": 0.2783333405852318,
    "mae_gain_if_mirrored": 0.015798752677316466,
    "MAE_low": 0.8559874109427135,
    "SHcoefL1": 0.35320824954451785,
    "sec_front": 0.8970045439402262,
    "sec_left": 0.87412060658137,
    "sec_back": 0.9214414048194886,
    "sec_right": 0.8803948132197063,
    "sec_upper": 0.7947137137254079,
    "sec_lower": 0.3863666792710622
  },
  "mono": {
    "MAE": 1.4364272117614747,
    "MAE_plain": 1.1950398294130962,
    "RMSE": 2.1766385843426486,
    "AbsRel": 1.0360530845324198,
    "delta1": 0.3278355598449707,
    "SILog": 0.7864023741086325,
    "MAE_ffx": 1.4049584547678629,
    "mirror_better_rate": 0.4955555725097656,
    "mae_gain_if_mirrored": 0.0353010302161177,
    "MAE_low": 1.4057620930671693,
    "SHcoefL1": 0.5776451576439043,
    "sec_front": 1.3594768571853637,
    "sec_left": 1.771728432973226,
    "sec_back": 1.1497922666867575,
    "sec_right": 1.4647112941741944,
    "sec_upper": 1.2600792042414348,
    "sec_lower": 0.45271627068519593
  },
  "shuffle": {
    "MAE": 1.1453185121218363,
    "MAE_plain": 0.9373555115858714,
    "RMSE": 1.7138969340725945,
    "AbsRel": 0.7572993810971578,
    "delta1": 0.354397584994634,
    "SILog": 0.7487453611691793,
    "MAE_ffx": 1.1005410106976827,
    "mirror_better_rate": 0.49583335041999815,
    "mae_gain_if_mirrored": 0.05177606780081987,
    "MAE_low": 1.1094713966051737,
    "SHcoefL1": 0.4134129646793008,
    "sec_front": 1.1520722723007202,
    "sec_left": 1.1469803595542907,
    "sec_back": 1.124842271010081,
    "sec_right": 1.1573791281382242,
    "sec_upper": 0.9466409277915955,
    "sec_lower": 0.4851425508658091
  },
  "swap": {
    "MAE": 1.0732131441434225,
    "MAE_plain": 0.8781056213378906,
    "RMSE": 1.6389947127810824,
    "AbsRel": 0.6877499854564667,
    "delta1": 0.3870499801635742,
    "SILog": 0.7074432949225108,
    "MAE_ffx": 1.0294098162651062,
    "mirror_better_rate": 0.7208333539962769,
    "mae_gain_if_mirrored": 0.14676308279236158,
    "MAE_low": 1.0374121205012004,
    "SHcoefL1": 0.38985487192662227,
    "sec_front": 0.9688663975397745,
    "sec_left": 1.1638581132888794,
    "sec_back": 1.000192178885142,
    "sec_right": 1.1599359011650086,
    "sec_upper": 0.8779336790243785,
    "sec_lower": 0.4572040780385335
  }
}