{
  "run": "Bnode2_unet8_5chflip_s1",
  "MAE": 0.8932403516769409,
  "MAE_plain": 0.7500953098138173,
  "RMSE": 1.4351161663209033,
  "AbsRel": 0.5241477370262146,
  "delta1": 0.4526256402333578,
  "delta2": 0.6744733877976735,
  "delta3": 0.8021295436223348,
  "SILog": 0.5816471882661184,
  "MAE_ffx": 0.8515479222933451,
  "mirror_better_rate": 0.2783333405852318,
  "mae_gain_if_mirrored": 0.01579875282322367,
  "MAE_low": 0.8559874101479849,
  "SHcoefL1": 0.3532082494844993,
  "sec_front": 0.8970045455296835,
  "sec_left": 0.8741206049919128,
  "sec_back": 0.9214414056142172,
  "sec_right": 0.8803948132197063,
  "sec_upper": 0.7947137089570363,
  "sec_lower": 0.38636668006579084
}