{
  "test": {
    "MAE": 0.9017553742726644,
    "MAE_plain": 0.7580657827854157,
    "RMSE": 1.4620290968231466,
    "AbsRel": 0.508783015012741,
    "delta1": 0.4571979145208995,
    "SILog": 0.5950768458843231,
    "MAE_ffx": 0.8606316192944845,
    "mirror_better_rate": 0.2608333404858907,
    "mae_gain_if_mirrored": 0.01679070508728425,
    "MAE_low": 0.8649863930543263,
    "SHcoefL1": 0.3595676361458997,
    "sec_front": 0.9023416050275167,
    "sec_left": 0.8722476371129354,
    "sec_back": 0.9421341753005982,
    "sec_right": 0.8902980756759643,
    "sec_upper": 0.8001768497625986,
    "sec_lower": 0.38737926344076795
  }
}