{
  "test": {
    "MAE": 0.9007208424144321,
    "MAE_plain": 0.756511922677358,
    "RMSE": 1.4361630957314626,
    "AbsRel": 0.5380720241864523,
    "delta1": 0.4511822369363573,
    "SILog": 0.5838744364844428,
    "MAE_ffx": 0.8592195574442546,
    "mirror_better_rate": 0.24805555555555556,
    "mae_gain_if_mirrored": 0.014289413847857051,
    "MAE_low": 0.8633617846171061,
    "SHcoefL1": 0.35521223148227565,
    "sec_front": 0.9143100950453017,
    "sec_left": 0.8824061483807034,
    "sec_back": 0.9354321230782403,
    "sec_right": 0.8707349983851115,
    "sec_upper": 0.7974987228711446,
    "sec_lower": 0.39030189765824214
  },
  "mono": {
    "MAE": 1.0824805159038968,
    "MAE_plain": 0.9010439734988742,
    "RMSE": 1.6639929660072532,
    "AbsRel": 0.6992818820476532,
    "delta1": 0.38596499270863005,
    "SILog": 0.6954938626289368,
    "MAE_ffx": 1.0424217528767057,
    "mirror_better_rate": 0.4922222222222222,
    "mae_gain_if_mirrored": 0.012232749271723959,
    "MAE_low": 1.04783554898368,
    "SHcoefL1": 0.4149935132699708,
    "sec_front": 1.0516381698184543,
    "sec_left": 1.1102095866203308,
    "sec_back": 1.0477407058080037,
    "sec_right": 1.1203335857391357,
    "sec_upper": 0.9310197978549534,
    "sec_lower": 0.4498641848564148
  },
  "shuffle": {
    "MAE": 1.13932147026062,
    "MAE_plain": 0.9335723545816209,
    "RMSE": 1.7014503460096482,
    "AbsRel": 0.7635751095083024,
    "delta1": 0.36064594361517166,
    "SILog": 0.7406530422634549,
    "MAE_ffx": 1.0951173973083497,
    "mirror_better_rate": 0.4913888888888889,
    "mae_gain_if_mirrored": 0.056066374050246344,
    "MAE_low": 1.1031047042210897,
    "SHcoefL1": 0.41100680094419256,
    "sec_front": 1.1491944498485989,
    "sec_left": 1.1282603846655952,
    "sec_back": 1.1257976892259385,
    "sec_right": 1.1540333710776436,
    "sec_upper": 0.941151132716073,
    "sec_lower": 0.48444413820902504
  },
  "swap": {
    "MAE": 1.1028214497036404,
    "MAE_plain": 0.8999485969543457,
    "RMSE": 1.6613553295267816,
    "AbsRel": 0.7227789755662283,
    "delta1": 0.37872362494468687,
    "SILog": 0.7165955305099487,
    "MAE_ffx": 1.0594670179155137,
    "mirror_better_rate": 0.7586111111111111,
    "mae_gain_if_mirrored": 0.15758236553933885,
    "MAE_low": 1.0668365131484137,
    "SHcoefL1": 0.39600226445330516,
    "sec_front": 1.002873224152459,
    "sec_left": 1.1887546242607965,
    "sec_back": 1.0237782870398628,
    "sec_right": 1.1958796824349298,
    "sec_upper": 0.8868569958209992,
    "sec_lower": 0.4675510534975264
  }
}