{
  "test": {
    "MAE": 0.9093770705329047,
    "MAE_plain": 0.7679154748386807,
    "RMSE": 1.4248382138816555,
    "AbsRel": 0.5378099546167585,
    "delta1": 0.4336555401484172,
    "SILog": 0.5719653968016306,
    "MAE_ffx": 0.8668127287758721,
    "mirror_better_rate": 0.26722222222222225,
    "mae_gain_if_mirrored": 0.014128766142659717,
    "MAE_low": 0.8705266873041789,
    "SHcoefL1": 0.3498139996971521,
    "sec_front": 0.9271309004889594,
    "sec_left": 0.8871029337247213,
    "sec_back": 0.9375273010465834,
    "sec_right": 0.8857471272680495,
    "sec_upper": 0.8186127091778649,
    "sec_lower": 0.38865477012263405
  }
}