{
  "test": {
    "MAE": 0.8985894167423248,
    "MAE_plain": 0.7533808249235153,
    "RMSE": 1.4519581127857533,
    "AbsRel": 0.4930105437835058,
    "delta1": 0.4543103476365407,
    "SILog": 0.5802314015229543,
    "MAE_ffx": 0.8547453184922537,
    "mirror_better_rate": 0.27055556366841,
    "mae_gain_if_mirrored": 0.01587931003343935,
    "MAE_low": 0.8613417915503184,
    "SHcoefL1": 0.35632268933579325,
    "sec_front": 0.9119995653629303,
    "sec_left": 0.8783761996030808,
    "sec_back": 0.9292350467046102,
    "sec_right": 0.8747468374172847,
    "sec_upper": 0.7956321643789609,
    "sec_lower": 0.38318530152241387
  }
}