{
  "test": {
    "MAE": 0.9210806524753571,
    "MAE_plain": 0.7763078888257344,
    "RMSE": 1.4463169276867136,
    "AbsRel": 0.5614673550923666,
    "delta1": 0.4352793276309967,
    "SILog": 0.5851799668868383,
    "MAE_ffx": 0.8780490775903066,
    "mirror_better_rate": 0.2441666739185651,
    "mae_gain_if_mirrored": 0.014624949184168751,
    "MAE_low": 0.8835208535194397,
    "SHcoefL1": 0.3570768432194988,
    "sec_front": 0.9348284699519476,
    "sec_left": 0.890077330271403,
    "sec_back": 0.9679214719931285,
    "sec_right": 0.8914953825871149,
    "sec_upper": 0.8314272047082583,
    "sec_lower": 0.39556998789310455
  },
  "mono": {
    "MAE": 1.1713183772563935,
    "MAE_plain": 0.9721218784650166,
    "RMSE": 1.7393523876253567,
    "AbsRel": 0.8449438667297363,
    "delta1": 0.3638224431872368,
    "SILog": 0.6933331942558288,
    "MAE_ffx": 1.1299194304148357,
    "mirror_better_rate": 0.4866666791836421,
    "mae_gain_if_mirrored": 0.009451586009624103,
    "MAE_low": 1.1363779425621032,
    "SHcoefL1": 0.44489133472243947,
    "sec_front": 1.0556927875677744,
    "sec_left": 1.273571097056071,
    "sec_back": 1.0613435018062591,
    "sec_right": 1.2946661380926767,
    "sec_upper": 0.9695564061403275,
    "sec_lower": 0.506538133819898
  },
  "left": {
    "MAE": 1.165030423005422,
    "MAE_plain": 0.9748689695199331,
    "RMSE": 1.706277028513842,
    "AbsRel": 0.830438886086146,
    "delta1": 0.35533947944641114,
    "SILog": 0.7031212081511815,
    "MAE_ffx": 1.1221490732828776,
    "mirror_better_rate": 0.49250001072883604,
    "mae_gain_if_mirrored": 0.010138690327294171,
    "MAE_low": 1.129720469713211,
    "SHcoefL1": 0.4338577246169249,
    "sec_front": 1.0758716531594594,
    "sec_left": 1.2812007228533426,
    "sec_back": 1.074254226287206,
    "sec_right": 1.228795051574707,
    "sec_upper": 0.9927005904912949,
    "sec_lower": 0.5226645181576411
  },
  "right": {
    "MAE": 1.1668284106254578,
    "MAE_plain": 0.9752354172865549,
    "RMSE": 1.7126913892385003,
    "AbsRel": 0.832368177374204,
    "delta1": 0.3564297049244245,
    "SILog": 0.7026043327649435,
    "MAE_ffx": 1.1239999989668528,
    "mirror_better_rate": 0.49694445649782815,
    "mae_gain_if_mirrored": 0.0117019106199344,
    "MAE_low": 1.1315159273147584,
    "SHcoefL1": 0.4344039897227453,
    "sec_front": 1.0692869849999747,
    "sec_left": 1.2433131984869639,
    "sec_back": 1.0780960361162821,
    "sec_right": 1.2766174308458964,
    "sec_upper": 0.9932738820711772,
    "sec_lower": 0.5162078634897868
  },
  "shuffle": {
    "MAE": 1.1299358010292053,
    "MAE_plain": 0.93148279885451,
    "RMSE": 1.6762030121451925,
    "AbsRel": 0.7668332535028458,
    "delta1": 0.35678870340188346,
    "SILog": 0.7280193016926447,
    "MAE_ffx": 1.0852518355846406,
    "mirror_better_rate": 0.48500001390775044,
    "mae_gain_if_mirrored": 0.05573916849990686,
    "MAE_low": 1.0931173594792685,
    "SHcoefL1": 0.4043847879850202,
    "sec_front": 1.1225733184814453,
    "sec_left": 1.1410931237538655,
    "sec_back": 1.104854595263799,
    "sec_right": 1.1512221789360046,
    "sec_upper": 0.9570830629269282,
    "sec_lower": 0.4820830678939819
  },
  "swap": {
    "MAE": 1.119404190381368,
    "MAE_plain": 0.9188082565863928,
    "RMSE": 1.6686651210584973,
    "AbsRel": 0.7377682868639628,
    "delta1": 0.36233565777540205,
    "SILog": 0.7118206624190012,
    "MAE_ffx": 1.0745920828978222,
    "mirror_better_rate": 0.7352777963876724,
    "mae_gain_if_mirrored": 0.1393602111687263,
    "MAE_low": 1.0831876850128175,
    "SHcoefL1": 0.39716062342955005,
    "sec_front": 1.0290609252452851,
    "sec_left": 1.1918084712823231,
    "sec_back": 1.0526893866062164,
    "sec_right": 1.2040579613049824,
    "sec_upper": 0.9245325642824173,
    "sec_lower": 0.4714225737253825,
    "swap_mirror_consistency": 0.3333356068472861
  }
}