{
  "test": {
    "MAE": 0.9502808054288229,
    "MAE_plain": 0.7961044265826543,
    "RMSE": 1.459193058973156,
    "AbsRel": 0.5985096440712611,
    "delta1": 0.41476999431848527,
    "SILog": 0.5979369391997655,
    "MAE_ffx": 0.9066991198062897,
    "mirror_better_rate": 0.2941666749864817,
    "mae_gain_if_mirrored": 0.01580856723934024,
    "MAE_low": 0.9125402456521988,
    "SHcoefL1": 0.3608500803199907,
    "sec_front": 0.9812040197849273,
    "sec_left": 0.9163300333420435,
    "sec_back": 0.9881452298164368,
    "sec_right": 0.9154439413547516,
    "sec_upper": 0.838519806265831,
    "sec_lower": 0.4094704971710841
  },
  "mono": {
    "MAE": 1.7575047341982524,
    "MAE_plain": 1.4827509419123333,
    "RMSE": 2.5233832766156814,
    "AbsRel": 1.488618707259496,
    "delta1": 0.2967595393459002,
    "SILog": 0.783372600475947,
    "MAE_ffx": 1.7289956827958426,
    "mirror_better_rate": 0.49083334604899087,
    "mae_gain_if_mirrored": 0.014667204978565374,
    "MAE_low": 1.723196409145991,
    "SHcoefL1": 0.4988576564979222,
    "sec_front": 1.673680559794108,
    "sec_left": 1.9218863542874653,
    "sec_back": 1.6176163232326508,
    "sec_right": 1.8168357610702515,
    "sec_upper": 1.5654670840501785,
    "sec_lower": 0.8131933097044627
  },
  "left": {
    "MAE": 2.4549836019674935,
    "MAE_plain": 2.1478621236483257,
    "RMSE": 3.3982366913786524,
    "AbsRel": 2.1161762632926306,
    "delta1": 0.25466464867194494,
    "SILog": 0.8389246451854706,
    "MAE_ffx": 2.438274691502253,
    "mirror_better_rate": 0.4994444578886032,
    "mae_gain_if_mirrored": 0.014105988546895484,
    "MAE_low": 2.4290311221281686,
    "SHcoefL1": 0.5678274052258995,
    "sec_front": 2.357462551196416,
    "sec_left": 2.736187375386556,
    "sec_back": 2.295661981900533,
    "sec_right": 2.430622580051422,
    "sec_upper": 2.3611704180637996,
    "sec_lower": 1.3066484073797862
  },
  "right": {
    "MAE": 2.5169876265525817,
    "MAE_plain": 2.201369990905126,
    "RMSE": 3.465398328162773,
    "AbsRel": 2.17528316617012,
    "delta1": 0.25073710789283116,
    "SILog": 0.8412200643618901,
    "MAE_ffx": 2.5018884885311126,
    "mirror_better_rate": 0.4936111241579056,
    "mae_gain_if_mirrored": 0.012873595528071746,
    "MAE_low": 2.4922928369045256,
    "SHcoefL1": 0.574464166044361,
    "sec_front": 2.4262441611289978,
    "sec_left": 2.774965751171112,
    "sec_back": 2.351287945508957,
    "sec_right": 2.5154526754220328,
    "sec_upper": 2.436366546154022,
    "sec_lower": 1.3325454835096995
  },
  "shuffle": {
    "MAE": 1.104584732055664,
    "MAE_plain": 0.9111090975999833,
    "RMSE": 1.638117002114189,
    "AbsRel": 0.7554175116618475,
    "delta1": 0.36470344950755434,
    "SILog": 0.704286524852117,
    "MAE_ffx": 1.0596441582838694,
    "mirror_better_rate": 0.48444445768992106,
    "mae_gain_if_mirrored": 0.052272827370713155,
    "MAE_low": 1.0675372938315073,
    "SHcoefL1": 0.3944226969985498,
    "sec_front": 1.0884279970328012,
    "sec_left": 1.1179353455702463,
    "sec_back": 1.08520325978597,
    "sec_right": 1.1267723222573598,
    "sec_upper": 0.9369178490837415,
    "sec_lower": 0.4681185048818588
  },
  "swap": {
    "MAE": 1.1185295363267262,
    "MAE_plain": 0.9193540730079015,
    "RMSE": 1.6435806265047936,
    "AbsRel": 0.7766097776095072,
    "delta1": 0.3633719578385353,
    "SILog": 0.7071112374464671,
    "MAE_ffx": 1.0737488015492758,
    "mirror_better_rate": 0.7011111283302307,
    "mae_gain_if_mirrored": 0.11898937676101923,
    "MAE_low": 1.0820160553852718,
    "SHcoefL1": 0.3916954271164205,
    "sec_front": 1.0636540027459462,
    "sec_left": 1.1643285699685415,
    "sec_back": 1.0710324990749358,
    "sec_right": 1.175103058020274,
    "sec_upper": 0.933837568561236,
    "sec_lower": 0.4701097184419632,
    "swap_mirror_consistency": 0.26877959725655465
  }
}