{
  "test": {
    "MAE": 0.8940825764338175,
    "MAE_plain": 0.7541564104954401,
    "RMSE": 1.429288902222199,
    "AbsRel": 0.5208170096079509,
    "delta1": 0.46077161729335786,
    "SILog": 0.5764931273460389,
    "MAE_ffx": 0.8530138403177261,
    "mirror_better_rate": 0.2588888958096504,
    "mae_gain_if_mirrored": 0.015707532708377887,
    "MAE_low": 0.8569273785750071,
    "SHcoefL1": 0.3535131110654523,
    "sec_front": 0.8951511961221695,
    "sec_left": 0.8779309835036596,
    "sec_back": 0.927105430761973,
    "sec_right": 0.876142705877622,
    "sec_upper": 0.7971962506572405,
    "sec_lower": 0.3889091073473295
  }
}