{
  "test": {
    "MAE": 0.7757997204860051,
    "MAE_plain": 0.6609069168567657,
    "RMSE": 1.2371432030200957,
    "AbsRel": 0.4773556246360143,
    "delta1": 0.44899988869825996,
    "delta2": 0.6680959117412567,
    "delta3": 0.7960136338075002,
    "SILog": 0.5184224730730057,
    "MAE_ffx": 0.7454176173607509,
    "mirror_better_rate": 0.254444451679786,
    "mae_gain_if_mirrored": 0.013245314766730493,
    "MAE_low": 0.7347053676843643,
    "SHcoefL1": 0.31157367006461656,
    "sec_front": 0.776139312783877,
    "sec_left": 0.7457663544019063,
    "sec_back": 0.7988862991333008,
    "sec_right": 0.7444867503643036,
    "sec_upper": 0.654001223842303,
    "sec_lower": 0.29558925648530326
  }
}