{
  "test": {
    "MAE": 0.9222958139578501,
    "MAE_plain": 0.7735213041305542,
    "RMSE": 1.4403100107144615,
    "AbsRel": 0.5834613494078318,
    "delta1": 0.4461646435658137,
    "SILog": 0.5896021052201589,
    "MAE_ffx": 0.8819759293397268,
    "mirror_better_rate": 0.25777778593202433,
    "mae_gain_if_mirrored": 0.014862508681447556,
    "MAE_low": 0.8838114643096924,
    "SHcoefL1": 0.35624841454749306,
    "sec_front": 0.9342786526679993,
    "sec_left": 0.8960503820578257,
    "sec_back": 0.9713590463002523,
    "sec_right": 0.8874951952695846,
    "sec_upper": 0.8176867078741391,
    "sec_lower": 0.3920004712541898
  },
  "mono": {
    "MAE": 1.1426510361830393,
    "MAE_plain": 0.9506596430142721,
    "RMSE": 1.6813880137865815,
    "AbsRel": 0.8500631386041642,
    "delta1": 0.3744486086567243,
    "SILog": 0.6751866678396861,
    "MAE_ffx": 1.105816360314687,
    "mirror_better_rate": 0.503611121972402,
    "mae_gain_if_mirrored": 0.021810513697564603,
    "MAE_low": 1.1062444678942362,
    "SHcoefL1": 0.43212652555563386,
    "sec_front": 1.0256290662288665,
    "sec_left": 1.1930092171827953,
    "sec_back": 1.0487322958310445,
    "sec_right": 1.3032335662841796,
    "sec_upper": 0.9296110393603643,
    "sec_lower": 0.4982391446828842
  },
  "left": {
    "MAE": 1.1753433116277059,
    "MAE_plain": 0.9873730377356211,
    "RMSE": 1.7178674342068438,
    "AbsRel": 0.865253520210584,
    "delta1": 0.3610896252592405,
    "SILog": 0.6963157083590825,
    "MAE_ffx": 1.1371744553248087,
    "mirror_better_rate": 0.49805556853612265,
    "mae_gain_if_mirrored": 0.016190401669591667,
    "MAE_low": 1.1396541861693064,
    "SHcoefL1": 0.43909814549196097,
    "sec_front": 1.093162469069163,
    "sec_left": 1.2429859228928883,
    "sec_back": 1.071835813919703,
    "sec_right": 1.2933890438079834,
    "sec_upper": 0.9649646127223969,
    "sec_lower": 0.5355764520168305
  },
  "right": {
    "MAE": 1.1827532796065012,
    "MAE_plain": 0.9917432645956675,
    "RMSE": 1.7402813747123487,
    "AbsRel": 0.8707813851038615,
    "delta1": 0.36305428087711333,
    "SILog": 0.695658321181933,
    "MAE_ffx": 1.1448119246959687,
    "mirror_better_rate": 0.5047222346067428,
    "mae_gain_if_mirrored": 0.015857320623472334,
    "MAE_low": 1.1476906096935273,
    "SHcoefL1": 0.44113439023701684,
    "sec_front": 1.0913456491629283,
    "sec_left": 1.2081210625171661,
    "sec_back": 1.0812887227535248,
    "sec_right": 1.3502577352523804,
    "sec_upper": 0.9665410284201305,
    "sec_lower": 0.5338017657399178
  },
  "shuffle": {
    "MAE": 1.151101842323939,
    "MAE_plain": 0.94314663986365,
    "RMSE": 1.697447688688985,
    "AbsRel": 0.803042427500089,
    "delta1": 0.35896345883607866,
    "SILog": 0.7405399950345357,
    "MAE_ffx": 1.108522761265437,
    "mirror_better_rate": 0.4958333464463552,
    "mae_gain_if_mirrored": 0.06043920754144589,
    "MAE_low": 1.1136321743329367,
    "SHcoefL1": 0.4090808109131952,
    "sec_front": 1.1448257275422413,
    "sec_left": 1.1593425234158834,
    "sec_back": 1.1260596040884654,
    "sec_right": 1.1741794848442078,
    "sec_upper": 0.955385679602623,
    "sec_lower": 0.4836753926674525
  },
  "swap": {
    "MAE": 1.1389659567674002,
    "MAE_plain": 0.9285157390435537,
    "RMSE": 1.6744343633454788,
    "AbsRel": 0.794702406724294,
    "delta1": 0.36692692985137304,
    "SILog": 0.7183620518445969,
    "MAE_ffx": 1.096868365208308,
    "mirror_better_rate": 0.7277778003613155,
    "mae_gain_if_mirrored": 0.14590281159927448,
    "MAE_low": 1.101276270945867,
    "SHcoefL1": 0.39853815248856944,
    "sec_front": 1.0581513635317485,
    "sec_left": 1.208896377881368,
    "sec_back": 1.0670724856853484,
    "sec_right": 1.2217436063289642,
    "sec_upper": 0.9257986090580622,
    "sec_lower": 0.46860947261253993,
    "swap_mirror_consistency": 0.3737681869186677
  }
}