{
  "test": {
    "MAE": 0.8799182426929474,
    "MAE_plain": 0.7397561778624853,
    "RMSE": 1.4211514024779066,
    "AbsRel": 0.4989328233400981,
    "delta1": 0.4588344066341718,
    "delta2": 0.6780408813556036,
    "delta3": 0.8045829745133718,
    "SILog": 0.5594214989741644,
    "MAE_ffx": 0.8357240488131841,
    "mirror_better_rate": 0.25194445220132666,
    "mae_gain_if_mirrored": 0.013473030977960055,
    "MAE_low": 0.8422994091113408,
    "SHcoefL1": 0.34831041336576973,
    "sec_front": 0.8833279673258464,
    "sec_left": 0.8631297556559244,
    "sec_back": 0.9099289760986964,
    "sec_right": 0.8632862406969071,
    "sec_upper": 0.7837226701776187,
    "sec_lower": 0.3807104538877805
  }
}