{
  "B_unet8nolog_s0": {
    "raw": 0.767626887427436,
    "offset": 0.7906005557378133,
    "affine": 0.7536172109180027,
    "mirror": 0.7515304684638977,
    "vflip": 0.7614606438742744,
    "bestroll": 0.7068189271291097,
    "bestroll_ctrl": 0.698838766945733,
    "raw_ctrl": 0.895770648850335,
    "const_GTmean": 1.0024958668814765,
    "const_globalmu": 1.1249139263894823
  },
  "A9_fullmap_s0": {
    "raw": 0.8065985698170132,
    "offset": 0.8322596332761977,
    "affine": 0.7984869790077209,
    "mirror": 0.7896188547876146,
    "vflip": 0.8005930913819207,
    "bestroll": 0.746843577226003,
    "bestroll_ctrl": 0.7410945680406359,
    "raw_ctrl": 0.8851553543408712,
    "const_GTmean": 1.00249587059021,
    "const_globalmu": 1.1249138707584805
  },
  "A22_vit_aug_s0": {
    "raw": 0.76602256404029,
    "offset": 0.7955354767375522,
    "affine": 0.7649365843666924,
    "mirror": 0.7501590360535516,
    "vflip": 0.7602878665924072,
    "bestroll": 0.7041787637604607,
    "bestroll_ctrl": 0.6999241950776842,
    "raw_ctrl": 0.9064705761273703,
    "const_GTmean": 1.00249587059021,
    "const_globalmu": 1.1249138707584805
  }
}