{
  "test": {
    "MAE": 0.891146980325381,
    "MAE_plain": 0.7499887100855509,
    "RMSE": 1.4404562057070796,
    "AbsRel": 0.4940223053097725,
    "delta1": 0.45791293859481813,
    "delta2": 0.6759343636035919,
    "delta3": 0.802063227891922,
    "SILog": 0.5694528537988662,
    "MAE_ffx": 0.8481250816583633,
    "mirror_better_rate": 0.24972222949067752,
    "mae_gain_if_mirrored": 0.015375017374559926,
    "MAE_low": 0.8543967962265014,
    "SHcoefL1": 0.3540255313283867,
    "sec_front": 0.8986525064706803,
    "sec_left": 0.8742804710070292,
    "sec_back": 0.9234063698848088,
    "sec_right": 0.8682485657930374,
    "sec_upper": 0.7910061144828796,
    "sec_lower": 0.38492846707503003
  }
}