{
  "test": {
    "MAE": 0.9912205350399017,
    "MAE_plain": 0.8239287267128627,
    "RMSE": 1.4597628825499231,
    "AbsRel": 0.7925764292478561,
    "delta1": 0.4298671849568685,
    "SILog": 0.6033023212353389,
    "MAE_ffx": 0.9563068254788717,
    "mirror_better_rate": 0.27916667540868123,
    "mae_gain_if_mirrored": 0.01203455645396995,
    "MAE_low": 0.9507581464449565,
    "SHcoefL1": 0.3645427633366651,
    "sec_front": 0.9943254355589549,
    "sec_left": 0.9675741604963939,
    "sec_back": 1.035247722864151,
    "sec_right": 0.96773479561011,
    "sec_upper": 0.8519995931784312,
    "sec_lower": 0.42611078162988025
  }
}