{
  "test": {
    "MAE": 0.9006564132372539,
    "MAE_plain": 0.7542794227600098,
    "RMSE": 1.4291814561595098,
    "AbsRel": 0.5466638179620107,
    "delta1": 0.44749650041262307,
    "SILog": 0.5849635672569274,
    "MAE_ffx": 0.8595023234685262,
    "mirror_better_rate": 0.2825000083446503,
    "mae_gain_if_mirrored": 0.014822228386377295,
    "MAE_low": 0.8621199631690979,
    "SHcoefL1": 0.3536715940489537,
    "sec_front": 0.9028600637118022,
    "sec_left": 0.8862421011924744,
    "sec_back": 0.9288152352968851,
    "sec_right": 0.8847082209587097,
    "sec_upper": 0.7886298280954361,
    "sec_lower": 0.391904483238856
  },
  "shuffle": {
    "MAE": 1.1374824953079223,
    "MAE_plain": 0.9311803340911865,
    "RMSE": 1.69110176715276,
    "AbsRel": 0.7695003187656403,
    "delta1": 0.3576525334517161,
    "SILog": 0.7414964099725088,
    "MAE_ffx": 1.0941091553370157,
    "mirror_better_rate": 0.49888890425364174,
    "mae_gain_if_mirrored": 0.05178377342720827,
    "MAE_low": 1.1004470213254294,
    "SHcoefL1": 0.4097152515583568,
    "sec_front": 1.1526323739687603,
    "sec_left": 1.1451087586085003,
    "sec_back": 1.1236636384328207,
    "sec_right": 1.1285252157847088,
    "sec_upper": 0.939025882879893,
    "sec_lower": 0.48522225936253865
  },
  "swap": {
    "MAE": 1.071392335096995,
    "MAE_plain": 0.8769375514984131,
    "RMSE": 1.6233851454549275,
    "AbsRel": 0.708970745007197,
    "delta1": 0.38951925198237103,
    "SILog": 0.7014447581768036,
    "MAE_ffx": 1.028664960861206,
    "mirror_better_rate": 0.7211111307144165,
    "mae_gain_if_mirrored": 0.1362096976240476,
    "MAE_low": 1.0343000968297322,
    "SHcoefL1": 0.38851482634536094,
    "sec_front": 0.9748519961039225,
    "sec_left": 1.1695702608426413,
    "sec_back": 1.005175960858663,
    "sec_right": 1.135971105893453,
    "sec_upper": 0.8756903944412867,
    "sec_lower": 0.45487790524959565
  }
}