{
  "test": {
    "MAE": 0.7731225895881653,
    "MAE_plain": 0.6563522081904941,
    "RMSE": 1.2191119003295898,
    "AbsRel": 0.5478307047155169,
    "delta1": 0.45436651441786025,
    "delta2": 0.6718243922127618,
    "delta3": 0.7985413927502102,
    "SILog": 0.5142204492621951,
    "MAE_ffx": 0.7437158732944065,
    "mirror_better_rate": 0.2761111111111111,
    "mae_gain_if_mirrored": 0.013312032802237405,
    "MAE_low": 0.7317157395680746,
    "SHcoefL1": 0.30915795913587013,
    "sec_front": 0.7654256995519002,
    "sec_left": 0.7528279572063022,
    "sec_back": 0.7873607415623135,
    "sec_right": 0.750317129029168,
    "sec_upper": 0.6430895125865936,
    "sec_lower": 0.297569614648819
  }
}