{
  "test": {
    "MAE": 0.9249220685164133,
    "MAE_plain": 0.7842896384000778,
    "RMSE": 1.4725901457406896,
    "AbsRel": 0.5173110119501749,
    "delta1": 0.4351526697476705,
    "SILog": 0.5892797662814458,
    "MAE_ffx": 0.8816008806228638,
    "mirror_better_rate": 0.25333334105710187,
    "mae_gain_if_mirrored": 0.014733421392350768,
    "MAE_low": 0.8883460621039073,
    "SHcoefL1": 0.36341172364229957,
    "sec_front": 0.9391280110677084,
    "sec_left": 0.9018100585540135,
    "sec_back": 0.9650835478305817,
    "sec_right": 0.893666675289472,
    "sec_upper": 0.8461801442503929,
    "sec_lower": 0.3963353830575943
  },
  "mono": {
    "MAE": 1.3491528463363647,
    "MAE_plain": 1.118128867149353,
    "RMSE": 1.9993094927805215,
    "AbsRel": 1.0311981503168741,
    "delta1": 0.3319180881977081,
    "SILog": 0.7106324543555578,
    "MAE_ffx": 1.3182862023512523,
    "mirror_better_rate": 0.49861112515131634,
    "mae_gain_if_mirrored": 0.011067500011995435,
    "MAE_low": 1.3160781498750052,
    "SHcoefL1": 0.5151745225509836,
    "sec_front": 1.108415464957555,
    "sec_left": 1.554589428504308,
    "sec_back": 1.069837770462036,
    "sec_right": 1.6637687849998475,
    "sec_upper": 1.018188162446022,
    "sec_lower": 0.5911512911319733
  },
  "left": {
    "MAE": 1.418645643790563,
    "MAE_plain": 1.1861843172709148,
    "RMSE": 2.0767165156414378,
    "AbsRel": 1.0760679058233897,
    "delta1": 0.3086109362045924,
    "SILog": 0.7344138658046723,
    "MAE_ffx": 1.3874602556228637,
    "mirror_better_rate": 0.4844444594780604,
    "mae_gain_if_mirrored": 0.006898332196287811,
    "MAE_low": 1.3863567753632864,
    "SHcoefL1": 0.5357298760571414,
    "sec_front": 1.1703324735164642,
    "sec_left": 1.7065834033489227,
    "sec_back": 1.0864868446191152,
    "sec_right": 1.7111798707644146,
    "sec_upper": 1.0628455650806428,
    "sec_lower": 0.6753254805008571
  },
  "right": {
    "MAE": 1.4282136698563894,
    "MAE_plain": 1.192410449584325,
    "RMSE": 2.095362703299624,
    "AbsRel": 1.0835518443584442,
    "delta1": 0.30676010141770044,
    "SILog": 0.7364221252997716,
    "MAE_ffx": 1.3966932753721872,
    "mirror_better_rate": 0.4833333480358124,
    "mae_gain_if_mirrored": 0.0056905267053904635,
    "MAE_low": 1.3961084083716075,
    "SHcoefL1": 0.5387862273057302,
    "sec_front": 1.174285221894582,
    "sec_left": 1.6841153780619302,
    "sec_back": 1.0940925208727519,
    "sec_right": 1.7603616054852804,
    "sec_upper": 1.073139977256457,
    "sec_lower": 0.6706431214014689
  },
  "shuffle": {
    "MAE": 1.1522750167051952,
    "MAE_plain": 0.9523256556193034,
    "RMSE": 1.7172953619353126,
    "AbsRel": 0.74951142847538,
    "delta1": 0.3499752414226532,
    "SILog": 0.7492365423838298,
    "MAE_ffx": 1.1069414945443472,
    "mirror_better_rate": 0.4883333474397659,
    "mae_gain_if_mirrored": 0.05756828560804327,
    "MAE_low": 1.1164030329386394,
    "SHcoefL1": 0.4129663556607233,
    "sec_front": 1.152880336046219,
    "sec_left": 1.165039536555608,
    "sec_back": 1.129171893199285,
    "sec_right": 1.1620082902908324,
    "sec_upper": 0.9732390115658442,
    "sec_lower": 0.4967470332980156
  },
  "swap": {
    "MAE": 1.1343305361270906,
    "MAE_plain": 0.9346744521458944,
    "RMSE": 1.6973184058110629,
    "AbsRel": 0.7267123961448669,
    "delta1": 0.35899096180995305,
    "SILog": 0.7278124392032623,
    "MAE_ffx": 1.0891603056589763,
    "mirror_better_rate": 0.7316666877269745,
    "mae_gain_if_mirrored": 0.14055111326277256,
    "MAE_low": 1.0987314200401306,
    "SHcoefL1": 0.4041008071559999,
    "sec_front": 1.0557438079516093,
    "sec_left": 1.222978333234787,
    "sec_back": 1.0609760189056396,
    "sec_right": 1.1976239701112112,
    "sec_upper": 0.9433027975757917,
    "sec_lower": 0.4812223821878433,
    "swap_mirror_consistency": 0.3515023778173886
  }
}