{
  "test": {
    "MAE": 0.9379500191410383,
    "MAE_plain": 0.7874148997664452,
    "RMSE": 1.4477636487987091,
    "AbsRel": 0.5749959715207418,
    "delta1": 0.4290482174853484,
    "SILog": 0.5848217628399531,
    "MAE_ffx": 0.8958117027084033,
    "mirror_better_rate": 0.2605555616567532,
    "mae_gain_if_mirrored": 0.018324744591615552,
    "MAE_low": 0.8997745503981908,
    "SHcoefL1": 0.36053946203862625,
    "sec_front": 0.9469341135025025,
    "sec_left": 0.9086259895563126,
    "sec_back": 0.9869123357534408,
    "sec_right": 0.9093276343743006,
    "sec_upper": 0.8358592787881692,
    "sec_lower": 0.4000394745916128
  },
  "mono": {
    "MAE": 1.1851911079883575,
    "MAE_plain": 0.9800301519036293,
    "RMSE": 1.7648618905133897,
    "AbsRel": 0.8463613153497378,
    "delta1": 0.36081160778800647,
    "SILog": 0.7007933884859086,
    "MAE_ffx": 1.1486552663644154,
    "mirror_better_rate": 0.49722223823269207,
    "mae_gain_if_mirrored": 0.008426647708984093,
    "MAE_low": 1.150305918653806,
    "SHcoefL1": 0.46343467863690524,
    "sec_front": 1.0599760687351227,
    "sec_left": 1.2737496306498846,
    "sec_back": 1.0936290057500204,
    "sec_right": 1.3134097439050674,
    "sec_upper": 0.9742647832135359,
    "sec_lower": 0.47496757462620737
  },
  "left": {
    "MAE": 1.2083576492468515,
    "MAE_plain": 1.0027520935734113,
    "RMSE": 1.8209292994829993,
    "AbsRel": 0.8220911235610644,
    "delta1": 0.35084192295869193,
    "SILog": 0.7146207502484322,
    "MAE_ffx": 1.1708422619104386,
    "mirror_better_rate": 0.48138890482485297,
    "mae_gain_if_mirrored": 0.01038980104145594,
    "MAE_low": 1.1751326437791187,
    "SHcoefL1": 0.47176002625375985,
    "sec_front": 1.117593652009964,
    "sec_left": 1.3160425235827764,
    "sec_back": 1.0921367851893107,
    "sec_right": 1.3076576566696168,
    "sec_upper": 1.0082510994374752,
    "sec_lower": 0.48924030949672065
  },
  "right": {
    "MAE": 1.2148365012804667,
    "MAE_plain": 1.0066109877824783,
    "RMSE": 1.8317145442500002,
    "AbsRel": 0.8377350931366284,
    "delta1": 0.3531478014588356,
    "SILog": 0.7167243445912997,
    "MAE_ffx": 1.1777975153923035,
    "mirror_better_rate": 0.5100000164409478,
    "mae_gain_if_mirrored": 0.01108305042949117,
    "MAE_low": 1.181601883371671,
    "SHcoefL1": 0.4716373190987441,
    "sec_front": 1.1125886875391007,
    "sec_left": 1.2801964137951534,
    "sec_back": 1.106879946788152,
    "sec_right": 1.3596809460719426,
    "sec_upper": 1.0091838154693444,
    "sec_lower": 0.48957218100627264
  },
  "shuffle": {
    "MAE": 1.1402155804634093,
    "MAE_plain": 0.9376298253734906,
    "RMSE": 1.6740848276051734,
    "AbsRel": 0.7854489957292875,
    "delta1": 0.3583045393725236,
    "SILog": 0.723237392604351,
    "MAE_ffx": 1.0969393342733382,
    "mirror_better_rate": 0.4872222378104925,
    "mae_gain_if_mirrored": 0.06040091070656975,
    "MAE_low": 1.1027822279930115,
    "SHcoefL1": 0.4047254440519545,
    "sec_front": 1.1377302591005962,
    "sec_left": 1.1545650206009548,
    "sec_back": 1.1034157546361287,
    "sec_right": 1.1651512956619263,
    "sec_upper": 0.9654384099443754,
    "sec_lower": 0.481972708106041
  },
  "swap": {
    "MAE": 1.137532459696134,
    "MAE_plain": 0.9307107965151469,
    "RMSE": 1.660715620863165,
    "AbsRel": 0.7914608199397722,
    "delta1": 0.3632470597823461,
    "SILog": 0.7108498904109001,
    "MAE_ffx": 1.0943332505226135,
    "mirror_better_rate": 0.7286111302673817,
    "mae_gain_if_mirrored": 0.1385343875604061,
    "MAE_low": 1.100757976770401,
    "SHcoefL1": 0.39810430406075387,
    "sec_front": 1.0571865888436636,
    "sec_left": 1.20136667629083,
    "sec_back": 1.0826281730333964,
    "sec_right": 1.2089484053850175,
    "sec_upper": 0.9365565318365892,
    "sec_lower": 0.4776454545557499,
    "swap_mirror_consistency": 0.3315907699605223
  }
}