{
  "test": {
    "MAE": 0.9098008204831017,
    "MAE_plain": 0.7654527012507121,
    "RMSE": 1.4598997310819515,
    "AbsRel": 0.49177584290504456,
    "delta1": 0.4498667722940445,
    "SILog": 0.5823908588621352,
    "MAE_ffx": 0.8665656461980608,
    "mirror_better_rate": 0.2586111111111111,
    "mae_gain_if_mirrored": 0.014190002820558018,
    "MAE_low": 0.8726819753646851,
    "SHcoefL1": 0.36008397867592673,
    "sec_front": 0.9335717231697507,
    "sec_left": 0.8848483306831784,
    "sec_back": 0.9383626959058974,
    "sec_right": 0.8824205258157518,
    "sec_upper": 0.8163624296254582,
    "sec_lower": 0.38609309842189155
  }
}