{
  "test": {
    "MAE": 0.9248918112119039,
    "MAE_plain": 0.7796597099304199,
    "RMSE": 1.454853878643524,
    "AbsRel": 0.555705470442772,
    "delta1": 0.4348954599102338,
    "SILog": 0.5898894407351811,
    "MAE_ffx": 0.881299047867457,
    "mirror_better_rate": 0.2580555622279644,
    "mae_gain_if_mirrored": 0.01510394153476227,
    "MAE_low": 0.8871588025490443,
    "SHcoefL1": 0.35892447656227483,
    "sec_front": 0.9405045183499654,
    "sec_left": 0.8982667426268259,
    "sec_back": 0.9585850318272908,
    "sec_right": 0.9022109146912892,
    "sec_upper": 0.8367002298434575,
    "sec_lower": 0.39490488409996033
  },
  "mono": {
    "MAE": 1.169670617580414,
    "MAE_plain": 0.9731554158528646,
    "RMSE": 1.7044331888078605,
    "AbsRel": 0.911947041551272,
    "delta1": 0.3673593112826347,
    "SILog": 0.6851962232589721,
    "MAE_ffx": 1.1305166884263356,
    "mirror_better_rate": 0.4994444582859675,
    "mae_gain_if_mirrored": 0.006650494794982175,
    "MAE_low": 1.1329609111944834,
    "SHcoefL1": 0.43724198304116724,
    "sec_front": 1.0704339297612508,
    "sec_left": 1.268792056242625,
    "sec_back": 1.0565225863456726,
    "sec_right": 1.2829338796933492,
    "sec_upper": 1.0006678237517674,
    "sec_lower": 0.4848861174782117
  },
  "left": {
    "MAE": 1.1686817447344462,
    "MAE_plain": 0.9766005678971609,
    "RMSE": 1.7116858981271748,
    "AbsRel": 0.8852755004167556,
    "delta1": 0.36296274572610854,
    "SILog": 0.6936451468865077,
    "MAE_ffx": 1.1275507481892904,
    "mirror_better_rate": 0.5083333468437194,
    "mae_gain_if_mirrored": 0.00677717482438311,
    "MAE_low": 1.1326313110192616,
    "SHcoefL1": 0.4377788087891208,
    "sec_front": 1.0821068346500398,
    "sec_left": 1.2706879218419393,
    "sec_back": 1.0736237215995788,
    "sec_right": 1.2483085413773856,
    "sec_upper": 1.0004628225167593,
    "sec_lower": 0.5004126015305519
  },
  "right": {
    "MAE": 1.184730859597524,
    "MAE_plain": 0.9871283189455669,
    "RMSE": 1.7355047931029446,
    "AbsRel": 0.9063108805815379,
    "delta1": 0.36236250966787337,
    "SILog": 0.6973860381046931,
    "MAE_ffx": 1.1438930185635885,
    "mirror_better_rate": 0.4758333451549212,
    "mae_gain_if_mirrored": 0.005600984230792771,
    "MAE_low": 1.1487643945217132,
    "SHcoefL1": 0.44260255405679344,
    "sec_front": 1.088752015431722,
    "sec_left": 1.2733036522070567,
    "sec_back": 1.0828359270095824,
    "sec_right": 1.2940318270524342,
    "sec_upper": 1.0021093358596167,
    "sec_lower": 0.5039818984270096
  },
  "shuffle": {
    "MAE": 1.1360503005981446,
    "MAE_plain": 0.9359753652413686,
    "RMSE": 1.685783558449042,
    "AbsRel": 0.7674147202571233,
    "delta1": 0.3568106061220169,
    "SILog": 0.7366537537177403,
    "MAE_ffx": 1.0906839748223622,
    "mirror_better_rate": 0.4852777914206187,
    "mae_gain_if_mirrored": 0.05514262547561278,
    "MAE_low": 1.0991636629899342,
    "SHcoefL1": 0.4065169174803628,
    "sec_front": 1.1287436366081238,
    "sec_left": 1.1470887231826783,
    "sec_back": 1.1110693589846292,
    "sec_right": 1.1572994812329611,
    "sec_upper": 0.9593493430813154,
    "sec_lower": 0.4839088127017021
  },
  "swap": {
    "MAE": 1.1101130457719166,
    "MAE_plain": 0.9123394399881363,
    "RMSE": 1.6558979522612942,
    "AbsRel": 0.7339922066529592,
    "delta1": 0.3676557539900144,
    "SILog": 0.7087547858556111,
    "MAE_ffx": 1.0649866608778635,
    "mirror_better_rate": 0.7341666865348816,
    "mae_gain_if_mirrored": 0.13068572332461675,
    "MAE_low": 1.0733896950880686,
    "SHcoefL1": 0.39571984995363485,
    "sec_front": 1.0304206057389578,
    "sec_left": 1.1909857257207235,
    "sec_back": 1.0390547700723012,
    "sec_right": 1.1799910807609557,
    "sec_upper": 0.9226778574784597,
    "sec_lower": 0.4651485592126846,
    "swap_mirror_consistency": 0.3444636589187871
  }
}