{
  "test": {
    "MAE": 0.8807416083415349,
    "MAE_plain": 0.7403292940060298,
    "RMSE": 1.4032692366730894,
    "AbsRel": 0.5256403056780498,
    "delta1": 0.45929928759733835,
    "delta2": 0.6784100784858068,
    "delta3": 0.8059716701507569,
    "SILog": 0.5599488993485768,
    "MAE_ffx": 0.838313086827596,
    "mirror_better_rate": 0.25666667404274146,
    "mae_gain_if_mirrored": 0.012226854388718494,
    "MAE_low": 0.8427381775776546,
    "SHcoefL1": 0.3456214309028453,
    "sec_front": 0.883159183661143,
    "sec_left": 0.8659547875324886,
    "sec_back": 0.9131946941216786,
    "sec_right": 0.8606577404340108,
    "sec_upper": 0.7838038331270218,
    "sec_lower": 0.37956115235884985
  }
}