{
  "test": {
    "MAE": 0.9250199675559998,
    "MAE_plain": 0.7725546916325887,
    "RMSE": 1.4193238082056694,
    "AbsRel": 0.6137406583627065,
    "delta1": 0.431092236439387,
    "SILog": 0.5903874333699545,
    "MAE_ffx": 0.8846359896659851,
    "mirror_better_rate": 0.2922222314278285,
    "mae_gain_if_mirrored": 0.015121730379760265,
    "MAE_low": 0.8851816682020823,
    "SHcoefL1": 0.35247135603800417,
    "sec_front": 0.9195141768455506,
    "sec_left": 0.9062826697031657,
    "sec_back": 0.9557307346661885,
    "sec_right": 0.9185522405306498,
    "sec_upper": 0.8062661850452423,
    "sec_lower": 0.4025559107462565
  }
}