{
  "test": {
    "MAE": 0.8910347255071004,
    "MAE_plain": 0.7478475054105123,
    "RMSE": 1.4454276691575974,
    "AbsRel": 0.5117999641100566,
    "delta1": 0.4588999235630035,
    "SILog": 0.5869286799430847,
    "MAE_ffx": 0.8492826064427693,
    "mirror_better_rate": 0.2544444502393405,
    "mae_gain_if_mirrored": 0.015843812379365167,
    "MAE_low": 0.853983895778656,
    "SHcoefL1": 0.3547641226876941,
    "sec_front": 0.9016995565096537,
    "sec_left": 0.8707398509979248,
    "sec_back": 0.9214477054278056,
    "sec_right": 0.8702517743905386,
    "sec_upper": 0.7873946398496627,
    "sec_lower": 0.3874097009499868
  }
}