{
  "test": {
    "MAE": 0.9113472674952613,
    "MAE_plain": 0.7659374958939023,
    "RMSE": 1.4152364741753714,
    "AbsRel": 0.5463295747174157,
    "delta1": 0.43586826629108855,
    "SILog": 0.5670376839902666,
    "MAE_ffx": 0.8693949047724406,
    "mirror_better_rate": 0.265,
    "mae_gain_if_mirrored": 0.01568091786570019,
    "MAE_low": 0.8722349492708842,
    "SHcoefL1": 0.3500084284837875,
    "sec_front": 0.9241138292683495,
    "sec_left": 0.8885056900978089,
    "sec_back": 0.9433854904439715,
    "sec_right": 0.8893840565946367,
    "sec_upper": 0.816718903515074,
    "sec_lower": 0.38979349186023077
  }
}