{
  "test": {
    "MAE": 0.8907588223616282,
    "MAE_plain": 0.7491837561130523,
    "RMSE": 1.426833560898712,
    "AbsRel": 0.5053278642892838,
    "delta1": 0.4551320268710454,
    "delta2": 0.6742207507292429,
    "delta3": 0.8029915376504262,
    "SILog": 0.5723159641027451,
    "MAE_ffx": 0.8485363137722015,
    "mirror_better_rate": 0.26083334085841975,
    "mae_gain_if_mirrored": 0.013579484914274265,
    "MAE_low": 0.8528635176022847,
    "SHcoefL1": 0.35221972438403304,
    "sec_front": 0.9012815018494924,
    "sec_left": 0.8681438855330149,
    "sec_back": 0.9232782799005509,
    "sec_right": 0.8703316281239192,
    "sec_upper": 0.791947085460027,
    "sec_lower": 0.3817747742931048
  }
}