{
  "test": {
    "MAE": 0.9448067684968312,
    "MAE_plain": 0.7984867539008459,
    "RMSE": 1.468554263889772,
    "AbsRel": 0.5795469909906388,
    "delta1": 0.42427519261837005,
    "SILog": 0.5963570855061213,
    "MAE_ffx": 0.9022070817152659,
    "mirror_better_rate": 0.2713888971010844,
    "mae_gain_if_mirrored": 0.015886458868238452,
    "MAE_low": 0.9075477800766627,
    "SHcoefL1": 0.3635710030400919,
    "sec_front": 0.9614531858762105,
    "sec_left": 0.9095308570067088,
    "sec_back": 0.9921267330646515,
    "sec_right": 0.9161162920792898,
    "sec_upper": 0.8591965666413307,
    "sec_lower": 0.40256099820137026
  },
  "mono": {
    "MAE": 4.63408401966095,
    "MAE_plain": 4.431238994598389,
    "RMSE": 5.3296849358247345,
    "AbsRel": 3.9352135268847146,
    "delta1": 0.04480346746121844,
    "SILog": 0.7570653426647186,
    "MAE_ffx": 4.666735731760661,
    "mirror_better_rate": 0.48250001271565757,
    "mae_gain_if_mirrored": 0.0018864718685578433,
    "MAE_low": 4.645633549690246,
    "SHcoefL1": 0.8022354640480545,
    "sec_front": 4.135660521189371,
    "sec_left": 4.962354879379273,
    "sec_back": 4.561560688018798,
    "sec_right": 4.876759983698527,
    "sec_upper": 6.440290753046671,
    "sec_lower": 1.7049825231234232
  },
  "shuffle": {
    "MAE": 1.1337525244553883,
    "MAE_plain": 0.9380203807353973,
    "RMSE": 1.6766135660536838,
    "AbsRel": 0.7677507929007212,
    "delta1": 0.35621623277664183,
    "SILog": 0.7234790760278702,
    "MAE_ffx": 1.0893856076399486,
    "mirror_better_rate": 0.49805557092030844,
    "mae_gain_if_mirrored": 0.05520930505978564,
    "MAE_low": 1.0972559396425883,
    "SHcoefL1": 0.4054021666054097,
    "sec_front": 1.1159904571374257,
    "sec_left": 1.140050369501114,
    "sec_back": 1.108050144513448,
    "sec_right": 1.170919082959493,
    "sec_upper": 0.9672117068370183,
    "sec_lower": 0.4805029539267222
  },
  "swap": {
    "MAE": 1.1326940496762594,
    "MAE_plain": 0.939067160487175,
    "RMSE": 1.6973464126518913,
    "AbsRel": 0.7202956283092499,
    "delta1": 0.3540371052424113,
    "SILog": 0.721391676068306,
    "MAE_ffx": 1.0874838888645173,
    "mirror_better_rate": 0.7200000182787577,
    "mae_gain_if_mirrored": 0.12897149172921976,
    "MAE_low": 1.0975943354765574,
    "SHcoefL1": 0.40391141121379204,
    "sec_front": 1.0644060313701629,
    "sec_left": 1.1901629587014517,
    "sec_back": 1.0701036735375722,
    "sec_right": 1.2061035505930582,
    "sec_upper": 0.9643133660157521,
    "sec_lower": 0.4772636990745862,
    "swap_mirror_consistency": 0.3799343625920055
  }
}