{
  "test": {
    "MAE": 0.9519603233867221,
    "MAE_plain": 0.7974623317188687,
    "RMSE": 1.4866492029502958,
    "AbsRel": 0.6078873341613346,
    "delta1": 0.42231794993082683,
    "SILog": 0.6118499892287784,
    "MAE_ffx": 0.9103259942266676,
    "mirror_better_rate": 0.3113888888888889,
    "mae_gain_if_mirrored": 0.02183336174322499,
    "MAE_low": 0.9136688706609938,
    "SHcoefL1": 0.3742477341327402,
    "sec_front": 0.9665444066789415,
    "sec_left": 0.9257622843318515,
    "sec_back": 0.9858142916361491,
    "sec_right": 0.9297203254699707,
    "sec_upper": 0.8428948655393389,
    "sec_lower": 0.4105643701553345
  },
  "mono": {
    "MAE": 1.0689980676439073,
    "MAE_plain": 0.8811606290605333,
    "RMSE": 1.616895728028833,
    "AbsRel": 0.7483525213930342,
    "delta1": 0.3888674525419871,
    "SILog": 0.6749851576487224,
    "MAE_ffx": 1.0298250834147136,
    "mirror_better_rate": 0.4986111111111111,
    "mae_gain_if_mirrored": 0.038593644897143044,
    "MAE_low": 1.031049492624071,
    "SHcoefL1": 0.41371478374633525,
    "sec_front": 1.015174175898234,
    "sec_left": 1.0877211909823947,
    "sec_back": 1.0309362567795648,
    "sec_right": 1.1421606153912014,
    "sec_upper": 0.8874107570118375,
    "sec_lower": 0.44684158537122937
  },
  "shuffle": {
    "MAE": 1.127125054995219,
    "MAE_plain": 0.927546440495385,
    "RMSE": 1.6873924185321896,
    "AbsRel": 0.7724244876702626,
    "delta1": 0.3627083479033576,
    "SILog": 0.7226364543702868,
    "MAE_ffx": 1.0831477075152927,
    "mirror_better_rate": 0.49416666666666664,
    "mae_gain_if_mirrored": 0.05318976143995921,
    "MAE_low": 1.0895372751024035,
    "SHcoefL1": 0.41465564876380895,
    "sec_front": 1.134673350652059,
    "sec_left": 1.1061288674672445,
    "sec_back": 1.0864291291766697,
    "sec_right": 1.1812688806321885,
    "sec_upper": 0.9526343184047276,
    "sec_lower": 0.47167365855640836
  },
  "swap": {
    "MAE": 1.1171271096335518,
    "MAE_plain": 0.9154454702801175,
    "RMSE": 1.667979963086712,
    "AbsRel": 0.779229513671663,
    "delta1": 0.36927186104986404,
    "SILog": 0.718712809615665,
    "MAE_ffx": 1.074053446981642,
    "mirror_better_rate": 0.6838888888888889,
    "mae_gain_if_mirrored": 0.11782333539591895,
    "MAE_low": 1.0797988210784064,
    "SHcoefL1": 0.4085316518363025,
    "sec_front": 1.0609025515450372,
    "sec_left": 1.1690473249223496,
    "sec_back": 1.0549880660904778,
    "sec_right": 1.1835704787572225,
    "sec_upper": 0.9202053846253289,
    "sec_lower": 0.47234803636868794
  }
}