{
  "test": {
    "MAE": 1.0169935037030113,
    "MAE_plain": 0.8479330127106772,
    "RMSE": 1.4982182227936196,
    "AbsRel": 0.6915126390258471,
    "delta1": 0.38336136370897295,
    "SILog": 0.6064749890897009,
    "MAE_ffx": 0.972500455379486,
    "mirror_better_rate": 0.49333333333333335,
    "mae_gain_if_mirrored": 0.000981619188355075,
    "MAE_low": 0.977865337729454,
    "SHcoefL1": 0.370560935979916,
    "sec_front": 1.0170200730694665,
    "sec_left": 1.0133585727877088,
    "sec_back": 1.023933957086669,
    "sec_right": 1.0136614082256954,
    "sec_upper": 0.8876549662318495,
    "sec_lower": 0.4334672572712103
  },
  "mono": {
    "MAE": 3.215523477130466,
    "MAE_plain": 2.740453884601593,
    "RMSE": 4.112629764849239,
    "AbsRel": 2.849225178029802,
    "delta1": 0.23484748096929656,
    "SILog": 0.7965234368377262,
    "MAE_ffx": 3.2219571391741435,
    "mirror_better_rate": 0.4986111111111111,
    "mae_gain_if_mirrored": 0.0010193692478868697,
    "MAE_low": 3.1983398588498435,
    "SHcoefL1": 0.7727629033724467,
    "sec_front": 2.9423327354590096,
    "sec_left": 3.4262539511256747,
    "sec_back": 3.095578650633494,
    "sec_right": 3.397928529580434,
    "sec_upper": 3.944227918518914,
    "sec_lower": 0.5731293689873483
  },
  "shuffle": {
    "MAE": 1.0692762536472744,
    "MAE_plain": 0.888273289932145,
    "RMSE": 1.5653238921244177,
    "AbsRel": 0.737099303205808,
    "delta1": 0.36951461844974093,
    "SILog": 0.6375835365388128,
    "MAE_ffx": 1.0239269140031602,
    "mirror_better_rate": 0.4841666666666667,
    "mae_gain_if_mirrored": 0.0008124079431096713,
    "MAE_low": 1.0305524863137139,
    "SHcoefL1": 0.3835287743827535,
    "sec_front": 1.07608032087485,
    "sec_left": 1.0657813843753603,
    "sec_back": 1.0644395184516906,
    "sec_right": 1.070803789893786,
    "sec_upper": 0.9295692082908419,
    "sec_lower": 0.44839866639839276
  },
  "swap": {
    "MAE": 1.0173517874876659,
    "MAE_plain": 0.8482026941246457,
    "RMSE": 1.4986834907789153,
    "AbsRel": 0.6908017825418048,
    "delta1": 0.3827735596895218,
    "SILog": 0.6065133059024811,
    "MAE_ffx": 0.9727983491950565,
    "mirror_better_rate": 0.4880555555555556,
    "mae_gain_if_mirrored": 0.0009975033832920921,
    "MAE_low": 0.9782140640417735,
    "SHcoefL1": 0.3705994450342324,
    "sec_front": 1.01618554631869,
    "sec_left": 1.0130048734611936,
    "sec_back": 1.0246651085880067,
    "sec_right": 1.0155515984694163,
    "sec_upper": 0.8882370661033524,
    "sec_lower": 0.43352396234869955
  }
}