{
  "test": {
    "MAE": 0.9751742132504782,
    "MAE_plain": 0.813957637945811,
    "RMSE": 1.4851602542142979,
    "AbsRel": 0.6320619245370229,
    "delta1": 0.4034546689192454,
    "SILog": 0.6184433142344157,
    "MAE_ffx": 0.9321273279190063,
    "mirror_better_rate": 0.4886111271381378,
    "mae_gain_if_mirrored": 0.006066707372665406,
    "MAE_low": 0.9367156672477722,
    "SHcoefL1": 0.3656986609432432,
    "sec_front": 0.9476715954144795,
    "sec_left": 0.9876077278455099,
    "sec_back": 0.9709336940447489,
    "sec_right": 0.9944838579495748,
    "sec_upper": 0.839813824693362,
    "sec_lower": 0.42180620312690736
  },
  "mono": {
    "MAE": 1.2856053439776103,
    "MAE_plain": 1.0481151851018269,
    "RMSE": 1.7958099394187885,
    "AbsRel": 1.1105139295260111,
    "delta1": 0.3536178143819173,
    "SILog": 0.7079829541842143,
    "MAE_ffx": 1.2471679592132567,
    "mirror_better_rate": 0.49361112594604495,
    "mae_gain_if_mirrored": 0.01140337170412143,
    "MAE_low": 1.248802727063497,
    "SHcoefL1": 0.4469399597619971,
    "sec_front": 1.2880091245969136,
    "sec_left": 1.341970447699229,
    "sec_back": 1.0814690200487773,
    "sec_right": 1.4309727589289347,
    "sec_upper": 1.051471791267395,
    "sec_lower": 0.4907904597123464
  },
  "shuffle": {
    "MAE": 1.093727145989736,
    "MAE_plain": 0.9053792345523834,
    "RMSE": 1.61888180325259,
    "AbsRel": 0.7491880838076274,
    "delta1": 0.3647852575778961,
    "SILog": 0.7006407928466797,
    "MAE_ffx": 1.0495558047294617,
    "mirror_better_rate": 0.5094444628556569,
    "mae_gain_if_mirrored": 0.006232696675385038,
    "MAE_low": 1.0561946471532186,
    "SHcoefL1": 0.39189749027498894,
    "sec_front": 1.1098087271054586,
    "sec_left": 1.086331656773885,
    "sec_back": 1.0863847430547078,
    "sec_right": 1.0923834395408631,
    "sec_upper": 0.9274022752046585,
    "sec_lower": 0.4683488500118256
  },
  "swap": {
    "MAE": 0.9736492776870728,
    "MAE_plain": 0.812804889678955,
    "RMSE": 1.4840828649690274,
    "AbsRel": 0.6288258298238119,
    "delta1": 0.4035776646931966,
    "SILog": 0.6169633762041727,
    "MAE_ffx": 0.9304974786440532,
    "mirror_better_rate": 0.4991666813691457,
    "mae_gain_if_mirrored": 0.006116593185191353,
    "MAE_low": 0.9352300866444906,
    "SHcoefL1": 0.36557224676426914,
    "sec_front": 0.9449714954694112,
    "sec_left": 0.9845945962270101,
    "sec_back": 0.9714904721577963,
    "sec_right": 0.9935405397415161,
    "sec_upper": 0.8387458235025406,
    "sec_lower": 0.42113406598567965
  }
}