{
  "test": {
    "MAE": 0.9546864835421244,
    "MAE_plain": 0.802718547185262,
    "RMSE": 1.4624812856393286,
    "AbsRel": 0.6380819741884868,
    "delta1": 0.4171316111087799,
    "SILog": 0.6114305094877879,
    "MAE_ffx": 0.9140279579162598,
    "mirror_better_rate": 0.29666667580604555,
    "mae_gain_if_mirrored": 0.01896468815083305,
    "MAE_low": 0.9157023747762044,
    "SHcoefL1": 0.36864177902953493,
    "sec_front": 0.9694817646344502,
    "sec_left": 0.9369787152608235,
    "sec_back": 0.9940984376271566,
    "sec_right": 0.9181870404879252,
    "sec_upper": 0.8508431273698807,
    "sec_lower": 0.4114750252167384
  },
  "mono": {
    "MAE": 1.105754203001658,
    "MAE_plain": 0.9103120104471842,
    "RMSE": 1.6269747012358307,
    "AbsRel": 0.8583041592439016,
    "delta1": 0.3870257922013601,
    "SILog": 0.6714565865198772,
    "MAE_ffx": 1.0697370378176372,
    "mirror_better_rate": 0.5030555705229441,
    "mae_gain_if_mirrored": 0.036273597702383996,
    "MAE_low": 1.0667746178309123,
    "SHcoefL1": 0.4205216548798813,
    "sec_front": 1.0115270153681437,
    "sec_left": 1.0644825919469199,
    "sec_back": 1.062418958346049,
    "sec_right": 1.284588216940562,
    "sec_upper": 0.910535108645757,
    "sec_lower": 0.4485805881023407
  },
  "shuffle": {
    "MAE": 1.1218432561556497,
    "MAE_plain": 0.9262883273760477,
    "RMSE": 1.6601412682352816,
    "AbsRel": 0.7934640940030416,
    "delta1": 0.3633047878742218,
    "SILog": 0.712158309618632,
    "MAE_ffx": 1.079529713789622,
    "mirror_better_rate": 0.4952777906258901,
    "mae_gain_if_mirrored": 0.04997469343245029,
    "MAE_low": 1.0837038660049438,
    "SHcoefL1": 0.40844678634363746,
    "sec_front": 1.122944281101227,
    "sec_left": 1.1122361000378926,
    "sec_back": 1.1008885192871094,
    "sec_right": 1.151304128964742,
    "sec_upper": 0.9522325084606806,
    "sec_lower": 0.46591116110483805
  },
  "swap": {
    "MAE": 1.105568110148112,
    "MAE_plain": 0.909681377808253,
    "RMSE": 1.6375054639978985,
    "AbsRel": 0.783449474175771,
    "delta1": 0.3703048324584961,
    "SILog": 0.701388554573059,
    "MAE_ffx": 1.063485844930013,
    "mirror_better_rate": 0.6986111323038737,
    "mae_gain_if_mirrored": 0.11101673153539499,
    "MAE_low": 1.06771324078242,
    "SHcoefL1": 0.4003203264892929,
    "sec_front": 1.0409428429603578,
    "sec_left": 1.1484065016110738,
    "sec_back": 1.066445446809133,
    "sec_right": 1.1664776420593261,
    "sec_upper": 0.9208319147427877,
    "sec_lower": 0.4622651902834574
  }
}