{
  "test": {
    "MAE": 1.1462526965141295,
    "MAE_plain": 0.9764891914526621,
    "RMSE": 1.6625673242349828,
    "AbsRel": 0.8209597227970759,
    "delta1": 0.3416242157419523,
    "SILog": 0.6756175603469213,
    "MAE_ffx": 1.0953727622826894,
    "mirror_better_rate": 0.5011111156145731,
    "mae_gain_if_mirrored": 0.0016393150724858666,
    "MAE_low": 1.1109745248158773,
    "SHcoefL1": 0.39047995679494407,
    "sec_front": 1.1468152407805126,
    "sec_left": 1.1458484383424123,
    "sec_back": 1.1471708087126413,
    "sec_right": 1.1451762986183167,
    "sec_upper": 1.1093655239542326,
    "sec_lower": 0.4734686412413915
  },
  "mono": {
    "MAE": 1.1462526965141295,
    "MAE_plain": 0.9764891914526621,
    "RMSE": 1.6625673242349828,
    "AbsRel": 0.8209597227970759,
    "delta1": 0.3416242157419523,
    "SILog": 0.6756175603469213,
    "MAE_ffx": 1.0953727622826894,
    "mirror_better_rate": 0.5011111156145731,
    "mae_gain_if_mirrored": 0.0016393150724858666,
    "MAE_low": 1.1109745248158773,
    "SHcoefL1": 0.39047995679494407,
    "sec_front": 1.1468152407805126,
    "sec_left": 1.1458484383424123,
    "sec_back": 1.1471708087126413,
    "sec_right": 1.1451762986183167,
    "sec_upper": 1.1093655239542326,
    "sec_lower": 0.4734686412413915
  },
  "left": {
    "MAE": 1.1462526965141295,
    "MAE_plain": 0.9764891914526621,
    "RMSE": 1.6625673242349828,
    "AbsRel": 0.8209597227970759,
    "delta1": 0.3416242157419523,
    "SILog": 0.6756175603469213,
    "MAE_ffx": 1.0953727622826894,
    "mirror_better_rate": 0.5011111156145731,
    "mae_gain_if_mirrored": 0.0016393150724858666,
    "MAE_low": 1.1109745248158773,
    "SHcoefL1": 0.39047995679494407,
    "sec_front": 1.1468152407805126,
    "sec_left": 1.1458484383424123,
    "sec_back": 1.1471708087126413,
    "sec_right": 1.1451762986183167,
    "sec_upper": 1.1093655239542326,
    "sec_lower": 0.4734686412413915
  },
  "right": {
    "MAE": 1.1462526965141295,
    "MAE_plain": 0.9764891914526621,
    "RMSE": 1.6625673242349828,
    "AbsRel": 0.8209597227970759,
    "delta1": 0.3416242157419523,
    "SILog": 0.6756175603469213,
    "MAE_ffx": 1.0953727622826894,
    "mirror_better_rate": 0.5011111156145731,
    "mae_gain_if_mirrored": 0.0016393150724858666,
    "MAE_low": 1.1109745248158773,
    "SHcoefL1": 0.39047995679494407,
    "sec_front": 1.1468152407805126,
    "sec_left": 1.1458484383424123,
    "sec_back": 1.1471708087126413,
    "sec_right": 1.1451762986183167,
    "sec_upper": 1.1093655239542326,
    "sec_lower": 0.4734686412413915
  },
  "shuffle": {
    "MAE": 1.1462526965141295,
    "MAE_plain": 0.9764891914526621,
    "RMSE": 1.6625673242349828,
    "AbsRel": 0.8209597227970759,
    "delta1": 0.3416242157419523,
    "SILog": 0.6756175603469213,
    "MAE_ffx": 1.0953727622826894,
    "mirror_better_rate": 0.5011111156145731,
    "mae_gain_if_mirrored": 0.0016393150724858666,
    "MAE_low": 1.1109745248158773,
    "SHcoefL1": 0.39047995679494407,
    "sec_front": 1.1468152407805126,
    "sec_left": 1.1458484383424123,
    "sec_back": 1.1471708087126413,
    "sec_right": 1.1451762986183167,
    "sec_upper": 1.1093655239542326,
    "sec_lower": 0.4734686412413915
  },
  "swap": {
    "MAE": 1.1462526965141295,
    "MAE_plain": 0.9764891914526621,
    "RMSE": 1.6625673242349828,
    "AbsRel": 0.8209597227970759,
    "delta1": 0.3416242157419523,
    "SILog": 0.6756175603469213,
    "MAE_ffx": 1.0953727622826894,
    "mirror_better_rate": 0.5011111156145731,
    "mae_gain_if_mirrored": 0.0016393150724858666,
    "MAE_low": 1.1109745248158773,
    "SHcoefL1": 0.39047995679494407,
    "sec_front": 1.1468152407805126,
    "sec_left": 1.1458484383424123,
    "sec_back": 1.1471708087126413,
    "sec_right": 1.1451762986183167,
    "sec_upper": 1.1093655239542326,
    "sec_lower": 0.4734686412413915,
    "swap_mirror_consistency": 0.01788365951575804
  }
}