{
  "test": {
    "MAE": 0.9086012812455495,
    "MAE_plain": 0.76363534172376,
    "RMSE": 1.4485703435728063,
    "AbsRel": 0.4994625981648763,
    "delta1": 0.4357700275381406,
    "SILog": 0.5713560763994853,
    "MAE_ffx": 0.8649754254023234,
    "mirror_better_rate": 0.2811111181726058,
    "mae_gain_if_mirrored": 0.016108886044627676,
    "MAE_low": 0.8714873741070429,
    "SHcoefL1": 0.35739637868789337,
    "sec_front": 0.9149029207229614,
    "sec_left": 0.8911748790740966,
    "sec_back": 0.9406639631589254,
    "sec_right": 0.8876633737484614,
    "sec_upper": 0.8085333802302679,
    "sec_lower": 0.3887352739771207
  }
}