{
  "test": {
    "MAE": 0.9107635435793134,
    "MAE_plain": 0.7674968840016259,
    "RMSE": 1.4389097912706994,
    "AbsRel": 0.49480882551934985,
    "delta1": 0.4296070283651352,
    "SILog": 0.5611444012324015,
    "MAE_ffx": 0.8664497017860413,
    "mirror_better_rate": 0.26555555555555554,
    "mae_gain_if_mirrored": 0.01474662348214123,
    "MAE_low": 0.8727899584505293,
    "SHcoefL1": 0.35362987094662257,
    "sec_front": 0.9271105937163036,
    "sec_left": 0.8905931854248047,
    "sec_back": 0.9390633636050754,
    "sec_right": 0.886287020974689,
    "sec_upper": 0.8210951074957847,
    "sec_lower": 0.3880996823310852
  }
}