{
  "test": {
    "MAE": 0.949100608030955,
    "MAE_plain": 0.7932442001501719,
    "RMSE": 1.4620775812706668,
    "AbsRel": 0.6009251761436463,
    "delta1": 0.41932186365127566,
    "SILog": 0.607351520061493,
    "MAE_ffx": 0.9081742151578267,
    "mirror_better_rate": 0.35416667501131693,
    "mae_gain_if_mirrored": 0.013343281649673978,
    "MAE_low": 0.9110393182436625,
    "SHcoefL1": 0.3616550911280016,
    "sec_front": 0.9479063773155212,
    "sec_left": 0.9418736068407695,
    "sec_back": 0.967633827527364,
    "sec_right": 0.9389886164665222,
    "sec_upper": 0.8318418868382772,
    "sec_lower": 0.40705993672211965
  },
  "mono": {
    "MAE": 2.003039930661519,
    "MAE_plain": 1.6275790596008302,
    "RMSE": 2.823109490554775,
    "AbsRel": 1.7883595689137777,
    "delta1": 0.2815758087237676,
    "SILog": 0.7719007086753845,
    "MAE_ffx": 1.9805676221847535,
    "mirror_better_rate": 0.5100000166893005,
    "mae_gain_if_mirrored": 0.005505621784056227,
    "MAE_low": 1.9753119325637818,
    "SHcoefL1": 0.6982223253117668,
    "sec_front": 1.4508147462209067,
    "sec_left": 2.6389615519841514,
    "sec_back": 1.3326802555720012,
    "sec_right": 2.5897032594680787,
    "sec_upper": 1.7949176836013794,
    "sec_lower": 0.5164793999989827
  },
  "shuffle": {
    "MAE": 1.153099362850189,
    "MAE_plain": 0.9461024836699168,
    "RMSE": 1.6976013675702644,
    "AbsRel": 0.8038988494873047,
    "delta1": 0.35459458927313486,
    "SILog": 0.7480422767003377,
    "MAE_ffx": 1.1099770124753316,
    "mirror_better_rate": 0.48805557131767274,
    "mae_gain_if_mirrored": 0.03568155979116758,
    "MAE_low": 1.1165289251009622,
    "SHcoefL1": 0.40997929317048853,
    "sec_front": 1.1664435609181723,
    "sec_left": 1.147456780274709,
    "sec_back": 1.1506647737820943,
    "sec_right": 1.1478323030471802,
    "sec_upper": 0.9610787576436997,
    "sec_lower": 0.4868948499361674
  },
  "swap": {
    "MAE": 1.066754195690155,
    "MAE_plain": 0.8775571839014689,
    "RMSE": 1.6037720511113465,
    "AbsRel": 0.7315336175759634,
    "delta1": 0.38768909136454266,
    "SILog": 0.7016537515322367,
    "MAE_ffx": 1.0246609171231589,
    "mirror_better_rate": 0.6591666865348816,
    "mae_gain_if_mirrored": 0.09645423946281274,
    "MAE_low": 1.0300462571779887,
    "SHcoefL1": 0.3841027971874509,
    "sec_front": 0.9999425506591797,
    "sec_left": 1.1227350664138793,
    "sec_back": 1.0191704845428466,
    "sec_right": 1.1251686684290567,
    "sec_upper": 0.8899485598007838,
    "sec_lower": 0.45629026730855304
  }
}