{
  "test": {
    "MAE": 0.9206695663928985,
    "MAE_plain": 0.7723417749007543,
    "RMSE": 1.4385902862095394,
    "AbsRel": 0.5644101961453756,
    "delta1": 0.4397300281127294,
    "SILog": 0.5867221667369207,
    "MAE_ffx": 0.8793180890878042,
    "mirror_better_rate": 0.2397222284724315,
    "mae_gain_if_mirrored": 0.015201530585666962,
    "MAE_low": 0.8827605744202932,
    "SHcoefL1": 0.35751741951538457,
    "sec_front": 0.9419204664230346,
    "sec_left": 0.890845011472702,
    "sec_back": 0.9675179266929627,
    "sec_right": 0.8823948434988658,
    "sec_upper": 0.8180502557754517,
    "sec_lower": 0.3943221879998843
  },
  "mono": {
    "MAE": 1.3690391143163045,
    "MAE_plain": 1.1170567472775776,
    "RMSE": 2.072766242980416,
    "AbsRel": 1.0456574336687723,
    "delta1": 0.3458783898750941,
    "SILog": 0.7332955187559128,
    "MAE_ffx": 1.3385406549771626,
    "mirror_better_rate": 0.49166668017705284,
    "mae_gain_if_mirrored": 0.006565120845722656,
    "MAE_low": 1.338798133134842,
    "SHcoefL1": 0.5210294875523283,
    "sec_front": 1.1027979779243469,
    "sec_left": 1.6575545148054758,
    "sec_back": 1.100450361967087,
    "sec_right": 1.6153536399205526,
    "sec_upper": 1.063213017185529,
    "sec_lower": 0.5179826657970746
  },
  "left": {
    "MAE": 1.2891758898893992,
    "MAE_plain": 1.065527729590734,
    "RMSE": 1.9285927653797068,
    "AbsRel": 0.9154689063628515,
    "delta1": 0.3407060061891874,
    "SILog": 0.7449985913435618,
    "MAE_ffx": 1.2533328366279601,
    "mirror_better_rate": 0.4947222363948822,
    "mae_gain_if_mirrored": 0.00720529336327066,
    "MAE_low": 1.2571056791146595,
    "SHcoefL1": 0.4883581282591654,
    "sec_front": 1.133835008541743,
    "sec_left": 1.4803980088233948,
    "sec_back": 1.108778616587321,
    "sec_right": 1.4336919927597045,
    "sec_upper": 1.0263628995418548,
    "sec_lower": 0.5401496635874112
  },
  "right": {
    "MAE": 1.2942365296681722,
    "MAE_plain": 1.0701452791690826,
    "RMSE": 1.9460352258110054,
    "AbsRel": 0.9228421727816264,
    "delta1": 0.342687539656957,
    "SILog": 0.7439705536762873,
    "MAE_ffx": 1.2577597490946453,
    "mirror_better_rate": 0.4991666807730993,
    "mae_gain_if_mirrored": 0.006559022228078296,
    "MAE_low": 1.2625408093134562,
    "SHcoefL1": 0.48779129846642416,
    "sec_front": 1.1311347317695617,
    "sec_left": 1.4373610762755076,
    "sec_back": 1.1199026528994243,
    "sec_right": 1.4885476847489676,
    "sec_upper": 1.04073894460996,
    "sec_lower": 0.5324179696043333
  },
  "shuffle": {
    "MAE": 1.1512849541505177,
    "MAE_plain": 0.9428568412860234,
    "RMSE": 1.7003717770771878,
    "AbsRel": 0.8031582965453465,
    "delta1": 0.35934194842974343,
    "SILog": 0.7469381499290466,
    "MAE_ffx": 1.1077643533547719,
    "mirror_better_rate": 0.48722223460674285,
    "mae_gain_if_mirrored": 0.061127073497821885,
    "MAE_low": 1.114353579680125,
    "SHcoefL1": 0.41047328505044184,
    "sec_front": 1.1527773606777192,
    "sec_left": 1.158085753917694,
    "sec_back": 1.1199224150180818,
    "sec_right": 1.1743542873859405,
    "sec_upper": 0.9562835304935773,
    "sec_lower": 0.48604109734296796
  },
  "swap": {
    "MAE": 1.1401150385538736,
    "MAE_plain": 0.9293549255530039,
    "RMSE": 1.6798768703921894,
    "AbsRel": 0.7981474457184473,
    "delta1": 0.3681784810622533,
    "SILog": 0.7285093780358632,
    "MAE_ffx": 1.0972477487723034,
    "mirror_better_rate": 0.731388909816742,
    "mae_gain_if_mirrored": 0.14676103841513397,
    "MAE_low": 1.1031774858633676,
    "SHcoefL1": 0.40119841392048533,
    "sec_front": 1.0525529034932455,
    "sec_left": 1.223704907099406,
    "sec_back": 1.0695235919952393,
    "sec_right": 1.2146787305672964,
    "sec_upper": 0.9218775144219399,
    "sec_lower": 0.47458555837472277,
    "swap_mirror_consistency": 0.36929949992717614
  }
}