{
  "test": {
    "MAE": 0.9218268390496572,
    "MAE_plain": 0.775258278714286,
    "RMSE": 1.4316048375462682,
    "AbsRel": 0.577851868139373,
    "delta1": 0.44459354791376327,
    "SILog": 0.5871745057900747,
    "MAE_ffx": 0.8812105974886153,
    "mirror_better_rate": 0.2772222222222222,
    "mae_gain_if_mirrored": 0.014119829220904245,
    "MAE_low": 0.883252084520128,
    "SHcoefL1": 0.3565441096987989,
    "sec_front": 0.9402504005697039,
    "sec_left": 0.8889337167474959,
    "sec_back": 0.9572947971026102,
    "sec_right": 0.9008284472094642,
    "sec_upper": 0.8210395536820094,
    "sec_lower": 0.39515770713488263
  }
}