{
  "test": {
    "MAE": 0.8909469193220139,
    "MAE_plain": 0.7482542202870051,
    "RMSE": 1.4108031716280547,
    "AbsRel": 0.5503316618998846,
    "delta1": 0.45813448667526246,
    "SILog": 0.571661948164304,
    "MAE_ffx": 0.8496390293041866,
    "mirror_better_rate": 0.24888889528810978,
    "mae_gain_if_mirrored": 0.01432595079105037,
    "MAE_low": 0.8522834320863087,
    "SHcoefL1": 0.34695188412235844,
    "sec_front": 0.8994117407004039,
    "sec_left": 0.8731728758414586,
    "sec_back": 0.9247042312224706,
    "sec_right": 0.8664988241593043,
    "sec_upper": 0.7903236328562101,
    "sec_lower": 0.3831175576647123
  }
}