{
  "test": {
    "MAE": 0.8935716120402019,
    "MAE_plain": 0.7516266504923502,
    "RMSE": 1.4391608914992897,
    "AbsRel": 0.5156312700112661,
    "delta1": 0.4524496805667877,
    "SILog": 0.5771862276395162,
    "MAE_ffx": 0.85132479429245,
    "mirror_better_rate": 0.26888889670372007,
    "mae_gain_if_mirrored": 0.014717169292271137,
    "MAE_low": 0.8551365800698598,
    "SHcoefL1": 0.3543551299886571,
    "sec_front": 0.889883709748586,
    "sec_left": 0.8756527805328369,
    "sec_back": 0.9297390039761861,
    "sec_right": 0.8790109419822693,
    "sec_upper": 0.7963495779037476,
    "sec_lower": 0.3876758615175883
  }
}