{
  "test": {
    "MAE": 0.8896583183606466,
    "MAE_plain": 0.7488651130596796,
    "RMSE": 1.4401441872353187,
    "AbsRel": 0.49573255896568297,
    "delta1": 0.45908228238423665,
    "delta2": 0.6766292206446329,
    "delta3": 0.8031547049681346,
    "SILog": 0.5708195177714029,
    "MAE_ffx": 0.8460613268613816,
    "mirror_better_rate": 0.2569444508353869,
    "mae_gain_if_mirrored": 0.014640026102764143,
    "MAE_low": 0.8528496444225311,
    "SHcoefL1": 0.35344136449197927,
    "sec_front": 0.8958956873416901,
    "sec_left": 0.873903578321139,
    "sec_back": 0.9249546718597412,
    "sec_right": 0.8638793154557546,
    "sec_upper": 0.793293311993281,
    "sec_lower": 0.38451017379760744
  }
}