{
  "test": {
    "MAE": 0.8916222117344539,
    "MAE_plain": 0.7502153205871582,
    "RMSE": 1.4322684568091717,
    "AbsRel": 0.504232923189799,
    "delta1": 0.45695553183555604,
    "delta2": 0.6751221698522568,
    "delta3": 0.8025021620591481,
    "SILog": 0.5743138386805853,
    "MAE_ffx": 0.8490800633033116,
    "mirror_better_rate": 0.26500000804662704,
    "mae_gain_if_mirrored": 0.017113693386199884,
    "MAE_low": 0.8543182504177094,
    "SHcoefL1": 0.3523217601701617,
    "sec_front": 0.8885722645123799,
    "sec_left": 0.8749562350908915,
    "sec_back": 0.9249045298496882,
    "sec_right": 0.8780557994047801,
    "sec_upper": 0.7921386998891831,
    "sec_lower": 0.38277005165815353
  }
}