{
  "test": {
    "MAE": 0.9050613300005594,
    "MAE_plain": 0.7616199700037638,
    "RMSE": 1.4010800695321346,
    "AbsRel": 0.5437516097227733,
    "delta1": 0.42794608990351357,
    "SILog": 0.5596573839584986,
    "MAE_ffx": 0.8639977240562439,
    "mirror_better_rate": 0.2647222296645244,
    "mae_gain_if_mirrored": 0.01327234170321996,
    "MAE_low": 0.8656712643305461,
    "SHcoefL1": 0.34422290755642787,
    "sec_front": 0.9165241483847301,
    "sec_left": 0.8859613360961278,
    "sec_back": 0.9356149953603744,
    "sec_right": 0.8821448157231013,
    "sec_upper": 0.8142820932467778,
    "sec_lower": 0.38765364239613215
  }
}