{
  "test": {
    "MAE": 0.9946852580706278,
    "MAE_plain": 0.8328679937786526,
    "RMSE": 1.5234704331853735,
    "AbsRel": 0.6690533843305376,
    "delta1": 0.40946386363771226,
    "SILog": 0.6436629149648878,
    "MAE_ffx": 0.9539337759547764,
    "mirror_better_rate": 0.31777777777777777,
    "mae_gain_if_mirrored": 0.024080057467023533,
    "MAE_low": 0.95577084991667,
    "SHcoefL1": 0.38616554542341164,
    "sec_front": 0.9929636645317078,
    "sec_left": 1.0293371274736192,
    "sec_back": 1.0297096623314752,
    "sec_right": 0.9267305125130547,
    "sec_upper": 0.8728351810243394,
    "sec_lower": 0.42749714506997005
  },
  "mono": {
    "MAE": 1.2425788015789456,
    "MAE_plain": 1.0055476093292237,
    "RMSE": 1.863845010035985,
    "AbsRel": 0.9907000946998596,
    "delta1": 0.37607347422175935,
    "SILog": 0.7246232289738125,
    "MAE_ffx": 1.2092303742302788,
    "mirror_better_rate": 0.4955555555555556,
    "mae_gain_if_mirrored": 0.04403160739276144,
    "MAE_low": 1.2058695708380804,
    "SHcoefL1": 0.49566713163836135,
    "sec_front": 1.0869014464484321,
    "sec_left": 1.243375670115153,
    "sec_back": 1.097445125050015,
    "sec_right": 1.5425929843054877,
    "sec_upper": 0.9519511980480618,
    "sec_lower": 0.4710580845673879
  },
  "shuffle": {
    "MAE": 1.1522248882717556,
    "MAE_plain": 0.9484938232103983,
    "RMSE": 1.7085776995051007,
    "AbsRel": 0.8169884071085188,
    "delta1": 0.3605188908841875,
    "SILog": 0.7443070867326524,
    "MAE_ffx": 1.1097186099158394,
    "mirror_better_rate": 0.4930555555555556,
    "mae_gain_if_mirrored": 0.05345906880166795,
    "MAE_low": 1.1139648893144396,
    "SHcoefL1": 0.4230594405097266,
    "sec_front": 1.1542126237021553,
    "sec_left": 1.1269612460666232,
    "sec_back": 1.1251537243525187,
    "sec_right": 1.2025719356536866,
    "sec_upper": 0.9628441399998136,
    "sec_lower": 0.47938463356759814
  },
  "swap": {
    "MAE": 1.1328497701221043,
    "MAE_plain": 0.9314317181375291,
    "RMSE": 1.6848621762822995,
    "AbsRel": 0.8065043338139852,
    "delta1": 0.3684030596415202,
    "SILog": 0.7261009316974216,
    "MAE_ffx": 1.0914202615949842,
    "mirror_better_rate": 0.6441666666666667,
    "mae_gain_if_mirrored": 0.09912151919470893,
    "MAE_low": 1.094592219458686,
    "SHcoefL1": 0.4184805031783051,
    "sec_front": 1.0741247251298693,
    "sec_left": 1.159843619134691,
    "sec_back": 1.0879700835545858,
    "sec_right": 1.2094606161117554,
    "sec_upper": 0.9380979998906454,
    "sec_lower": 0.4702057883474562
  }
}