{
  "run": "Aunet_s2",
  "MAE": 0.9946852578057184,
  "MAE_plain": 0.8328679905997383,
  "RMSE": 1.5234704346822945,
  "AbsRel": 0.6690533816814422,
  "delta1": 0.40946386840608384,
  "delta2": 0.6248668196466234,
  "delta3": 0.7635444135136075,
  "SILog": 0.6436629139052497,
  "MAE_ffx": 0.9539337801933289,
  "mirror_better_rate": 0.31777777777777777,
  "mae_gain_if_mirrored": 0.02408005771537622,
  "MAE_low": 0.9557708477973939,
  "SHcoefL1": 0.38616554592839547,
  "sec_front": 0.9929636645317078,
  "sec_left": 1.0293371285332573,
  "sec_back": 1.0297096580929226,
  "sec_right": 0.9267305125130547,
  "sec_upper": 0.8728351831436157,
  "sec_lower": 0.42749714930852256
}