{
  "test": {
    "MAE": 0.886336821715037,
    "MAE_plain": 0.74243123849233,
    "RMSE": 1.427584672921342,
    "AbsRel": 0.5232307203610738,
    "delta1": 0.4555798049767812,
    "SILog": 0.5767657832304637,
    "MAE_ffx": 0.8441679668426514,
    "mirror_better_rate": 0.2683333401878675,
    "mae_gain_if_mirrored": 0.01605313593444104,
    "MAE_low": 0.8488483726978302,
    "SHcoefL1": 0.3513492793010341,
    "sec_front": 0.8843631426493327,
    "sec_left": 0.870545478661855,
    "sec_back": 0.9222136211395263,
    "sec_right": 0.8682250595092773,
    "sec_upper": 0.7808926234642665,
    "sec_lower": 0.38501991113026934
  },
  "mono": {
    "MAE": 1.8490444040298462,
    "MAE_plain": 1.580870361328125,
    "RMSE": 2.5332269381645776,
    "AbsRel": 1.6426175077756247,
    "delta1": 0.2967050991455714,
    "SILog": 0.8062050207455953,
    "MAE_ffx": 1.8219841384887696,
    "mirror_better_rate": 0.5022222383817037,
    "mae_gain_if_mirrored": 0.04318377656241258,
    "MAE_low": 1.8179873085021974,
    "SHcoefL1": 0.610685229740209,
    "sec_front": 2.1868998209635415,
    "sec_left": 2.374876567522685,
    "sec_back": 1.144418680667877,
    "sec_right": 1.689982525507609,
    "sec_upper": 2.0910964075724285,
    "sec_lower": 0.47436431646347044
  },
  "shuffle": {
    "MAE": 1.14081351518631,
    "MAE_plain": 0.9322728089491527,
    "RMSE": 1.701393512768523,
    "AbsRel": 0.7594213803609212,
    "delta1": 0.35662879745165504,
    "SILog": 0.7434442480405171,
    "MAE_ffx": 1.0963582507769267,
    "mirror_better_rate": 0.4922222352027893,
    "mae_gain_if_mirrored": 0.05532386640707652,
    "MAE_low": 1.1044950731595358,
    "SHcoefL1": 0.41039510972383947,
    "sec_front": 1.1461593763033548,
    "sec_left": 1.1391436831156412,
    "sec_back": 1.1166805497805277,
    "sec_right": 1.1612704451878866,
    "sec_upper": 0.9416070683797201,
    "sec_lower": 0.4853659053643545
  },
  "swap": {
    "MAE": 1.083396033445994,
    "MAE_plain": 0.8847861703236898,
    "RMSE": 1.6503118460077428,
    "AbsRel": 0.6981551722685496,
    "delta1": 0.3835520847638448,
    "SILog": 0.7085206643740336,
    "MAE_ffx": 1.0392743253707886,
    "mirror_better_rate": 0.7316666861375173,
    "mae_gain_if_mirrored": 0.15270616248250007,
    "MAE_low": 1.047811622619629,
    "SHcoefL1": 0.3917962210480538,
    "sec_front": 0.9797697869936625,
    "sec_left": 1.172347784837087,
    "sec_back": 1.0006962235768635,
    "sec_right": 1.1807703479131062,
    "sec_upper": 0.8844291402896245,
    "sec_lower": 0.4581748032569885
  }
}