{
  "run": "Bnode2_unet8_5chflip_s0",
  "MAE": 0.8863368272781372,
  "MAE_plain": 0.74243123849233,
  "RMSE": 1.4275846722616123,
  "AbsRel": 0.5232307211558024,
  "delta1": 0.45557980457941694,
  "delta2": 0.6757347846031189,
  "delta3": 0.8033144919077555,
  "SILog": 0.5767657832304637,
  "MAE_ffx": 0.844167971611023,
  "mirror_better_rate": 0.2683333401878675,
  "mae_gain_if_mirrored": 0.01605313560847814,
  "MAE_low": 0.8488483746846517,
  "SHcoefL1": 0.3513492795514564,
  "sec_front": 0.8843631426493327,
  "sec_left": 0.8705454794565837,
  "sec_back": 0.9222136219342549,
  "sec_right": 0.868225056330363,
  "sec_upper": 0.7808926264444987,
  "sec_lower": 0.3850199109315872
}