{
  "run": "F2_raydpt_s1",
  "MAE": 0.9080257793267568,
  "MAE_plain": 0.763125741481781,
  "RMSE": 1.4452636723951084,
  "AbsRel": 0.5274780170122783,
  "delta1": 0.445483297208945,
  "delta2": 0.6657134737571081,
  "delta3": 0.7960600944360098,
  "SILog": 0.5778118336200714,
  "MAE_ffx": 0.8651444627841314,
  "mirror_better_rate": 0.2747222311546405,
  "mae_gain_if_mirrored": 0.014562380600254983,
  "MAE_low": 0.8713647600015004,
  "SHcoefL1": 0.3566689962935117,
  "sec_front": 0.9156490524609884,
  "sec_left": 0.8956590922673543,
  "sec_back": 0.9344802943865458,
  "sec_right": 0.8863146565357845,
  "sec_upper": 0.7985350101192792,
  "sec_lower": 0.3939029375712077
}