{
  "test": {
    "MAE": 0.7725953847169876,
    "MAE_plain": 0.6571851801872254,
    "RMSE": 1.2269030451774596,
    "AbsRel": 0.5024126374721527,
    "delta1": 0.45569756905237835,
    "delta2": 0.6723546502987544,
    "delta3": 0.7988255798816681,
    "SILog": 0.5162222480773926,
    "MAE_ffx": 0.743752313653628,
    "mirror_better_rate": 0.251388896604379,
    "mae_gain_if_mirrored": 0.012543479131903344,
    "MAE_low": 0.7314755755662918,
    "SHcoefL1": 0.3093851856111238,
    "sec_front": 0.7724180326859156,
    "sec_left": 0.7483189360300699,
    "sec_back": 0.7949353069067001,
    "sec_right": 0.7395638380448023,
    "sec_upper": 0.6514714864393075,
    "sec_lower": 0.2949847915271918
  }
}