{
  "test": {
    "MAE": 0.8960201149516636,
    "MAE_plain": 0.7524625362290276,
    "RMSE": 1.4313171749828004,
    "AbsRel": 0.5407886077298059,
    "delta1": 0.4494983418782552,
    "SILog": 0.5832005072964562,
    "MAE_ffx": 0.85420670721266,
    "mirror_better_rate": 0.2772222222222222,
    "mae_gain_if_mirrored": 0.01611714099844297,
    "MAE_low": 0.8578717433081733,
    "SHcoefL1": 0.3517344286779149,
    "sec_front": 0.8996508532100254,
    "sec_left": 0.8837027841144138,
    "sec_back": 0.9329458660549588,
    "sec_right": 0.867780991660224,
    "sec_upper": 0.7966676527924008,
    "sec_lower": 0.38745466430981956
  },
  "mono": {
    "MAE": 1.9114041349622939,
    "MAE_plain": 1.64152191374037,
    "RMSE": 2.8354784364487355,
    "AbsRel": 1.4475671005249025,
    "delta1": 0.28177082578341167,
    "SILog": 0.9490543177392747,
    "MAE_ffx": 1.8887830368677776,
    "mirror_better_rate": 0.5005555555555555,
    "mae_gain_if_mirrored": 0.0909465646247069,
    "MAE_low": 1.8880222680833605,
    "SHcoefL1": 0.7635325337615279,
    "sec_front": 2.1748239188724092,
    "sec_left": 1.9600990189446343,
    "sec_back": 1.1730610831578572,
    "sec_right": 2.3376327143775093,
    "sec_upper": 1.8078795454237195,
    "sec_lower": 0.5098474901252322
  },
  "shuffle": {
    "MAE": 1.1464145225948759,
    "MAE_plain": 0.9385488131311205,
    "RMSE": 1.7101504365737257,
    "AbsRel": 0.7755264370971255,
    "delta1": 0.35490440408388774,
    "SILog": 0.7517942452430725,
    "MAE_ffx": 1.1021483177608913,
    "mirror_better_rate": 0.5063888888888889,
    "mae_gain_if_mirrored": 0.06199471960465113,
    "MAE_low": 1.1097635168499416,
    "SHcoefL1": 0.4111445762879319,
    "sec_front": 1.1326930305692884,
    "sec_left": 1.1542046886020236,
    "sec_back": 1.126755706469218,
    "sec_right": 1.1720047532187567,
    "sec_upper": 0.9493377725283305,
    "sec_lower": 0.48762401315901016
  },
  "swap": {
    "MAE": 1.1182042439778646,
    "MAE_plain": 0.9155064733823141,
    "RMSE": 1.690733931831815,
    "AbsRel": 0.7511565391222635,
    "delta1": 0.37266776429282295,
    "SILog": 0.7306560564041138,
    "MAE_ffx": 1.0742505031161838,
    "mirror_better_rate": 0.7052777777777778,
    "mae_gain_if_mirrored": 0.13208341403139962,
    "MAE_low": 1.0819588242636786,
    "SHcoefL1": 0.4036982019411193,
    "sec_front": 1.0486620794402228,
    "sec_left": 1.1829440344704523,
    "sec_back": 1.0447315186924404,
    "sec_right": 1.1964793724483913,
    "sec_upper": 0.9100627014372084,
    "sec_lower": 0.4692675283220079
  }
}