{
  "run": "B_echodiff_s2",
  "MAE": 0.9500457117292616,
  "MAE_plain": 0.7933222322993808,
  "RMSE": 1.457147104345077,
  "AbsRel": 0.5964569622940488,
  "delta1": 0.41093426591820187,
  "delta2": 0.6394445923964183,
  "delta3": 0.7800327763292525,
  "SILog": 0.5892310576968723,
  "MAE_ffx": 0.9046958261066013,
  "mirror_better_rate": 0.3125,
  "mae_gain_if_mirrored": 0.016407417183121047,
  "MAE_low": 0.9113134035799239,
  "SHcoefL1": 0.36252682423426047,
  "sec_front": 0.9562767910957336,
  "sec_left": 0.9274423515796661,
  "sec_back": 0.9754675518141852,
  "sec_right": 0.9409961472617255,
  "sec_upper": 0.8353100304471122,
  "sec_lower": 0.4157759310801824
}