{
  "test": {
    "MAE": 0.9009150258700053,
    "MAE_plain": 0.7570590655008952,
    "RMSE": 1.4333494161093157,
    "AbsRel": 0.5607752581437428,
    "delta1": 0.45705148776372273,
    "SILog": 0.5876533118883769,
    "MAE_ffx": 0.8587782716751099,
    "mirror_better_rate": 0.2744444525241852,
    "mae_gain_if_mirrored": 0.016867384664559115,
    "MAE_low": 0.8631351800759633,
    "SHcoefL1": 0.3542429662599332,
    "sec_front": 0.8995653978983561,
    "sec_left": 0.8964129865169526,
    "sec_back": 0.9271802528699239,
    "sec_right": 0.8805014689763387,
    "sec_upper": 0.7961858846743901,
    "sec_lower": 0.38998350818951927
  }
}