{
  "test": {
    "MAE": 0.8926112959782283,
    "MAE_plain": 0.7507458746433258,
    "RMSE": 1.4224056322773182,
    "AbsRel": 0.5195128889878591,
    "delta1": 0.45215750972429913,
    "SILog": 0.5681319787104925,
    "MAE_ffx": 0.8502625209093094,
    "mirror_better_rate": 0.25277778521180155,
    "mae_gain_if_mirrored": 0.013411120815338412,
    "MAE_low": 0.8552603036165237,
    "SHcoefL1": 0.3511582303399013,
    "sec_front": 0.9028476677338282,
    "sec_left": 0.870012855331103,
    "sec_back": 0.925305611093839,
    "sec_right": 0.8722790577014288,
    "sec_upper": 0.7941225716471672,
    "sec_lower": 0.38894321898619333
  }
}