{
  "test": {
    "MAE": 0.9483839138348897,
    "MAE_plain": 0.7958474320835537,
    "RMSE": 1.479528737719455,
    "AbsRel": 0.5482660922739241,
    "delta1": 0.4114035553402371,
    "SILog": 0.6003814925087823,
    "MAE_ffx": 0.9036179039213392,
    "mirror_better_rate": 0.30277777777777776,
    "mae_gain_if_mirrored": 0.01938591733574867,
    "MAE_low": 0.9109378626611497,
    "SHcoefL1": 0.3624034588266578,
    "sec_front": 0.9600566101074218,
    "sec_left": 0.928693192270067,
    "sec_back": 0.9866798575719198,
    "sec_right": 0.9181059763166639,
    "sec_upper": 0.8416497115294138,
    "sec_lower": 0.40489040719138253
  },
  "mono": {
    "MAE": 1.3641735500759549,
    "MAE_plain": 1.0938511610031127,
    "RMSE": 2.0143631332059964,
    "AbsRel": 0.9305934588114421,
    "delta1": 0.3044018426206377,
    "SILog": 0.8870023433367411,
    "MAE_ffx": 1.3250606642829048,
    "mirror_better_rate": 0.5033333333333333,
    "mae_gain_if_mirrored": 0.03799237405260404,
    "MAE_low": 1.3302412356270683,
    "SHcoefL1": 0.5100093519853222,
    "sec_front": 1.166479819085863,
    "sec_left": 1.4773298724492392,
    "sec_back": 1.4234414264890882,
    "sec_right": 1.3894430791007149,
    "sec_upper": 1.016791540251838,
    "sec_lower": 0.5530935949749417
  },
  "shuffle": {
    "MAE": 1.1198816119299995,
    "MAE_plain": 0.9232861004935371,
    "RMSE": 1.6717205848474024,
    "AbsRel": 0.7298520443174574,
    "delta1": 0.3539072643385993,
    "SILog": 0.7297137353155349,
    "MAE_ffx": 1.073528151512146,
    "mirror_better_rate": 0.4930555555555556,
    "mae_gain_if_mirrored": 0.05740766537686189,
    "MAE_low": 1.0836089801788331,
    "SHcoefL1": 0.3997426653487815,
    "sec_front": 1.1112568153275384,
    "sec_left": 1.1331917985280355,
    "sec_back": 1.0903950018352933,
    "sec_right": 1.1446828609042698,
    "sec_upper": 0.941589729918374,
    "sec_lower": 0.4812844024764167
  },
  "swap": {
    "MAE": 1.124274001121521,
    "MAE_plain": 0.9236086495717366,
    "RMSE": 1.675439403213086,
    "AbsRel": 0.7323650511105856,
    "delta1": 0.3553562955061595,
    "SILog": 0.7280065165625678,
    "MAE_ffx": 1.0784110339482624,
    "mirror_better_rate": 0.6922222222222222,
    "mae_gain_if_mirrored": 0.13055970794624752,
    "MAE_low": 1.0884142388237847,
    "SHcoefL1": 0.39616664255244866,
    "sec_front": 1.0514293275939093,
    "sec_left": 1.1871125655704073,
    "sec_back": 1.0689714617199368,
    "sec_right": 1.1895826302634345,
    "sec_upper": 0.9269209534592099,
    "sec_lower": 0.47938465462790597
  },
  "alpha": 0.5609447956085205
}