{
  "test": {
    "MAE": 0.9122549560666084,
    "MAE_plain": 0.768849799533685,
    "RMSE": 1.4251133161151621,
    "AbsRel": 0.5679741160571575,
    "delta1": 0.44805722430348394,
    "SILog": 0.5740896484255791,
    "MAE_ffx": 0.8703809892137845,
    "mirror_better_rate": 0.2563888955116272,
    "mae_gain_if_mirrored": 0.013985839199922339,
    "MAE_low": 0.8743072898189227,
    "SHcoefL1": 0.3552363337162468,
    "sec_front": 0.9312889328598977,
    "sec_left": 0.883879395922025,
    "sec_back": 0.9505951121449471,
    "sec_right": 0.8832563828428587,
    "sec_upper": 0.8142583799362183,
    "sec_lower": 0.3939005807042122
  }
}