{
  "test": {
    "MAE": 0.9675351937611898,
    "MAE_plain": 0.8042118362585704,
    "RMSE": 1.462557651329693,
    "AbsRel": 0.6473796327908834,
    "delta1": 0.4112206288178762,
    "SILog": 0.6134969735145569,
    "MAE_ffx": 0.9270640071233114,
    "mirror_better_rate": 0.5000000170866649,
    "mae_gain_if_mirrored": 0.009762222077697516,
    "MAE_low": 0.9283863798777262,
    "SHcoefL1": 0.3609263339597318,
    "sec_front": 0.9438938641548157,
    "sec_left": 0.9733600242932637,
    "sec_back": 0.9602666107813517,
    "sec_right": 0.9926202694574991,
    "sec_upper": 0.8274763039747874,
    "sec_lower": 0.4172664447625478
  },
  "mono": {
    "MAE": 1.5675671609242756,
    "MAE_plain": 1.3593148787816365,
    "RMSE": 2.181585422558695,
    "AbsRel": 1.2976403411229451,
    "delta1": 0.29964129110177357,
    "SILog": 0.8105394959449768,
    "MAE_ffx": 1.5326136128107706,
    "mirror_better_rate": 0.49944445888201394,
    "mae_gain_if_mirrored": 0.009109247686962287,
    "MAE_low": 1.534175567626953,
    "SHcoefL1": 0.5496921634756856,
    "sec_front": 1.4078233210245767,
    "sec_left": 1.782651309967041,
    "sec_back": 1.205275366306305,
    "sec_right": 1.8745185629526775,
    "sec_upper": 1.697845328648885,
    "sec_lower": 0.47310751795768735
  },
  "shuffle": {
    "MAE": 1.1066170438130696,
    "MAE_plain": 0.9103021411101023,
    "RMSE": 1.631391667953012,
    "AbsRel": 0.7840829141934713,
    "delta1": 0.36754025757312775,
    "SILog": 0.7046520694096883,
    "MAE_ffx": 1.0643628978729247,
    "mirror_better_rate": 0.49888890186945595,
    "mae_gain_if_mirrored": 0.008551622296993931,
    "MAE_low": 1.0685080321629843,
    "SHcoefL1": 0.39380633879866866,
    "sec_front": 1.1336077626546224,
    "sec_left": 1.0898442737261453,
    "sec_back": 1.1082367618878683,
    "sec_right": 1.0947794024149577,
    "sec_upper": 0.924805425008138,
    "sec_lower": 0.46913434982299806
  },
  "swap": {
    "MAE": 0.9667475231488546,
    "MAE_plain": 0.8040643354256948,
    "RMSE": 1.4621231947722773,
    "AbsRel": 0.6465332690874735,
    "delta1": 0.41120051781336464,
    "SILog": 0.6135853878657023,
    "MAE_ffx": 0.9260816303888957,
    "mirror_better_rate": 0.5044444624582927,
    "mae_gain_if_mirrored": 0.010004648275983831,
    "MAE_low": 0.9275707085927327,
    "SHcoefL1": 0.3607166730053723,
    "sec_front": 0.9412771693865458,
    "sec_left": 0.9822279644012452,
    "sec_back": 0.9587121423085531,
    "sec_right": 0.984772801399231,
    "sec_upper": 0.8283068599303564,
    "sec_lower": 0.4169246753056844
  }
}