{
  "test": {
    "MAE": 0.8862744335333507,
    "MAE_plain": 0.7432140602668127,
    "RMSE": 1.4242409229499693,
    "AbsRel": 0.4999088360865911,
    "delta1": 0.4610252159833908,
    "SILog": 0.5708148084084192,
    "MAE_ffx": 0.8451455821593602,
    "mirror_better_rate": 0.2508333408087492,
    "mae_gain_if_mirrored": 0.015564745781690969,
    "MAE_low": 0.8478882706165314,
    "SHcoefL1": 0.3496164795280331,
    "sec_front": 0.8899016849199931,
    "sec_left": 0.8680774905284245,
    "sec_back": 0.9220027442773183,
    "sec_right": 0.8651158036788305,
    "sec_upper": 0.783805194000403,
    "sec_lower": 0.3809075804551442
  }
}