{
  "test": {
    "MAE": 0.9067851932843526,
    "MAE_plain": 0.76468843181928,
    "RMSE": 1.4733353809037733,
    "AbsRel": 0.46634533484776813,
    "delta1": 0.45074980954329175,
    "SILog": 0.5846197704474131,
    "MAE_ffx": 0.862847720781962,
    "mirror_better_rate": 0.2619444526483615,
    "mae_gain_if_mirrored": 0.015885098908329384,
    "MAE_low": 0.8701548584302267,
    "SHcoefL1": 0.3610663615239577,
    "sec_front": 0.9168928050994873,
    "sec_left": 0.8885810244083404,
    "sec_back": 0.936474088827769,
    "sec_right": 0.8851928287744522,
    "sec_upper": 0.8170935241381327,
    "sec_lower": 0.3840829700231552
  }
}