{
  "test": {
    "MAE": 0.8951852293809255,
    "MAE_plain": 0.7508074506123861,
    "RMSE": 1.4103166523943276,
    "AbsRel": 0.5641325889031092,
    "delta1": 0.46126054376363756,
    "delta2": 0.6759159978230794,
    "delta3": 0.8009995790322622,
    "SILog": 0.574339751402537,
    "MAE_ffx": 0.8545379016796748,
    "mirror_better_rate": 0.2627777850131194,
    "mae_gain_if_mirrored": 0.015030561635503545,
    "MAE_low": 0.8567823243141174,
    "SHcoefL1": 0.3482321682986286,
    "sec_front": 0.8893490350246429,
    "sec_left": 0.8758872300386429,
    "sec_back": 0.9342056143283844,
    "sec_right": 0.8812990430990855,
    "sec_upper": 0.7923104997475942,
    "sec_lower": 0.3903250988324483
  }
}