{
  "test": {
    "MAE": 0.8848423649867375,
    "MAE_plain": 0.7467638317743938,
    "RMSE": 1.422703362003204,
    "AbsRel": 0.5134448862075806,
    "delta1": 0.4641206174095472,
    "SILog": 0.5744946771860122,
    "MAE_ffx": 0.842791797320048,
    "mirror_better_rate": 0.25388889662921427,
    "mae_gain_if_mirrored": 0.014301614682675184,
    "MAE_low": 0.8478013946612676,
    "SHcoefL1": 0.35037313028238715,
    "sec_front": 0.8857188073794047,
    "sec_left": 0.8667584385474523,
    "sec_back": 0.9206622127691905,
    "sec_right": 0.8662300078074138,
    "sec_upper": 0.7944328878323237,
    "sec_lower": 0.38221676617860795
  }
}