{
  "test": {
    "MAE": 0.8967709075080024,
    "MAE_plain": 0.7506251062287225,
    "RMSE": 1.4309127977284979,
    "AbsRel": 0.5624345739020241,
    "delta1": 0.45692213084962635,
    "SILog": 0.5890807502799564,
    "MAE_ffx": 0.8556272933218214,
    "mirror_better_rate": 0.2611111111111111,
    "mae_gain_if_mirrored": 0.0167864717129204,
    "MAE_low": 0.8581896498468187,
    "SHcoefL1": 0.35057087856034436,
    "sec_front": 0.9062830233573913,
    "sec_left": 0.8806827916039361,
    "sec_back": 0.9286282891697354,
    "sec_right": 0.8714895176887513,
    "sec_upper": 0.7868936712212032,
    "sec_lower": 0.39090438697073193
  },
  "mono": {
    "MAE": 1.8596528975168864,
    "MAE_plain": 1.6598079607221816,
    "RMSE": 2.7422121837692863,
    "AbsRel": 1.4631061124801636,
    "delta1": 0.28550256186061435,
    "SILog": 0.8776964730686612,
    "MAE_ffx": 1.8344605626000299,
    "mirror_better_rate": 0.4925,
    "mae_gain_if_mirrored": 0.04273491823010975,
    "MAE_low": 1.8287119404474894,
    "SHcoefL1": 0.7283064640147818,
    "sec_front": 2.065432480706109,
    "sec_left": 2.110319420496623,
    "sec_back": 1.1672452402114868,
    "sec_right": 2.0956144173940023,
    "sec_upper": 2.14158224105835,
    "sec_lower": 0.479849931134118
  },
  "shuffle": {
    "MAE": 1.154591081937154,
    "MAE_plain": 0.9411825508541531,
    "RMSE": 1.7194931149433366,
    "AbsRel": 0.7953871442211999,
    "delta1": 0.36040230645073784,
    "SILog": 0.753386455906762,
    "MAE_ffx": 1.1108741230434842,
    "mirror_better_rate": 0.49972222222222223,
    "mae_gain_if_mirrored": 0.061498588422934215,
    "MAE_low": 1.117625732421875,
    "SHcoefL1": 0.41331062155672244,
    "sec_front": 1.165022095574273,
    "sec_left": 1.1716435649659898,
    "sec_back": 1.128476439581977,
    "sec_right": 1.1532222975624933,
    "sec_upper": 0.940075637764401,
    "sec_lower": 0.4868931718667348
  },
  "swap": {
    "MAE": 1.1166509691874187,
    "MAE_plain": 0.9100642935434977,
    "RMSE": 1.6890630791244132,
    "AbsRel": 0.7626132150491078,
    "delta1": 0.37890438238779706,
    "SILog": 0.729237458176083,
    "MAE_ffx": 1.0730955733193293,
    "mirror_better_rate": 0.7075,
    "mae_gain_if_mirrored": 0.13886222660541533,
    "MAE_low": 1.0802646276685928,
    "SHcoefL1": 0.4027863835170865,
    "sec_front": 1.0602320488293966,
    "sec_left": 1.1908887725406223,
    "sec_back": 1.0393899414274428,
    "sec_right": 1.1760932201809353,
    "sec_upper": 0.8966284420755174,
    "sec_lower": 0.46633753233485753
  }
}