{
  "test": {
    "MAE": 0.8949302530288696,
    "MAE_plain": 0.7520634480317434,
    "RMSE": 1.4453166459535975,
    "AbsRel": 0.5211754242579142,
    "delta1": 0.4605781837304433,
    "SILog": 0.5914161491394043,
    "MAE_ffx": 0.8528848338127136,
    "mirror_better_rate": 0.2608333409825961,
    "mae_gain_if_mirrored": 0.015384867307730019,
    "MAE_low": 0.8575626504421234,
    "SHcoefL1": 0.3546515055083566,
    "sec_front": 0.8985439562797546,
    "sec_left": 0.8732911833127339,
    "sec_back": 0.9301554091771443,
    "sec_right": 0.877730453411738,
    "sec_upper": 0.7896023046970367,
    "sec_lower": 0.3917771279811859
  }
}