{
  "test": {
    "MAE": 0.8903434193134308,
    "MAE_plain": 0.7463785604635874,
    "RMSE": 1.3954827399329863,
    "AbsRel": 0.5730352451403936,
    "delta1": 0.4599921750028928,
    "delta2": 0.6775299205382666,
    "delta3": 0.8028400023778279,
    "SILog": 0.5695225046078364,
    "MAE_ffx": 0.8487501885493597,
    "mirror_better_rate": 0.26222223016122975,
    "mae_gain_if_mirrored": 0.013109063604788388,
    "MAE_low": 0.8512904332081477,
    "SHcoefL1": 0.3447714063504504,
    "sec_front": 0.8903144675493241,
    "sec_left": 0.8742240929603576,
    "sec_back": 0.926986776192983,
    "sec_right": 0.8698483387629191,
    "sec_upper": 0.7886266063650449,
    "sec_lower": 0.3893521693348885
  }
}