{
  "test": {
    "MAE": 0.7902764556805293,
    "MAE_plain": 0.6703990366061529,
    "RMSE": 1.2504818999767304,
    "AbsRel": 0.5002510662873586,
    "delta1": 0.44243820826212565,
    "delta2": 0.662620194753011,
    "delta3": 0.792536260286967,
    "SILog": 0.5264433916409811,
    "MAE_ffx": 0.7602147138118744,
    "mirror_better_rate": 0.2630555635939042,
    "mae_gain_if_mirrored": 0.013642680920893326,
    "MAE_low": 0.748882337808609,
    "SHcoefL1": 0.3150478388876137,
    "sec_front": 0.7910245742400487,
    "sec_left": 0.7612640305360159,
    "sec_back": 0.8095787684122722,
    "sec_right": 0.7623882971207301,
    "sec_upper": 0.6615656300882499,
    "sec_lower": 0.29711613739530246
  }
}