{
  "test": {
    "MAE": 0.92423357685407,
    "MAE_plain": 0.7756983160972595,
    "RMSE": 1.4473262313450292,
    "AbsRel": 0.5452183226744334,
    "delta1": 0.43524888237317405,
    "SILog": 0.5892174333333969,
    "MAE_ffx": 0.8828213413556417,
    "mirror_better_rate": 0.2566666747132937,
    "mae_gain_if_mirrored": 0.015977280921846006,
    "MAE_low": 0.8862416239579519,
    "SHcoefL1": 0.3577824543737289,
    "sec_front": 0.9371742037932078,
    "sec_left": 0.8945176714658737,
    "sec_back": 0.9664006551106771,
    "sec_right": 0.8988417879740397,
    "sec_upper": 0.8198117080330849,
    "sec_lower": 0.39654137114683785
  },
  "mono": {
    "MAE": 1.2786804711818696,
    "MAE_plain": 1.0619821206728617,
    "RMSE": 1.8715831532890148,
    "AbsRel": 1.0059264781077704,
    "delta1": 0.34878286014000576,
    "SILog": 0.6927621036767959,
    "MAE_ffx": 1.2432813779513041,
    "mirror_better_rate": 0.4908333498239517,
    "mae_gain_if_mirrored": 0.008306593877884249,
    "MAE_low": 1.24392795642217,
    "SHcoefL1": 0.4799115681813823,
    "sec_front": 1.091128491560618,
    "sec_left": 1.439714184999466,
    "sec_back": 1.0799296919504802,
    "sec_right": 1.5039495201905568,
    "sec_upper": 1.0469977553685506,
    "sec_lower": 0.5406179490685463
  },
  "left": {
    "MAE": 1.2393305607636769,
    "MAE_plain": 1.0449557916323344,
    "RMSE": 1.790055752843472,
    "AbsRel": 0.9596479086081187,
    "delta1": 0.34536471009254455,
    "SILog": 0.696693188548088,
    "MAE_ffx": 1.1995946419239045,
    "mirror_better_rate": 0.4827777906258901,
    "mae_gain_if_mirrored": 0.006632950392086059,
    "MAE_low": 1.204103512763977,
    "SHcoefL1": 0.45270564916647144,
    "sec_front": 1.1228987129529318,
    "sec_left": 1.3786887721220653,
    "sec_back": 1.088570588827133,
    "sec_right": 1.3671641623973847,
    "sec_upper": 1.0401560620466868,
    "sec_lower": 0.5785923979679743
  },
  "right": {
    "MAE": 1.2380327582359314,
    "MAE_plain": 1.043438941637675,
    "RMSE": 1.7924921017123654,
    "AbsRel": 0.9533068110545476,
    "delta1": 0.34452368239561715,
    "SILog": 0.6980233269929886,
    "MAE_ffx": 1.1978994445006053,
    "mirror_better_rate": 0.48805557111899056,
    "mae_gain_if_mirrored": 0.0058683234313502905,
    "MAE_low": 1.2028433911005656,
    "SHcoefL1": 0.4533637232871519,
    "sec_front": 1.1214977141221365,
    "sec_left": 1.3301046081384023,
    "sec_back": 1.0964059444268544,
    "sec_right": 1.4041227825482687,
    "sec_upper": 1.0402340841293336,
    "sec_lower": 0.574446318546931
  },
  "shuffle": {
    "MAE": 1.145121436516444,
    "MAE_plain": 0.940196060538292,
    "RMSE": 1.6924647695575177,
    "AbsRel": 0.7749933737516403,
    "delta1": 0.3556919785340627,
    "SILog": 0.7491048192977905,
    "MAE_ffx": 1.101634938319524,
    "mirror_better_rate": 0.49472223619620004,
    "mae_gain_if_mirrored": 0.0570997701305896,
    "MAE_low": 1.107876284122467,
    "SHcoefL1": 0.4058961414131853,
    "sec_front": 1.1504274352391561,
    "sec_left": 1.1402935564517975,
    "sec_back": 1.1179535146554311,
    "sec_right": 1.1718112115065258,
    "sec_upper": 0.953040679693222,
    "sec_lower": 0.49377146621545154
  },
  "swap": {
    "MAE": 1.1239477137724558,
    "MAE_plain": 0.9199125200510025,
    "RMSE": 1.6650998165165243,
    "AbsRel": 0.7520040420691172,
    "delta1": 0.36655902206897734,
    "SILog": 0.724374178647995,
    "MAE_ffx": 1.080736559232076,
    "mirror_better_rate": 0.7294444628556569,
    "mae_gain_if_mirrored": 0.13905917545159657,
    "MAE_low": 1.0870774614810943,
    "SHcoefL1": 0.39715630125668316,
    "sec_front": 1.0461233405272166,
    "sec_left": 1.1886824266115825,
    "sec_back": 1.053814530769984,
    "sec_right": 1.2071705412864686,
    "sec_upper": 0.9215597908695539,
    "sec_lower": 0.476082581281662,
    "swap_mirror_consistency": 0.3622270612303598
  }
}