{
  "test": {
    "MAE": 0.7779411963621775,
    "MAE_plain": 0.6612160597244898,
    "RMSE": 1.2360197885831197,
    "AbsRel": 0.4826804357767105,
    "delta1": 0.44111204942067467,
    "delta2": 0.6631288925806681,
    "delta3": 0.7949122810363769,
    "SILog": 0.5121015185117721,
    "MAE_ffx": 0.7468525745471318,
    "mirror_better_rate": 0.26222223073244094,
    "mae_gain_if_mirrored": 0.013375327120690296,
    "MAE_low": 0.7367619913816452,
    "SHcoefL1": 0.3087629046435985,
    "sec_front": 0.7802152146895727,
    "sec_left": 0.7501527607440949,
    "sec_back": 0.7968103325366974,
    "sec_right": 0.7468286152680715,
    "sec_upper": 0.6507728896538416,
    "sec_lower": 0.29708765909075735
  }
}