{
  "test": {
    "MAE": 0.9098144711388482,
    "MAE_plain": 0.7631724082099067,
    "RMSE": 1.4291500425715005,
    "AbsRel": 0.5745493258370293,
    "delta1": 0.4396051936679416,
    "SILog": 0.5848015965355767,
    "MAE_ffx": 0.8675973455111186,
    "mirror_better_rate": 0.28888888888888886,
    "mae_gain_if_mirrored": 0.013834380706151327,
    "MAE_low": 0.8709317043092516,
    "SHcoefL1": 0.35252452886352936,
    "sec_front": 0.9028162741661072,
    "sec_left": 0.9027409134970771,
    "sec_back": 0.9370208790567186,
    "sec_right": 0.8966798199547662,
    "sec_upper": 0.8004863760206434,
    "sec_lower": 0.3940232064326604
  },
  "mono": {
    "MAE": 0.9818420974413554,
    "MAE_plain": 0.814530827999115,
    "RMSE": 1.502024184157992,
    "AbsRel": 0.6697004029485915,
    "delta1": 0.41336288770039875,
    "SILog": 0.6290326021777259,
    "MAE_ffx": 0.9394471605618795,
    "mirror_better_rate": 0.5055555555555555,
    "mae_gain_if_mirrored": 0.02134977911081579,
    "MAE_low": 0.9432121165593466,
    "SHcoefL1": 0.3717794964628087,
    "sec_front": 0.9381170010566712,
    "sec_left": 0.9989653362168206,
    "sec_back": 0.9663962976137797,
    "sec_right": 1.0238897461361356,
    "sec_upper": 0.8351019775867462,
    "sec_lower": 0.41840379264619615
  },
  "shuffle": {
    "MAE": 1.1085846376419068,
    "MAE_plain": 0.912883816825019,
    "RMSE": 1.6538665189141335,
    "AbsRel": 0.7695061568419138,
    "delta1": 0.36867639342943825,
    "SILog": 0.7202537642584906,
    "MAE_ffx": 1.0643284826808506,
    "mirror_better_rate": 0.49277777777777776,
    "mae_gain_if_mirrored": 0.04288202593723933,
    "MAE_low": 1.0709220918019613,
    "SHcoefL1": 0.3988809217636784,
    "sec_front": 1.11331221792433,
    "sec_left": 1.101125177277459,
    "sec_back": 1.0881959697935317,
    "sec_right": 1.131705222659641,
    "sec_upper": 0.933799565633138,
    "sec_lower": 0.4706195451153649
  },
  "swap": {
    "MAE": 1.061032887564765,
    "MAE_plain": 0.871418031056722,
    "RMSE": 1.600849859329636,
    "AbsRel": 0.7247884437772962,
    "delta1": 0.3900430309772491,
    "SILog": 0.6933682648340861,
    "MAE_ffx": 1.0175362300872803,
    "mirror_better_rate": 0.7177777777777777,
    "mae_gain_if_mirrored": 0.11712600409984589,
    "MAE_low": 1.0235634141498142,
    "SHcoefL1": 0.3833736678937243,
    "sec_front": 0.9736684438917372,
    "sec_left": 1.1149694649378459,
    "sec_back": 0.9993784435590108,
    "sec_right": 1.1561151960160998,
    "sec_upper": 0.874961953692966,
    "sec_lower": 0.45307423644595674
  }
}