{
  "test": {
    "MAE": 0.8821744378407796,
    "MAE_plain": 0.7438579026858012,
    "RMSE": 1.4397597749833402,
    "AbsRel": 0.47444061607122423,
    "delta1": 0.46192029426495235,
    "delta2": 0.6769247992833456,
    "delta3": 0.8040044812361399,
    "SILog": 0.5641458926598231,
    "MAE_ffx": 0.8377997122208277,
    "mirror_better_rate": 0.2433333408087492,
    "mae_gain_if_mirrored": 0.013855452769591162,
    "MAE_low": 0.8455817097425461,
    "SHcoefL1": 0.3508070886031621,
    "sec_front": 0.8871921070416768,
    "sec_left": 0.8649354537328084,
    "sec_back": 0.9147944072882335,
    "sec_right": 0.8617757872740428,
    "sec_upper": 0.7886541396379471,
    "sec_lower": 0.37956136604150137
  }
}