{
  "test": {
    "MAE": 0.9141029079755147,
    "MAE_plain": 0.7655134524901708,
    "RMSE": 1.4399346549316192,
    "AbsRel": 0.5667657421032588,
    "delta1": 0.43952568193276725,
    "SILog": 0.5835209975639979,
    "MAE_ffx": 0.8717375338077545,
    "mirror_better_rate": 0.3025000084936619,
    "mae_gain_if_mirrored": 0.018391444087028502,
    "MAE_low": 0.8761594078938166,
    "SHcoefL1": 0.3555661849760347,
    "sec_front": 0.9142289074261983,
    "sec_left": 0.9064331189791361,
    "sec_back": 0.9377000566323598,
    "sec_right": 0.8980495266119639,
    "sec_upper": 0.8003632722298304,
    "sec_lower": 0.3965593233704567
  }
}