{
  "test": {
    "MAE": 0.994433290163676,
    "MAE_plain": 0.8314434142907461,
    "RMSE": 1.5057586647261547,
    "AbsRel": 0.6799914499123891,
    "delta1": 0.4089204136530558,
    "SILog": 0.6373566206296285,
    "MAE_ffx": 0.9535588773091634,
    "mirror_better_rate": 0.34027778685092924,
    "mae_gain_if_mirrored": 0.02397836159914732,
    "MAE_low": 0.9537426567077637,
    "SHcoefL1": 0.38068883051267927,
    "sec_front": 0.9774153518676758,
    "sec_left": 1.0340434058507284,
    "sec_back": 1.0366402165095012,
    "sec_right": 0.9296341490745544,
    "sec_upper": 0.8710704803466797,
    "sec_lower": 0.4249306698640188
  },
  "mono": {
    "MAE": 1.2080593347549438,
    "MAE_plain": 0.978247496287028,
    "RMSE": 1.7658807132430088,
    "AbsRel": 0.9921783912181854,
    "delta1": 0.38464831948280337,
    "SILog": 0.7069853206475576,
    "MAE_ffx": 1.1741649961471559,
    "mirror_better_rate": 0.48944445888201393,
    "mae_gain_if_mirrored": 0.041719730248053866,
    "MAE_low": 1.1674972931543985,
    "SHcoefL1": 0.4718513195340832,
    "sec_front": 1.0627815548578898,
    "sec_left": 1.257992414633433,
    "sec_back": 1.0885797794659933,
    "sec_right": 1.4228835614522297,
    "sec_upper": 0.9478230653206507,
    "sec_lower": 0.46002944231033327
  },
  "shuffle": {
    "MAE": 1.1335229277610779,
    "MAE_plain": 0.9344133687019348,
    "RMSE": 1.6665080868873288,
    "AbsRel": 0.8071176032225291,
    "delta1": 0.36203701893488566,
    "SILog": 0.7211704456806183,
    "MAE_ffx": 1.0917653640111287,
    "mirror_better_rate": 0.4947222395737966,
    "mae_gain_if_mirrored": 0.04740924840172132,
    "MAE_low": 1.0937654368082683,
    "SHcoefL1": 0.4135764845853878,
    "sec_front": 1.1015140906969707,
    "sec_left": 1.1145045924186707,
    "sec_back": 1.1397733783721924,
    "sec_right": 1.1782996662457783,
    "sec_upper": 0.9587524684270223,
    "sec_lower": 0.4681048448880514
  },
  "swap": {
    "MAE": 1.1058498907089234,
    "MAE_plain": 0.9105247962474823,
    "RMSE": 1.6313768611010133,
    "AbsRel": 0.7929787278175354,
    "delta1": 0.3749219246705373,
    "SILog": 0.7013440632820129,
    "MAE_ffx": 1.0646550218264261,
    "mirror_better_rate": 0.6397222419579823,
    "mae_gain_if_mirrored": 0.08784929687778155,
    "MAE_low": 1.0658482170104981,
    "SHcoefL1": 0.40750270023528073,
    "sec_front": 1.030137357711792,
    "sec_left": 1.1153543869654337,
    "sec_back": 1.084010218779246,
    "sec_right": 1.193897570768992,
    "sec_upper": 0.9251446509361267,
    "sec_lower": 0.4590697348117828
  }
}