{
  "test": {
    "MAE": 0.9123147797584533,
    "MAE_plain": 0.7678472759326299,
    "RMSE": 1.4174270767955588,
    "AbsRel": 0.5731741044918696,
    "delta1": 0.4426225165526072,
    "SILog": 0.5760790276527404,
    "MAE_ffx": 0.8710726122061412,
    "mirror_better_rate": 0.24861111829678217,
    "mae_gain_if_mirrored": 0.014473433965079796,
    "MAE_low": 0.8732222153743108,
    "SHcoefL1": 0.3522397575216989,
    "sec_front": 0.9302393080790837,
    "sec_left": 0.8820148553450903,
    "sec_back": 0.9483598252137502,
    "sec_right": 0.8886451486746471,
    "sec_upper": 0.8194773857792218,
    "sec_lower": 0.38926504731178285
  },
  "mono": {
    "MAE": 2.3474387590090435,
    "MAE_plain": 1.9413876485824586,
    "RMSE": 3.2904814756755734,
    "AbsRel": 1.998248609304428,
    "delta1": 0.26911974012851714,
    "SILog": 0.7959987914562225,
    "MAE_ffx": 2.344329001108805,
    "mirror_better_rate": 0.5058333466450373,
    "mae_gain_if_mirrored": 0.012801959255399804,
    "MAE_low": 2.323047834237417,
    "SHcoefL1": 0.7027814037352801,
    "sec_front": 2.1878129291534423,
    "sec_left": 2.5429381505648294,
    "sec_back": 1.9012181496620177,
    "sec_right": 2.757785840034485,
    "sec_upper": 2.1477529418468477,
    "sec_lower": 0.5679014631112417
  },
  "shuffle": {
    "MAE": 1.14337037841479,
    "MAE_plain": 0.939058222969373,
    "RMSE": 1.680706892687675,
    "AbsRel": 0.8048928626378378,
    "delta1": 0.3604134574532509,
    "SILog": 0.7318828682104747,
    "MAE_ffx": 1.1000072701772055,
    "mirror_better_rate": 0.4872222356001536,
    "mae_gain_if_mirrored": 0.05542044494301081,
    "MAE_low": 1.1056478615601857,
    "SHcoefL1": 0.4070554234128859,
    "sec_front": 1.1384426359335582,
    "sec_left": 1.1504218355814615,
    "sec_back": 1.114762061436971,
    "sec_right": 1.1698550077279408,
    "sec_upper": 0.9566265758872032,
    "sec_lower": 0.483258448044459
  },
  "swap": {
    "MAE": 1.1198534409205119,
    "MAE_plain": 0.9149746000766754,
    "RMSE": 1.6589124013227832,
    "AbsRel": 0.7701902635892233,
    "delta1": 0.37276532550652824,
    "SILog": 0.715401531457901,
    "MAE_ffx": 1.0767076134681701,
    "mirror_better_rate": 0.7602777967850367,
    "mae_gain_if_mirrored": 0.16020028630892436,
    "MAE_low": 1.0826936638355256,
    "SHcoefL1": 0.3930686105684274,
    "sec_front": 1.027922457853953,
    "sec_left": 1.2081216712792715,
    "sec_back": 1.0348828764756521,
    "sec_right": 1.2084867572784423,
    "sec_upper": 0.9110428641239802,
    "sec_lower": 0.4689960403243701,
    "swap_mirror_consistency": 0.2188224402886809
  }
}