{
  "test": {
    "MAE": 0.9630450187789069,
    "MAE_plain": 0.8084088508288065,
    "RMSE": 1.468759995846283,
    "AbsRel": 0.6213351564937167,
    "delta1": 0.41074465486738415,
    "SILog": 0.6074944681591458,
    "MAE_ffx": 0.9203291858567132,
    "mirror_better_rate": 0.31416666666666665,
    "mae_gain_if_mirrored": 0.01868592672049999,
    "MAE_low": 0.9244805298911201,
    "SHcoefL1": 0.36164653981725375,
    "sec_front": 0.9847739990552267,
    "sec_left": 0.9280537101957533,
    "sec_back": 1.0043592593404982,
    "sec_right": 0.9349930946032207,
    "sec_upper": 0.8610038993093703,
    "sec_lower": 0.40863162808948095
  },
  "mono": {
    "MAE": 1.7275513044993083,
    "MAE_plain": 1.406855076683892,
    "RMSE": 2.508457478162741,
    "AbsRel": 1.3216696495480007,
    "delta1": 0.2844199376636081,
    "SILog": 0.9194188253084818,
    "MAE_ffx": 1.7000492106543648,
    "mirror_better_rate": 0.5075,
    "mae_gain_if_mirrored": 0.023685240985618698,
    "MAE_low": 1.6913549942440458,
    "SHcoefL1": 0.643474303326673,
    "sec_front": 1.4009762790468003,
    "sec_left": 2.0301535341474746,
    "sec_back": 1.4320094463560316,
    "sec_right": 2.0470659748713174,
    "sec_upper": 1.6330801796913148,
    "sec_lower": 0.5697376843293508
  },
  "shuffle": {
    "MAE": 1.1278675662146673,
    "MAE_plain": 0.9307706316312154,
    "RMSE": 1.6607010093972434,
    "AbsRel": 0.7833984606795841,
    "delta1": 0.3590293488237593,
    "SILog": 0.7186453016599019,
    "MAE_ffx": 1.0833490210109287,
    "mirror_better_rate": 0.4925,
    "mae_gain_if_mirrored": 0.05614253030055099,
    "MAE_low": 1.0905534884664747,
    "SHcoefL1": 0.4002547608295249,
    "sec_front": 1.113282150162591,
    "sec_left": 1.1415988614824084,
    "sec_back": 1.0969444057676527,
    "sec_right": 1.1596448347303603,
    "sec_upper": 0.9614516933759053,
    "sec_lower": 0.4729016806019677
  },
  "swap": {
    "MAE": 1.1349190860324436,
    "MAE_plain": 0.9343662073877123,
    "RMSE": 1.6903228308072176,
    "AbsRel": 0.7445937980545891,
    "delta1": 0.35180128865771826,
    "SILog": 0.7303039691183302,
    "MAE_ffx": 1.0894190470377605,
    "mirror_better_rate": 0.6819444444444445,
    "mae_gain_if_mirrored": 0.1265953392949369,
    "MAE_low": 1.0992567210727269,
    "SHcoefL1": 0.39998757283306785,
    "sec_front": 1.0638594778378805,
    "sec_left": 1.1937355094485813,
    "sec_back": 1.0811706511179606,
    "sec_right": 1.2009107234742906,
    "sec_upper": 0.9436376456419627,
    "sec_lower": 0.48030380898051794
  }
}