{
  "test": {
    "MAE": 0.9228437769412995,
    "MAE_plain": 0.7748161719242732,
    "RMSE": 1.4454061119120074,
    "AbsRel": 0.550080519914627,
    "delta1": 0.43442098240057625,
    "SILog": 0.5865957097212473,
    "MAE_ffx": 0.8811041613419851,
    "mirror_better_rate": 0.2522222303350766,
    "mae_gain_if_mirrored": 0.014616598864474023,
    "MAE_low": 0.8851878494024277,
    "SHcoefL1": 0.35722609135425754,
    "sec_front": 0.9336049318313598,
    "sec_left": 0.8918444470564524,
    "sec_back": 0.9644811081886292,
    "sec_right": 0.9014446004231771,
    "sec_upper": 0.8279518701632818,
    "sec_lower": 0.3938380534450213
  },
  "mono": {
    "MAE": 1.1799093274275463,
    "MAE_plain": 0.9796494861443837,
    "RMSE": 1.7368668847564923,
    "AbsRel": 0.8501266745726267,
    "delta1": 0.3579655374089877,
    "SILog": 0.6945818763971329,
    "MAE_ffx": 1.1414377570152283,
    "mirror_better_rate": 0.4930555691321691,
    "mae_gain_if_mirrored": 0.00902200248480464,
    "MAE_low": 1.1448108454545338,
    "SHcoefL1": 0.44268460454419256,
    "sec_front": 1.0504273517926535,
    "sec_left": 1.2973723872502645,
    "sec_back": 1.0710470791657765,
    "sec_right": 1.3007905213038127,
    "sec_upper": 0.9868048165241877,
    "sec_lower": 0.5150194129347802
  },
  "left": {
    "MAE": 1.174982919295629,
    "MAE_plain": 0.9875588754812876,
    "RMSE": 1.708163634755403,
    "AbsRel": 0.8422584148248037,
    "delta1": 0.35095982750256854,
    "SILog": 0.7060598244269689,
    "MAE_ffx": 1.134152609904607,
    "mirror_better_rate": 0.5105555701255798,
    "mae_gain_if_mirrored": 0.007900826857270052,
    "MAE_low": 1.1393333248297373,
    "SHcoefL1": 0.431659399215132,
    "sec_front": 1.0855828523635864,
    "sec_left": 1.2844027006626129,
    "sec_back": 1.0883838335673015,
    "sec_right": 1.2415622786680858,
    "sec_upper": 1.0163067096471787,
    "sec_lower": 0.5323506640394529
  },
  "right": {
    "MAE": 1.1768353390693664,
    "MAE_plain": 0.988366558154424,
    "RMSE": 1.724400758326274,
    "AbsRel": 0.840348117351532,
    "delta1": 0.35309447089831036,
    "SILog": 0.7008741949001948,
    "MAE_ffx": 1.1357691860198975,
    "mirror_better_rate": 0.4769444561004639,
    "mae_gain_if_mirrored": 0.007379776526552935,
    "MAE_low": 1.141481695175171,
    "SHcoefL1": 0.4346747874468565,
    "sec_front": 1.0732965207099914,
    "sec_left": 1.2585560874144237,
    "sec_back": 1.0812090945243835,
    "sec_right": 1.2942796385288238,
    "sec_upper": 1.0174183505773544,
    "sec_lower": 0.5261636791626613
  },
  "shuffle": {
    "MAE": 1.1457788276672363,
    "MAE_plain": 0.9404813404877981,
    "RMSE": 1.6964870078386132,
    "AbsRel": 0.778294356862704,
    "delta1": 0.35577903270721434,
    "SILog": 0.74251289387544,
    "MAE_ffx": 1.1018108598391214,
    "mirror_better_rate": 0.48638890345891317,
    "mae_gain_if_mirrored": 0.05787438221275806,
    "MAE_low": 1.108958756128947,
    "SHcoefL1": 0.40723037777675525,
    "sec_front": 1.1406420497099559,
    "sec_left": 1.156266574462255,
    "sec_back": 1.1234048064549764,
    "sec_right": 1.1628018844127654,
    "sec_upper": 0.965621598760287,
    "sec_lower": 0.4851094822088877
  },
  "swap": {
    "MAE": 1.1291321873664857,
    "MAE_plain": 0.9226507459084193,
    "RMSE": 1.666799007253067,
    "AbsRel": 0.7635188541809718,
    "delta1": 0.3638184744119644,
    "SILog": 0.7203896564245224,
    "MAE_ffx": 1.0859606631596883,
    "mirror_better_rate": 0.7397222427527109,
    "mae_gain_if_mirrored": 0.14133536770939828,
    "MAE_low": 1.0922190006573995,
    "SHcoefL1": 0.39712404357476366,
    "sec_front": 1.048265024026235,
    "sec_left": 1.208757465283076,
    "sec_back": 1.0589876357714336,
    "sec_right": 1.200518641869227,
    "sec_upper": 0.9285899125536283,
    "sec_lower": 0.4733300875624021,
    "swap_mirror_consistency": 0.3687067966267175
  }
}