{
  "test": {
    "MAE": 0.9154677449332344,
    "MAE_plain": 0.7663884001308018,
    "RMSE": 1.4836850710777372,
    "AbsRel": 0.511991653309928,
    "delta1": 0.4530430089102851,
    "SILog": 0.6032996228006151,
    "MAE_ffx": 0.8735218551423815,
    "mirror_better_rate": 0.27055555555555555,
    "mae_gain_if_mirrored": 0.019385644781092802,
    "MAE_low": 0.8782681639989217,
    "SHcoefL1": 0.3641316613161729,
    "sec_front": 0.9157055807113648,
    "sec_left": 0.9094470704926385,
    "sec_back": 0.9466432989968194,
    "sec_right": 0.8900750364197625,
    "sec_upper": 0.8021029847198062,
    "sec_lower": 0.3933953326278263
  }
}