{
  "test": {
    "MAE": 0.9086893802218967,
    "MAE_plain": 0.7639789430300394,
    "RMSE": 1.4439103470271213,
    "AbsRel": 0.5421114903026157,
    "delta1": 0.4469333717558119,
    "SILog": 0.5917148676183489,
    "MAE_ffx": 0.8661479616165161,
    "mirror_better_rate": 0.2772222222222222,
    "mae_gain_if_mirrored": 0.017103028818964958,
    "MAE_low": 0.8713235041830275,
    "SHcoefL1": 0.35564417714873947,
    "sec_front": 0.9121170587009854,
    "sec_left": 0.8959270450803969,
    "sec_back": 0.9359744628270467,
    "sec_right": 0.8907389529546101,
    "sec_upper": 0.809058609008789,
    "sec_lower": 0.394873657491472
  },
  "mono": {
    "MAE": 1.0723789914449056,
    "MAE_plain": 0.8851245583428277,
    "RMSE": 1.6266151727487685,
    "AbsRel": 0.7555904059939914,
    "delta1": 0.39814582347869876,
    "SILog": 0.6714119384023878,
    "MAE_ffx": 1.0339890779389276,
    "mirror_better_rate": 0.5022222222222222,
    "mae_gain_if_mirrored": 0.012603284509645568,
    "MAE_low": 1.0360532191064622,
    "SHcoefL1": 0.40983208705567653,
    "sec_front": 1.0290240065256755,
    "sec_left": 1.1182210824224683,
    "sec_back": 1.0225541326734755,
    "sec_right": 1.1197167513105604,
    "sec_upper": 0.8865938950909509,
    "sec_lower": 0.44104633000161914
  },
  "shuffle": {
    "MAE": 1.1433248864279852,
    "MAE_plain": 0.9386882159445021,
    "RMSE": 1.7029467942233043,
    "AbsRel": 0.7680056699117025,
    "delta1": 0.35959216515223186,
    "SILog": 0.7506162479188707,
    "MAE_ffx": 1.0982687573962742,
    "mirror_better_rate": 0.4891666666666667,
    "mae_gain_if_mirrored": 0.05546862828234832,
    "MAE_low": 1.107075981563992,
    "SHcoefL1": 0.4103752311463985,
    "sec_front": 1.1517770528793334,
    "sec_left": 1.1421757200029161,
    "sec_back": 1.1170767243703206,
    "sec_right": 1.1622700537575616,
    "sec_upper": 0.9576707331339518,
    "sec_lower": 0.4889593458175659
  },
  "swap": {
    "MAE": 1.0994705181651645,
    "MAE_plain": 0.900339953104655,
    "RMSE": 1.658862614462027,
    "AbsRel": 0.7218237568272484,
    "delta1": 0.3796591726938883,
    "SILog": 0.7238655662536622,
    "MAE_ffx": 1.0551147360271877,
    "mirror_better_rate": 0.7316666666666667,
    "mae_gain_if_mirrored": 0.15259566676285533,
    "MAE_low": 1.0636992083655463,
    "SHcoefL1": 0.39359590688513385,
    "sec_front": 1.0001113947232565,
    "sec_left": 1.1824746799468995,
    "sec_back": 1.0187459182739258,
    "sec_right": 1.1965500889884102,
    "sec_upper": 0.9020932979053922,
    "sec_lower": 0.46879540350702076
  }
}