{
  "test": {
    "MAE": 0.9156931559244792,
    "MAE_plain": 0.7669191664457321,
    "RMSE": 1.468908178887071,
    "AbsRel": 0.49517477333545684,
    "delta1": 0.4334075452884038,
    "SILog": 0.5832865118980408,
    "MAE_ffx": 0.8725612755616506,
    "mirror_better_rate": 0.2736111190418402,
    "mae_gain_if_mirrored": 0.015335357409591476,
    "MAE_low": 0.8791105270385742,
    "SHcoefL1": 0.35811813622299166,
    "sec_front": 0.926747952302297,
    "sec_left": 0.8925002080202102,
    "sec_back": 0.9418424860636393,
    "sec_right": 0.901681999762853,
    "sec_upper": 0.8034855531652768,
    "sec_lower": 0.3928282987078031
  }
}