{
  "test": {
    "MAE": 0.8835698747634888,
    "MAE_plain": 0.7431082993745803,
    "RMSE": 1.4160964877552964,
    "AbsRel": 0.508682709534963,
    "delta1": 0.4559642061591148,
    "delta2": 0.6759359798828761,
    "delta3": 0.8038960417111715,
    "SILog": 0.5619622838497161,
    "MAE_ffx": 0.8404218804836273,
    "mirror_better_rate": 0.25500000720222793,
    "mae_gain_if_mirrored": 0.013363496953776727,
    "MAE_low": 0.84590815782547,
    "SHcoefL1": 0.3487577314943903,
    "sec_front": 0.882569763859113,
    "sec_left": 0.8654366646210353,
    "sec_back": 0.9196898812055587,
    "sec_right": 0.8665832128127416,
    "sec_upper": 0.7895810955762863,
    "sec_lower": 0.3817749999960264
  }
}