{
  "test": {
    "MAE": 0.8924625831842422,
    "MAE_plain": 0.7503848926226298,
    "RMSE": 1.4374798519840915,
    "AbsRel": 0.5039446981747945,
    "delta1": 0.4540186647574107,
    "SILog": 0.5727113878726959,
    "MAE_ffx": 0.8492652837435405,
    "mirror_better_rate": 0.25527778521180156,
    "mae_gain_if_mirrored": 0.014300527721788968,
    "MAE_low": 0.8554198716084163,
    "SHcoefL1": 0.353114102454856,
    "sec_front": 0.8997392016649246,
    "sec_left": 0.8744731613000234,
    "sec_back": 0.9261545272668202,
    "sec_right": 0.8694834222396215,
    "sec_upper": 0.7917395810286204,
    "sec_lower": 0.38588034808635713
  }
}