{
  "test": {
    "MAE": 0.968882032500373,
    "MAE_plain": 0.8119417463408576,
    "RMSE": 1.5034367987632957,
    "AbsRel": 0.6373878317409092,
    "delta1": 0.4177617547247145,
    "SILog": 0.625755324628618,
    "MAE_ffx": 0.9267915503184001,
    "mirror_better_rate": 0.31444444444444447,
    "mae_gain_if_mirrored": 0.02016658977501922,
    "MAE_low": 0.9300292343563503,
    "SHcoefL1": 0.37751801516446803,
    "sec_front": 0.9597386919127571,
    "sec_left": 0.9940977432992724,
    "sec_back": 1.015176395310296,
    "sec_right": 0.9065152764320373,
    "sec_upper": 0.8567167581452264,
    "sec_lower": 0.42037918143802216
  },
  "mono": {
    "MAE": 1.2371554968092178,
    "MAE_plain": 1.0432275427712334,
    "RMSE": 1.8653044882427017,
    "AbsRel": 0.934740776485867,
    "delta1": 0.3631085525618659,
    "SILog": 0.722975619898902,
    "MAE_ffx": 1.200096633169386,
    "mirror_better_rate": 0.5030555555555556,
    "mae_gain_if_mirrored": 0.06682821075121562,
    "MAE_low": 1.2003484699461195,
    "SHcoefL1": 0.5073008062649105,
    "sec_front": 1.1477271106508042,
    "sec_left": 1.1345432731840346,
    "sec_back": 1.0702034786012438,
    "sec_right": 1.5961481385760836,
    "sec_upper": 1.0704588754971822,
    "sec_lower": 0.45939156505796647
  },
  "shuffle": {
    "MAE": 1.131953788863288,
    "MAE_plain": 0.9322160855929057,
    "RMSE": 1.6917042958990611,
    "AbsRel": 0.7844610810279846,
    "delta1": 0.3620917350716061,
    "SILog": 0.7213354155752394,
    "MAE_ffx": 1.087979166507721,
    "mirror_better_rate": 0.4897222222222222,
    "mae_gain_if_mirrored": 0.04865787766045994,
    "MAE_low": 1.0941613332430522,
    "SHcoefL1": 0.41739401143458155,
    "sec_front": 1.1302465425597297,
    "sec_left": 1.0901903915405273,
    "sec_back": 1.1214343563715616,
    "sec_right": 1.1859438689549764,
    "sec_upper": 0.9557399021254646,
    "sec_lower": 0.4706371863683065
  },
  "swap": {
    "MAE": 1.0923615837097167,
    "MAE_plain": 0.8993593864970737,
    "RMSE": 1.645116715994381,
    "AbsRel": 0.7541345602936215,
    "delta1": 0.3793565571308136,
    "SILog": 0.6993515385521782,
    "MAE_ffx": 1.0489185672336154,
    "mirror_better_rate": 0.6894444444444444,
    "mae_gain_if_mirrored": 0.10428350084357792,
    "MAE_low": 1.0549514479107327,
    "SHcoefL1": 0.40508090823474857,
    "sec_front": 1.0083915689256455,
    "sec_left": 1.1112982500924005,
    "sec_back": 1.058673723273807,
    "sec_right": 1.1910827774471706,
    "sec_upper": 0.9144976682133145,
    "sec_lower": 0.45791400922669306
  }
}