{
  "test": {
    "MAE": 0.910878168741862,
    "MAE_plain": 0.7648797965049744,
    "RMSE": 1.4326634441859885,
    "AbsRel": 0.5455722145239512,
    "delta1": 0.4374870947996775,
    "SILog": 0.5812388745943705,
    "MAE_ffx": 0.8698914790153504,
    "mirror_better_rate": 0.27027778486410775,
    "mae_gain_if_mirrored": 0.015800919927035768,
    "MAE_low": 0.872437235514323,
    "SHcoefL1": 0.3525480835098359,
    "sec_front": 0.9155595215161642,
    "sec_left": 0.8822977383931477,
    "sec_back": 0.9437963914871216,
    "sec_right": 0.901858993768692,
    "sec_upper": 0.809026476740837,
    "sec_lower": 0.3900519611438115
  }
}