{
  "run": "F_champion_s2",
  "MAE": 0.9037591993808747,
  "MAE_plain": 0.7658024170001347,
  "RMSE": 1.435060974827563,
  "AbsRel": 0.5214869960149129,
  "delta1": 0.4448803714911143,
  "delta2": 0.6691223476330439,
  "delta3": 0.7984092863400777,
  "SILog": 0.5779152981440226,
  "MAE_ffx": 0.860605540672938,
  "mirror_better_rate": 0.26861111871898175,
  "mae_gain_if_mirrored": 0.014765945145045407,
  "MAE_low": 0.8665792892376581,
  "SHcoefL1": 0.35572429997846483,
  "sec_front": 0.9124830830097198,
  "sec_left": 0.8858108268181483,
  "sec_back": 0.9357938826084137,
  "sec_right": 0.8809489927689235,
  "sec_upper": 0.8231167204181353,
  "sec_lower": 0.3854674511154493
}