{
  "test": {
    "MAE": 0.9099575123522017,
    "MAE_plain": 0.7655714778105418,
    "RMSE": 1.4451876893226512,
    "AbsRel": 0.4970118780268563,
    "delta1": 0.441411963502566,
    "SILog": 0.5744022264745501,
    "MAE_ffx": 0.8665134871006012,
    "mirror_better_rate": 0.2638888888888889,
    "mae_gain_if_mirrored": 0.01536393340677023,
    "MAE_low": 0.8716068549950917,
    "SHcoefL1": 0.3563955190467338,
    "sec_front": 0.9270183024141524,
    "sec_left": 0.8824383656183878,
    "sec_back": 0.9416889046298133,
    "sec_right": 0.8886844672097101,
    "sec_upper": 0.8178961911797523,
    "sec_lower": 0.38593686173359554
  }
}