{
  "test": {
    "MAE": 0.8805760075648625,
    "MAE_plain": 0.7401366647084554,
    "RMSE": 1.4110863269315386,
    "AbsRel": 0.513402259349823,
    "delta1": 0.4590437316894531,
    "delta2": 0.6785607250531515,
    "delta3": 0.8057431876659393,
    "SILog": 0.5654911200205485,
    "MAE_ffx": 0.8375708880027135,
    "mirror_better_rate": 0.2541666741917531,
    "mae_gain_if_mirrored": 0.013826370226840178,
    "MAE_low": 0.8423871807257335,
    "SHcoefL1": 0.34701054520077174,
    "sec_front": 0.8784407295783361,
    "sec_left": 0.8626374971866607,
    "sec_back": 0.9163858069976171,
    "sec_right": 0.8648400004704794,
    "sec_upper": 0.7823290100693703,
    "sec_lower": 0.38187370558579764
  }
}