{
  "test": {
    "MAE": 0.9304864958922068,
    "MAE_plain": 0.7830810105800629,
    "RMSE": 1.448772953341917,
    "AbsRel": 0.5797524152861702,
    "delta1": 0.43826388875643413,
    "SILog": 0.5871673243575626,
    "MAE_ffx": 0.8886168756749895,
    "mirror_better_rate": 0.2791666666666667,
    "mae_gain_if_mirrored": 0.015847540290819275,
    "MAE_low": 0.8925764559374916,
    "SHcoefL1": 0.3610424870128433,
    "sec_front": 0.9509163012769487,
    "sec_left": 0.9022770792908139,
    "sec_back": 0.970855849451489,
    "sec_right": 0.897896756860945,
    "sec_upper": 0.8325520153509246,
    "sec_lower": 0.3981497448682785
  }
}