{
  "test": {
    "MAE": 0.8859598630666733,
    "MAE_plain": 0.7443986453612645,
    "RMSE": 1.4132595076625583,
    "AbsRel": 0.5305971711874008,
    "delta1": 0.45630513072013856,
    "delta2": 0.6739491677284241,
    "delta3": 0.8024015827973684,
    "SILog": 0.5641126165787379,
    "MAE_ffx": 0.8431526949008306,
    "mirror_better_rate": 0.2613888965547085,
    "mae_gain_if_mirrored": 0.015817004114602847,
    "MAE_low": 0.8483303252855937,
    "SHcoefL1": 0.3491453249193728,
    "sec_front": 0.8874627190828324,
    "sec_left": 0.8714338763554891,
    "sec_back": 0.9167056945959727,
    "sec_right": 0.868237163623174,
    "sec_upper": 0.784996540248394,
    "sec_lower": 0.3850564686457316
  }
}