{
  "test": {
    "MAE": 0.9713039088249207,
    "MAE_plain": 0.8088168187936147,
    "RMSE": 1.4694822193341466,
    "AbsRel": 0.6463636859258016,
    "delta1": 0.40607272744178774,
    "SILog": 0.615702756245931,
    "MAE_ffx": 0.9308050847053528,
    "mirror_better_rate": 0.5066666833559672,
    "mae_gain_if_mirrored": 0.0031146321166306734,
    "MAE_low": 0.932794205347697,
    "SHcoefL1": 0.3640792920750876,
    "sec_front": 0.9389780577023824,
    "sec_left": 0.9925985368092854,
    "sec_back": 0.9663511697451274,
    "sec_right": 0.9872878742218018,
    "sec_upper": 0.8386140994230906,
    "sec_lower": 0.41525953034559887
  },
  "mono": {
    "MAE": 1.792122033437093,
    "MAE_plain": 1.5529771900177003,
    "RMSE": 2.341459895342486,
    "AbsRel": 1.535157735347748,
    "delta1": 0.21366884618997573,
    "SILog": 0.7947807431221008,
    "MAE_ffx": 1.7642166201273601,
    "mirror_better_rate": 0.4997222371896108,
    "mae_gain_if_mirrored": 0.003065382846010228,
    "MAE_low": 1.7625527636210123,
    "SHcoefL1": 0.528920577213996,
    "sec_front": 2.145500507354736,
    "sec_left": 1.9211507081985473,
    "sec_back": 1.2311517699559529,
    "sec_right": 1.8706851037343344,
    "sec_upper": 1.6627398045857746,
    "sec_lower": 0.8688587236404419
  },
  "shuffle": {
    "MAE": 1.109831400712331,
    "MAE_plain": 0.9138775130112966,
    "RMSE": 1.6337834431208804,
    "AbsRel": 0.7798229642709096,
    "delta1": 0.3631062571207682,
    "SILog": 0.7057984161376953,
    "MAE_ffx": 1.0677075107892355,
    "mirror_better_rate": 0.5113889046510061,
    "mae_gain_if_mirrored": 0.003041727342642844,
    "MAE_low": 1.0722837289174398,
    "SHcoefL1": 0.395894892093622,
    "sec_front": 1.1131499115626018,
    "sec_left": 1.1104903062184652,
    "sec_back": 1.1036571963628132,
    "sec_right": 1.1120281537373862,
    "sec_upper": 0.931973952849706,
    "sec_lower": 0.4686555997530619
  },
  "swap": {
    "MAE": 0.9719550999005636,
    "MAE_plain": 0.8099659283955892,
    "RMSE": 1.4732280100004214,
    "AbsRel": 0.642405979235967,
    "delta1": 0.40535046219825743,
    "SILog": 0.6160445646444956,
    "MAE_ffx": 0.9313254801432291,
    "mirror_better_rate": 0.5072222379843394,
    "mae_gain_if_mirrored": 0.0030976646036530533,
    "MAE_low": 0.9335679841041565,
    "SHcoefL1": 0.36461418577366406,
    "sec_front": 0.9412002976735433,
    "sec_left": 0.9843228387832642,
    "sec_back": 0.9666794347763061,
    "sec_right": 0.9956177727381388,
    "sec_upper": 0.8410582687457403,
    "sec_lower": 0.41544205546379087
  }
}