{
  "test": {
    "MAE": 0.9000351440906524,
    "MAE_plain": 0.7540858616431554,
    "RMSE": 1.4108641551288637,
    "AbsRel": 0.5798536884784699,
    "delta1": 0.46119087100028994,
    "SILog": 0.5770668961604436,
    "MAE_ffx": 0.8616226492325465,
    "mirror_better_rate": 0.2447222301363945,
    "mae_gain_if_mirrored": 0.015640555042676474,
    "MAE_low": 0.8612216444810231,
    "SHcoefL1": 0.3515583771560341,
    "sec_front": 0.9009491596619288,
    "sec_left": 0.8732397643725077,
    "sec_back": 0.938440263470014,
    "sec_right": 0.8875113707780838,
    "sec_upper": 0.7927795747915903,
    "sec_lower": 0.3853108795483907
  }
}