{
  "test": {
    "MAE": 0.9583704431851705,
    "MAE_plain": 0.8040530700153775,
    "RMSE": 1.4836311338095576,
    "AbsRel": 0.6137586802906461,
    "delta1": 0.41324181768629287,
    "SILog": 0.6155513911777073,
    "MAE_ffx": 0.9152110295825534,
    "mirror_better_rate": 0.3063888888888889,
    "mae_gain_if_mirrored": 0.017564947282274566,
    "MAE_low": 0.9194524929258558,
    "SHcoefL1": 0.37153752407472995,
    "sec_front": 0.9579236197471619,
    "sec_left": 0.9803701798121135,
    "sec_back": 0.9963533382945591,
    "sec_right": 0.8988345895873175,
    "sec_upper": 0.8477025612195332,
    "sec_lower": 0.4184254770146476
  },
  "mono": {
    "MAE": 1.0726617980003357,
    "MAE_plain": 0.8853018683857388,
    "RMSE": 1.5994732989924585,
    "AbsRel": 0.7787782047854529,
    "delta1": 0.3909061816003587,
    "SILog": 0.6690027826362186,
    "MAE_ffx": 1.0332745809025234,
    "mirror_better_rate": 0.5094444444444445,
    "mae_gain_if_mirrored": 0.039762243347035514,
    "MAE_low": 1.03300568262736,
    "SHcoefL1": 0.41345747536462213,
    "sec_front": 0.9935455589824252,
    "sec_left": 1.064109529654185,
    "sec_back": 1.0415994026925828,
    "sec_right": 1.1913926892810398,
    "sec_upper": 0.8896766466564602,
    "sec_lower": 0.44916447983847724
  },
  "shuffle": {
    "MAE": 1.1102652883529662,
    "MAE_plain": 0.9161004140641954,
    "RMSE": 1.6582747539163636,
    "AbsRel": 0.7572595477104187,
    "delta1": 0.3627915750609504,
    "SILog": 0.7117735494507683,
    "MAE_ffx": 1.0654708404011197,
    "mirror_better_rate": 0.495,
    "mae_gain_if_mirrored": 0.04342819755276044,
    "MAE_low": 1.0722169889344109,
    "SHcoefL1": 0.40655491759172746,
    "sec_front": 1.115461843808492,
    "sec_left": 1.0855172687106662,
    "sec_back": 1.0878866227467854,
    "sec_right": 1.1521953688727484,
    "sec_upper": 0.938155353334215,
    "sec_lower": 0.46898168365160625
  },
  "swap": {
    "MAE": 1.0827071536911859,
    "MAE_plain": 0.8919645746548971,
    "RMSE": 1.6248330701516864,
    "AbsRel": 0.7347831666469574,
    "delta1": 0.3750753790802426,
    "SILog": 0.6969613655408223,
    "MAE_ffx": 1.0382614350318908,
    "mirror_better_rate": 0.6919444444444445,
    "mae_gain_if_mirrored": 0.10238592098156611,
    "MAE_low": 1.0451621651649474,
    "SHcoefL1": 0.39778519563790826,
    "sec_front": 1.004501167403327,
    "sec_left": 1.1084999794430204,
    "sec_back": 1.0511944601270888,
    "sec_right": 1.1666330173280504,
    "sec_upper": 0.9047646103964911,
    "sec_lower": 0.4605226251814101
  }
}