{
  "test": {
    "MAE": 0.9426244701279535,
    "MAE_plain": 0.7911394246419271,
    "RMSE": 1.4675114192993932,
    "AbsRel": 0.5792485932509105,
    "delta1": 0.42391161441802977,
    "SILog": 0.6025581480397119,
    "MAE_ffx": 0.8996725567181905,
    "mirror_better_rate": 0.3022222222222222,
    "mae_gain_if_mirrored": 0.017670495183103613,
    "MAE_low": 0.9054476743274265,
    "SHcoefL1": 0.36310925606017314,
    "sec_front": 0.9558206944995457,
    "sec_left": 0.9246915976206461,
    "sec_back": 0.9720600959989759,
    "sec_right": 0.9179255021942987,
    "sec_upper": 0.8334109969933827,
    "sec_lower": 0.4043045108848148
  },
  "mono": {
    "MAE": 1.0681179759237502,
    "MAE_plain": 0.8905592052141825,
    "RMSE": 1.6324783829759846,
    "AbsRel": 0.6650001160303751,
    "delta1": 0.37593433909946017,
    "SILog": 0.6871396896574232,
    "MAE_ffx": 1.023947816689809,
    "mirror_better_rate": 0.4911111111111111,
    "mae_gain_if_mirrored": 0.022365441181593473,
    "MAE_low": 1.0329574675030178,
    "SHcoefL1": 0.409092015205986,
    "sec_front": 1.0811186295085484,
    "sec_left": 1.073488872581058,
    "sec_back": 1.050989563730028,
    "sec_right": 1.0668748304578992,
    "sec_upper": 0.9290894528230031,
    "sec_lower": 0.4462980943255954
  },
  "shuffle": {
    "MAE": 1.1145731009377373,
    "MAE_plain": 0.9197293625937568,
    "RMSE": 1.662608149719701,
    "AbsRel": 0.752947543197208,
    "delta1": 0.364973435137007,
    "SILog": 0.7197029259469774,
    "MAE_ffx": 1.0699667382240294,
    "mirror_better_rate": 0.49583333333333335,
    "mae_gain_if_mirrored": 0.05423451250625981,
    "MAE_low": 1.0781524462170071,
    "SHcoefL1": 0.40034663134978876,
    "sec_front": 1.1032575586107043,
    "sec_left": 1.1321895689434476,
    "sec_back": 1.0952355167600845,
    "sec_right": 1.127609748310513,
    "sec_upper": 0.9470142703586154,
    "sec_lower": 0.47215766615337795
  },
  "swap": {
    "MAE": 1.101826454533471,
    "MAE_plain": 0.9051057280434502,
    "RMSE": 1.645329914237135,
    "AbsRel": 0.7422061818175846,
    "delta1": 0.3720931551191542,
    "SILog": 0.7152549062834845,
    "MAE_ffx": 1.0575677087571886,
    "mirror_better_rate": 0.6891666666666667,
    "mae_gain_if_mirrored": 0.13084160550600954,
    "MAE_low": 1.0658316689067417,
    "SHcoefL1": 0.39279831999085013,
    "sec_front": 1.028975203567081,
    "sec_left": 1.1744731193118625,
    "sec_back": 1.0379753340615168,
    "sec_right": 1.1658821678161622,
    "sec_upper": 0.910005150768492,
    "sec_lower": 0.46869249913427563
  }
}