{
  "test": {
    "MAE": 0.9106585417853461,
    "MAE_plain": 0.7636723242865668,
    "RMSE": 1.4219933884105964,
    "AbsRel": 0.5813145090474022,
    "delta1": 0.4358383806546529,
    "SILog": 0.5787514232264624,
    "MAE_ffx": 0.8682561034626431,
    "mirror_better_rate": 0.2816666666666667,
    "mae_gain_if_mirrored": 0.014934817188315921,
    "MAE_low": 0.8726931394471062,
    "SHcoefL1": 0.3514552717655897,
    "sec_front": 0.9196883379088507,
    "sec_left": 0.8938791926701863,
    "sec_back": 0.940275042851766,
    "sec_right": 0.8887916172875299,
    "sec_upper": 0.8037628257274627,
    "sec_lower": 0.40027155452304414
  },
  "mono": {
    "MAE": 1.0665503991974725,
    "MAE_plain": 0.8816654011938307,
    "RMSE": 1.6266396931565645,
    "AbsRel": 0.7548020892673069,
    "delta1": 0.3981427861584557,
    "SILog": 0.6605041411187914,
    "MAE_ffx": 1.0277879399723477,
    "mirror_better_rate": 0.5025,
    "mae_gain_if_mirrored": 0.01286327893535296,
    "MAE_low": 1.030354360209571,
    "SHcoefL1": 0.4071546409837902,
    "sec_front": 1.0104581276575724,
    "sec_left": 1.1305240935749479,
    "sec_back": 1.0236875465181139,
    "sec_right": 1.1015318372514513,
    "sec_upper": 0.8847066969341701,
    "sec_lower": 0.4448323596848382
  },
  "shuffle": {
    "MAE": 1.1076235718197294,
    "MAE_plain": 0.910454346868727,
    "RMSE": 1.6438835678712707,
    "AbsRel": 0.7716152580579122,
    "delta1": 0.3659108613597022,
    "SILog": 0.7092374065187242,
    "MAE_ffx": 1.0631437985102337,
    "mirror_better_rate": 0.49722222222222223,
    "mae_gain_if_mirrored": 0.04896930844419532,
    "MAE_low": 1.0705481889512805,
    "SHcoefL1": 0.39742049797334605,
    "sec_front": 1.1102795934677123,
    "sec_left": 1.1072216611438328,
    "sec_back": 1.0893067524168227,
    "sec_right": 1.1236863014433118,
    "sec_upper": 0.9267646788226234,
    "sec_lower": 0.4785789505640666
  },
  "swap": {
    "MAE": 1.0788085179858737,
    "MAE_plain": 0.8833935817082723,
    "RMSE": 1.611886943899465,
    "AbsRel": 0.7432369009653728,
    "delta1": 0.37974206103218927,
    "SILog": 0.6925856086942884,
    "MAE_ffx": 1.0348295762803819,
    "mirror_better_rate": 0.7175,
    "mae_gain_if_mirrored": 0.1326278102894624,
    "MAE_low": 1.0421315028932359,
    "SHcoefL1": 0.38524912403689493,
    "sec_front": 0.9952497765753004,
    "sec_left": 1.1496466737323336,
    "sec_back": 1.0119741339153714,
    "sec_right": 1.1583634805679321,
    "sec_upper": 0.879288221862581,
    "sec_lower": 0.4668476759062873
  }
}