{
  "test": {
    "MAE": 0.9750851877530415,
    "MAE_plain": 0.8168147397041321,
    "RMSE": 1.5095188289043482,
    "AbsRel": 0.6311038525899252,
    "delta1": 0.4104131821791331,
    "SILog": 0.6288461299737295,
    "MAE_ffx": 0.9317541797955831,
    "mirror_better_rate": 0.32583334187666574,
    "mae_gain_if_mirrored": 0.018531472105532885,
    "MAE_low": 0.9367697890599569,
    "SHcoefL1": 0.379032489647054,
    "sec_front": 0.9683367776870727,
    "sec_left": 1.0038020690282186,
    "sec_back": 1.0180342109998066,
    "sec_right": 0.9101676837603251,
    "sec_upper": 0.8630863785743713,
    "sec_lower": 0.42323543230692545
  },
  "mono": {
    "MAE": 1.17259778658549,
    "MAE_plain": 0.9565033411979675,
    "RMSE": 1.737624210377142,
    "AbsRel": 0.945481774409612,
    "delta1": 0.38613439122835796,
    "SILog": 0.6973654059569041,
    "MAE_ffx": 1.1373615463574727,
    "mirror_better_rate": 0.4888889010747274,
    "mae_gain_if_mirrored": 0.04211384313801925,
    "MAE_low": 1.1336519066492716,
    "SHcoefL1": 0.4573416290059686,
    "sec_front": 1.0638476395606995,
    "sec_left": 1.164592212041219,
    "sec_back": 1.0764918867746989,
    "sec_right": 1.3854593992233277,
    "sec_upper": 0.9282146430015564,
    "sec_lower": 0.46363773703575134
  },
  "shuffle": {
    "MAE": 1.1167885144551595,
    "MAE_plain": 0.9209891418615977,
    "RMSE": 1.6704183499782153,
    "AbsRel": 0.7567284111181894,
    "delta1": 0.36097394188245135,
    "SILog": 0.7141598431269328,
    "MAE_ffx": 1.0722926266988118,
    "mirror_better_rate": 0.48500001390775044,
    "mae_gain_if_mirrored": 0.04496294924368461,
    "MAE_low": 1.0790311606725056,
    "SHcoefL1": 0.411142072563784,
    "sec_front": 1.1120757055282593,
    "sec_left": 1.0930903704961141,
    "sec_back": 1.109992872873942,
    "sec_right": 1.151995108127594,
    "sec_upper": 0.9415950657924016,
    "sec_lower": 0.47121832489967347
  },
  "swap": {
    "MAE": 1.0972430753707885,
    "MAE_plain": 0.9039728069305419,
    "RMSE": 1.6415231240041395,
    "AbsRel": 0.758307762145996,
    "delta1": 0.3717390771706899,
    "SILog": 0.7013743233680725,
    "MAE_ffx": 1.0535921096801757,
    "mirror_better_rate": 0.6483333508173624,
    "mae_gain_if_mirrored": 0.0870122541487217,
    "MAE_low": 1.0592774279912314,
    "SHcoefL1": 0.40603877098816965,
    "sec_front": 1.0370738625526428,
    "sec_left": 1.1167752718925477,
    "sec_back": 1.0679301404953003,
    "sec_right": 1.167193033695221,
    "sec_upper": 0.9171003766854604,
    "sec_lower": 0.46310991009076435
  }
}