{
  "test": {
    "MAE": 0.9076601239045461,
    "MAE_plain": 0.7652350157499314,
    "RMSE": 1.4767502816314642,
    "AbsRel": 0.4615212078889211,
    "delta1": 0.4479736496011416,
    "SILog": 0.58471726278464,
    "MAE_ffx": 0.8636279022693634,
    "mirror_better_rate": 0.25166667396823567,
    "mae_gain_if_mirrored": 0.014069878298711652,
    "MAE_low": 0.8713908914724986,
    "SHcoefL1": 0.36049066399017143,
    "sec_front": 0.9229106465975444,
    "sec_left": 0.8797643788655599,
    "sec_back": 0.9466591159502665,
    "sec_right": 0.8813063514232635,
    "sec_upper": 0.8172322364648184,
    "sec_lower": 0.3841261790196101
  }
}