{
  "test": {
    "MAE": 0.9479615018102858,
    "MAE_plain": 0.8004384166664548,
    "RMSE": 1.4899064716888695,
    "AbsRel": 0.5071361648374134,
    "delta1": 0.4103672883907954,
    "SILog": 0.5893598719437917,
    "MAE_ffx": 0.9043642905023362,
    "mirror_better_rate": 0.2866666666666667,
    "mae_gain_if_mirrored": 0.018548006837566692,
    "MAE_low": 0.9112964181105295,
    "SHcoefL1": 0.36635675627324316,
    "sec_front": 0.9608266264862484,
    "sec_left": 0.9332126226690081,
    "sec_back": 0.9757374172740513,
    "sec_right": 0.9220693368381924,
    "sec_upper": 0.8558310210704804,
    "sec_lower": 0.4061201176378462
  }
}