{
  "test": {
    "MAE": 0.9922515734036763,
    "MAE_plain": 0.8189242815971375,
    "RMSE": 1.5097252258553322,
    "AbsRel": 0.659314112663269,
    "delta1": 0.39946770191192627,
    "SILog": 0.630712286233902,
    "MAE_ffx": 0.9468699709574382,
    "mirror_better_rate": 0.4911111263434092,
    "mae_gain_if_mirrored": 0.007681071010107795,
    "MAE_low": 0.9548787013689677,
    "SHcoefL1": 0.36854368776910834,
    "sec_front": 0.9923249634106954,
    "sec_left": 0.9899093850453695,
    "sec_back": 0.9919630495707193,
    "sec_right": 0.9948089122772217,
    "sec_upper": 0.8355609021584193,
    "sec_lower": 0.4287160195906957
  }
}