{
  "test": {
    "MAE": 0.9329424552122751,
    "MAE_plain": 0.7872468650341033,
    "RMSE": 1.4596776934508657,
    "AbsRel": 0.5619482596715292,
    "delta1": 0.4287154972553253,
    "SILog": 0.5942604120572408,
    "MAE_ffx": 0.8904163583119711,
    "mirror_better_rate": 0.2697222290684779,
    "mae_gain_if_mirrored": 0.014810359442587165,
    "MAE_low": 0.8957696036497752,
    "SHcoefL1": 0.36109159959066245,
    "sec_front": 0.9446856506665547,
    "sec_left": 0.9089651330312093,
    "sec_back": 0.9696524063746135,
    "sec_right": 0.9084666458765666,
    "sec_upper": 0.8420606728394826,
    "sec_lower": 0.4006546662251155
  },
  "mono": {
    "MAE": 1.212765297094981,
    "MAE_plain": 1.0014348769187926,
    "RMSE": 1.7980262127386668,
    "AbsRel": 0.8895993987719218,
    "delta1": 0.3659681346019109,
    "SILog": 0.696388148466746,
    "MAE_ffx": 1.1789155411720276,
    "mirror_better_rate": 0.4947222359975179,
    "mae_gain_if_mirrored": 0.016952410981369515,
    "MAE_low": 1.1788658873240152,
    "SHcoefL1": 0.4550220006952683,
    "sec_front": 1.0632046703497569,
    "sec_left": 1.3096571191151938,
    "sec_back": 1.0640207115809124,
    "sec_right": 1.4141786980628968,
    "sec_upper": 0.9944384006659189,
    "sec_lower": 0.5066203019022941
  },
  "left": {
    "MAE": 1.173222878774007,
    "MAE_plain": 0.9821019585927327,
    "RMSE": 1.7453803189256603,
    "AbsRel": 0.7936923503875732,
    "delta1": 0.35058053841193515,
    "SILog": 0.7098977720737457,
    "MAE_ffx": 1.1333424496650695,
    "mirror_better_rate": 0.4638888994852702,
    "mae_gain_if_mirrored": 0.0070062589393152545,
    "MAE_low": 1.1397961548964182,
    "SHcoefL1": 0.43798794170841576,
    "sec_front": 1.0857124197483063,
    "sec_left": 1.261788809299469,
    "sec_back": 1.098364651997884,
    "sec_right": 1.2470256006717682,
    "sec_upper": 0.9973171881834666,
    "sec_lower": 0.5180869929989179
  },
  "right": {
    "MAE": 1.1719615479310355,
    "MAE_plain": 0.9810837086041768,
    "RMSE": 1.750349607492901,
    "AbsRel": 0.7933189270893732,
    "delta1": 0.35230684717496236,
    "SILog": 0.7077078437805175,
    "MAE_ffx": 1.1316973082224528,
    "mirror_better_rate": 0.5163889044523239,
    "mae_gain_if_mirrored": 0.007927742898464202,
    "MAE_low": 1.138595933119456,
    "SHcoefL1": 0.4381777068744931,
    "sec_front": 1.0721133065223694,
    "sec_left": 1.227335053284963,
    "sec_back": 1.1032330556710561,
    "sec_right": 1.2851647981007894,
    "sec_upper": 0.9975507060686747,
    "sec_lower": 0.5149769182999929
  },
  "shuffle": {
    "MAE": 1.1418827458222707,
    "MAE_plain": 0.9426972979307174,
    "RMSE": 1.694165719479167,
    "AbsRel": 0.7774944873650869,
    "delta1": 0.35509006490310036,
    "SILog": 0.7436531601349513,
    "MAE_ffx": 1.0973875172932943,
    "mirror_better_rate": 0.4858333470424016,
    "mae_gain_if_mirrored": 0.054126403766373794,
    "MAE_low": 1.1053565553824107,
    "SHcoefL1": 0.40712649885978963,
    "sec_front": 1.1585755999883016,
    "sec_left": 1.153101753393809,
    "sec_back": 1.1059334361553192,
    "sec_right": 1.149920163154602,
    "sec_upper": 0.9709124432007472,
    "sec_lower": 0.4870280788342158
  },
  "swap": {
    "MAE": 1.115483737786611,
    "MAE_plain": 0.9190220512946446,
    "RMSE": 1.6618252005886684,
    "AbsRel": 0.7479903556903204,
    "delta1": 0.367202554444472,
    "SILog": 0.7127220580975214,
    "MAE_ffx": 1.070795299212138,
    "mirror_better_rate": 0.7236111309130987,
    "mae_gain_if_mirrored": 0.12443536943445603,
    "MAE_low": 1.0792516362667084,
    "SHcoefL1": 0.3968634313510524,
    "sec_front": 1.043498556613922,
    "sec_left": 1.1899483100573223,
    "sec_back": 1.0530798784891764,
    "sec_right": 1.1754081916809083,
    "sec_upper": 0.9312270908554395,
    "sec_lower": 0.46817161033550897,
    "swap_mirror_consistency": 0.32780563135460644
  }
}