{
  "test": {
    "MAE": 0.8854715607563655,
    "MAE_plain": 0.7461140261093775,
    "RMSE": 1.4272217360837829,
    "AbsRel": 0.4998689650495847,
    "delta1": 0.45955517013867697,
    "delta2": 0.6762056126197179,
    "delta3": 0.8032852192719777,
    "SILog": 0.5657568434874217,
    "MAE_ffx": 0.8426448760430018,
    "mirror_better_rate": 0.2538888954371214,
    "mae_gain_if_mirrored": 0.01355163449770771,
    "MAE_low": 0.848556169072787,
    "SHcoefL1": 0.35119274801264205,
    "sec_front": 0.8896633630990982,
    "sec_left": 0.8694243544340133,
    "sec_back": 0.9201195299625397,
    "sec_right": 0.8626790016889572,
    "sec_upper": 0.7941527764002482,
    "sec_lower": 0.3831939543286959
  }
}