{
  "test": {
    "MAE": 0.9301524754365286,
    "MAE_plain": 0.7851811927556992,
    "RMSE": 1.444224283026899,
    "AbsRel": 0.5748453241586685,
    "delta1": 0.4293650460243225,
    "SILog": 0.5879905956983567,
    "MAE_ffx": 0.888176722129186,
    "mirror_better_rate": 0.2686111183961232,
    "mae_gain_if_mirrored": 0.015983390397353407,
    "MAE_low": 0.8918556861082713,
    "SHcoefL1": 0.3579126591628624,
    "sec_front": 0.9459716486930847,
    "sec_left": 0.9002571380138398,
    "sec_back": 0.9634270644187928,
    "sec_right": 0.9109540414810181,
    "sec_upper": 0.8424912569920222,
    "sec_lower": 0.39546357025702794
  },
  "mono": {
    "MAE": 1.1618310447533926,
    "MAE_plain": 0.968879443804423,
    "RMSE": 1.6906783626288227,
    "AbsRel": 0.8848406555255254,
    "delta1": 0.36909610976775487,
    "SILog": 0.682008692820867,
    "MAE_ffx": 1.1234401555856068,
    "mirror_better_rate": 0.49166667779286705,
    "mae_gain_if_mirrored": 0.013867389910543959,
    "MAE_low": 1.1252388266722362,
    "SHcoefL1": 0.43202276500562825,
    "sec_front": 1.0514166525999704,
    "sec_left": 1.2232435214519501,
    "sec_back": 1.058733260234197,
    "sec_right": 1.3139307483037312,
    "sec_upper": 0.9658007478713989,
    "sec_lower": 0.4973568299412727
  },
  "left": {
    "MAE": 1.163082773288091,
    "MAE_plain": 0.9721909117698669,
    "RMSE": 1.6925964973255403,
    "AbsRel": 0.8763543846209844,
    "delta1": 0.3618160971005758,
    "SILog": 0.6983098997672399,
    "MAE_ffx": 1.1221313933531443,
    "mirror_better_rate": 0.48444445530573527,
    "mae_gain_if_mirrored": 0.011226395298726856,
    "MAE_low": 1.126528669198354,
    "SHcoefL1": 0.4300306215633949,
    "sec_front": 1.0820425999164582,
    "sec_left": 1.2183065446217856,
    "sec_back": 1.0704362825552622,
    "sec_right": 1.2815456585089366,
    "sec_upper": 0.9775824532906214,
    "sec_lower": 0.504449462890625
  },
  "right": {
    "MAE": 1.1670268162091573,
    "MAE_plain": 0.9740949455897013,
    "RMSE": 1.6996822636298303,
    "AbsRel": 0.8850320859750112,
    "delta1": 0.3639756696422895,
    "SILog": 0.6956077617406845,
    "MAE_ffx": 1.1263966596126556,
    "mirror_better_rate": 0.5077777896324793,
    "mae_gain_if_mirrored": 0.01199545600451529,
    "MAE_low": 1.1306324501832326,
    "SHcoefL1": 0.430481808255944,
    "sec_front": 1.0776364215215046,
    "sec_left": 1.2028754059473674,
    "sec_back": 1.077571194966634,
    "sec_right": 1.310024246374766,
    "sec_upper": 0.9779093684752782,
    "sec_lower": 0.502397531469663
  },
  "shuffle": {
    "MAE": 1.1428095535437266,
    "MAE_plain": 0.9427852114041646,
    "RMSE": 1.684633207341561,
    "AbsRel": 0.7945524394512177,
    "delta1": 0.3545989540219307,
    "SILog": 0.7365591347217559,
    "MAE_ffx": 1.0987393613656362,
    "mirror_better_rate": 0.49361112515131633,
    "mae_gain_if_mirrored": 0.05750692078222831,
    "MAE_low": 1.1056046378612518,
    "SHcoefL1": 0.4057242220660879,
    "sec_front": 1.1372017180919647,
    "sec_left": 1.1486518307526907,
    "sec_back": 1.1194599866867065,
    "sec_right": 1.1659246853987375,
    "sec_upper": 0.9680348646640777,
    "sec_lower": 0.4859786358475685
  },
  "swap": {
    "MAE": 1.1283725933233897,
    "MAE_plain": 0.9265243005752564,
    "RMSE": 1.6611829963852782,
    "AbsRel": 0.7780740873018901,
    "delta1": 0.36346574713786445,
    "SILog": 0.7175025024016698,
    "MAE_ffx": 1.084964173634847,
    "mirror_better_rate": 0.7352777963876724,
    "mae_gain_if_mirrored": 0.14134326900045077,
    "MAE_low": 1.0913375039895377,
    "SHcoefL1": 0.39636246809321973,
    "sec_front": 1.0504659859339396,
    "sec_left": 1.193227344751358,
    "sec_back": 1.0623762226104736,
    "sec_right": 1.207420833905538,
    "sec_upper": 0.9332887848218282,
    "sec_lower": 0.4734103986620903,
    "swap_mirror_consistency": 0.31947812194377745
  }
}