{
  "test": {
    "MAE": 0.9045641109678481,
    "MAE_plain": 0.7584101827939351,
    "RMSE": 1.4373619828037265,
    "AbsRel": 0.5529044279125002,
    "delta1": 0.4555781274371677,
    "SILog": 0.586297926902771,
    "MAE_ffx": 0.8646198850207859,
    "mirror_better_rate": 0.2733333333333333,
    "mae_gain_if_mirrored": 0.014502653285033173,
    "MAE_low": 0.867319065729777,
    "SHcoefL1": 0.3545643379508207,
    "sec_front": 0.9251788189676073,
    "sec_left": 0.8813171654277377,
    "sec_back": 0.9317968320846558,
    "sec_right": 0.8799636652734545,
    "sec_upper": 0.7961693044503529,
    "sec_lower": 0.3900209810336431
  }
}