{
  "run": "B_batvis_s2",
  "MAE": 0.904564110438029,
  "MAE_plain": 0.7584101814693874,
  "RMSE": 1.4373619839016938,
  "AbsRel": 0.5529044287072288,
  "delta1": 0.4555781263775296,
  "delta2": 0.6737607887056138,
  "delta3": 0.7999949895011054,
  "SILog": 0.5862979261080424,
  "MAE_ffx": 0.8646198887295193,
  "mirror_better_rate": 0.2733333333333333,
  "mae_gain_if_mirrored": 0.014502653417487939,
  "MAE_low": 0.8673190662595961,
  "SHcoefL1": 0.35456433785354924,
  "sec_front": 0.9251788184377883,
  "sec_left": 0.8813171664873759,
  "sec_back": 0.9317968310250176,
  "sec_right": 0.8799636636839973,
  "sec_upper": 0.7961693029933505,
  "sec_lower": 0.3900209816959169
}