{
  "test": {
    "MAE": 0.9073196283976237,
    "MAE_plain": 0.7595577094952265,
    "RMSE": 1.4227997573572497,
    "AbsRel": 0.5651298342148463,
    "delta1": 0.44039098024368284,
    "SILog": 0.5735220283269882,
    "MAE_ffx": 0.8644142512480418,
    "mirror_better_rate": 0.24027778613070647,
    "mae_gain_if_mirrored": 0.012019310772496586,
    "MAE_low": 0.8692645084857941,
    "SHcoefL1": 0.35179402905619805,
    "sec_front": 0.9205364620685578,
    "sec_left": 0.8774450016021729,
    "sec_back": 0.9540632653236389,
    "sec_right": 0.8772338046630224,
    "sec_upper": 0.8072442950805029,
    "sec_lower": 0.3919258464376132
  },
  "mono": {
    "MAE": 1.1551817031701406,
    "MAE_plain": 0.9601381826400757,
    "RMSE": 1.689132717558709,
    "AbsRel": 0.8911143996318182,
    "delta1": 0.3706303467353185,
    "SILog": 0.6723299662272135,
    "MAE_ffx": 1.1166080749034881,
    "mirror_better_rate": 0.4983333460489909,
    "mae_gain_if_mirrored": 0.005588209382258355,
    "MAE_low": 1.119651676416397,
    "SHcoefL1": 0.4297243289897839,
    "sec_front": 1.04038134654363,
    "sec_left": 1.2508657999833426,
    "sec_back": 1.040424445470174,
    "sec_right": 1.2890552326043447,
    "sec_upper": 0.9732734245061875,
    "sec_lower": 0.49681015382210414
  },
  "left": {
    "MAE": 1.1499565041065216,
    "MAE_plain": 0.9673038427035013,
    "RMSE": 1.665134760860288,
    "AbsRel": 0.8710044652223587,
    "delta1": 0.36288745572169623,
    "SILog": 0.6780462890863419,
    "MAE_ffx": 1.1089251192410787,
    "mirror_better_rate": 0.48361112276713053,
    "mae_gain_if_mirrored": 0.0055403941916301845,
    "MAE_low": 1.1140881403287253,
    "SHcoefL1": 0.4232760342500276,
    "sec_front": 1.0671130681037904,
    "sec_left": 1.234608002503713,
    "sec_back": 1.0533195972442626,
    "sec_right": 1.2447853382428486,
    "sec_upper": 0.9945118214686711,
    "sec_lower": 0.5214352888862291
  },
  "right": {
    "MAE": 1.1507131477197012,
    "MAE_plain": 0.967109303077062,
    "RMSE": 1.6736874641866744,
    "AbsRel": 0.8733528083562851,
    "delta1": 0.36374617904424666,
    "SILog": 0.6775208892424901,
    "MAE_ffx": 1.109586832523346,
    "mirror_better_rate": 0.5213889040549596,
    "mae_gain_if_mirrored": 0.00657602049332733,
    "MAE_low": 1.1149801981449128,
    "SHcoefL1": 0.4237816784903407,
    "sec_front": 1.0598005719979604,
    "sec_left": 1.2077505668004354,
    "sec_back": 1.0574574557940166,
    "sec_right": 1.2778440193335214,
    "sec_upper": 0.9954588041702906,
    "sec_lower": 0.5170450638731321
  },
  "shuffle": {
    "MAE": 1.1124369339148203,
    "MAE_plain": 0.9120724215110143,
    "RMSE": 1.6526594814487392,
    "AbsRel": 0.7676385347048441,
    "delta1": 0.3660268114010493,
    "SILog": 0.7121242711941401,
    "MAE_ffx": 1.0674990117549896,
    "mirror_better_rate": 0.48916668077309927,
    "mae_gain_if_mirrored": 0.05032726996888717,
    "MAE_low": 1.075286081234614,
    "SHcoefL1": 0.39970161916688085,
    "sec_front": 1.109163923660914,
    "sec_left": 1.124600313504537,
    "sec_back": 1.0870847805341084,
    "sec_right": 1.1288986814022064,
    "sec_upper": 0.9358735424280167,
    "sec_lower": 0.46980973283449806
  },
  "swap": {
    "MAE": 1.09282683690389,
    "MAE_plain": 0.8918585220972697,
    "RMSE": 1.6282028081689222,
    "AbsRel": 0.7372498420874277,
    "delta1": 0.3748681513468424,
    "SILog": 0.6956783262888591,
    "MAE_ffx": 1.0481488597393036,
    "mirror_better_rate": 0.754166685740153,
    "mae_gain_if_mirrored": 0.1422274374216795,
    "MAE_low": 1.055910315513611,
    "SHcoefL1": 0.38860284133296874,
    "sec_front": 1.0032638625303905,
    "sec_left": 1.1707130761941273,
    "sec_back": 1.031233168443044,
    "sec_right": 1.166097217798233,
    "sec_upper": 0.8972757025559743,
    "sec_lower": 0.45932872126499813,
    "swap_mirror_consistency": 0.14257716078538546
  }
}