{
  "test": {
    "MAE": 0.9029591343137953,
    "MAE_plain": 0.7596407787005106,
    "RMSE": 1.4280254994201742,
    "AbsRel": 0.5626451355881161,
    "delta1": 0.448407355149587,
    "SILog": 0.5814679639869266,
    "MAE_ffx": 0.8612718992763095,
    "mirror_better_rate": 0.24583333333333332,
    "mae_gain_if_mirrored": 0.014476926997303963,
    "MAE_low": 0.8653057275878059,
    "SHcoefL1": 0.3536924429424107,
    "sec_front": 0.916237223148346,
    "sec_left": 0.8849156975746155,
    "sec_back": 0.9325292412439982,
    "sec_right": 0.8781543657514784,
    "sec_upper": 0.8056764186753167,
    "sec_lower": 0.39067702074845634
  },
  "mono": {
    "MAE": 1.0834733295440673,
    "MAE_plain": 0.8936063077714708,
    "RMSE": 1.668508290725831,
    "AbsRel": 0.7558770187695821,
    "delta1": 0.39839534322420755,
    "SILog": 0.6711274426513248,
    "MAE_ffx": 1.0459293704562718,
    "mirror_better_rate": 0.5086111111111111,
    "mae_gain_if_mirrored": 0.014655077763729625,
    "MAE_low": 1.0485387547810872,
    "SHcoefL1": 0.42678273762679764,
    "sec_front": 1.0048280602031283,
    "sec_left": 1.165206504397922,
    "sec_back": 1.0189156720373365,
    "sec_right": 1.1449430682924058,
    "sec_upper": 0.8894129130575392,
    "sec_lower": 0.4407432762781779
  },
  "shuffle": {
    "MAE": 1.1291749207178752,
    "MAE_plain": 0.9274663601981269,
    "RMSE": 1.6846088936659322,
    "AbsRel": 0.769265871445338,
    "delta1": 0.364500343269772,
    "SILog": 0.7238293324576484,
    "MAE_ffx": 1.0849506616592408,
    "mirror_better_rate": 0.48388888888888887,
    "mae_gain_if_mirrored": 0.057393377555741205,
    "MAE_low": 1.0925845352808634,
    "SHcoefL1": 0.40768798519132865,
    "sec_front": 1.1216090038087634,
    "sec_left": 1.1354633537928263,
    "sec_back": 1.1086613935894436,
    "sec_right": 1.150965919494629,
    "sec_upper": 0.9456693674458397,
    "sec_lower": 0.4745496797561646
  },
  "swap": {
    "MAE": 1.1043496158387927,
    "MAE_plain": 0.9032001397344801,
    "RMSE": 1.6553464009092682,
    "AbsRel": 0.7448901273144616,
    "delta1": 0.37670210043589275,
    "SILog": 0.7098108643955655,
    "MAE_ffx": 1.060704409811232,
    "mirror_better_rate": 0.7458333333333333,
    "mae_gain_if_mirrored": 0.15571485021048123,
    "MAE_low": 1.0680345503489177,
    "SHcoefL1": 0.3947734735864732,
    "sec_front": 1.0033760478761462,
    "sec_left": 1.1913538371192085,
    "sec_back": 1.020020449426439,
    "sec_right": 1.2026481013827854,
    "sec_upper": 0.8985791509681278,
    "sec_lower": 0.4661777072482639
  }
}