{
  "test": {
    "MAE": 0.9554587973488702,
    "MAE_plain": 0.8035190290874905,
    "RMSE": 1.4905510091354652,
    "AbsRel": 0.5595810294151307,
    "delta1": 0.4105457374784682,
    "SILog": 0.6111387505796221,
    "MAE_ffx": 0.9120664999220106,
    "mirror_better_rate": 0.28888888888888886,
    "mae_gain_if_mirrored": 0.019655110529727404,
    "MAE_low": 0.9181883223851521,
    "SHcoefL1": 0.36460234285435744,
    "sec_front": 0.9708031413290236,
    "sec_left": 0.9397929716110229,
    "sec_back": 0.9867011213302612,
    "sec_right": 0.9245379514164395,
    "sec_upper": 0.8576052913400862,
    "sec_lower": 0.4066404477755229
  },
  "mono": {
    "MAE": 1.3024563407897949,
    "MAE_plain": 1.062522638903724,
    "RMSE": 1.967928766633015,
    "AbsRel": 0.9009599026044209,
    "delta1": 0.32602995223469206,
    "SILog": 0.7968649262852139,
    "MAE_ffx": 1.264101578394572,
    "mirror_better_rate": 0.5002777777777778,
    "mae_gain_if_mirrored": 0.018914542578988607,
    "MAE_low": 1.2686321968502468,
    "SHcoefL1": 0.4980076625322302,
    "sec_front": 1.2046997928619385,
    "sec_left": 1.4679663938946195,
    "sec_back": 1.1799376434750026,
    "sec_right": 1.357221565776401,
    "sec_upper": 1.0516971572240195,
    "sec_lower": 0.5053115647368961
  },
  "shuffle": {
    "MAE": 1.1463623714447022,
    "MAE_plain": 0.9446665925449795,
    "RMSE": 1.7050205950589146,
    "AbsRel": 0.7542333379056718,
    "delta1": 0.34992437892489964,
    "SILog": 0.7494476734267341,
    "MAE_ffx": 1.100885852707757,
    "mirror_better_rate": 0.48777777777777775,
    "mae_gain_if_mirrored": 0.05805159567130937,
    "MAE_low": 1.1101041931576199,
    "SHcoefL1": 0.406248024004615,
    "sec_front": 1.1552880949444242,
    "sec_left": 1.1475323624081082,
    "sec_back": 1.113242786725362,
    "sec_right": 1.1693862353430855,
    "sec_upper": 0.9701811059315999,
    "sec_lower": 0.48673154473304747
  },
  "swap": {
    "MAE": 1.1407024712032743,
    "MAE_plain": 0.9373895843823751,
    "RMSE": 1.7029306847123338,
    "AbsRel": 0.7225594830513,
    "delta1": 0.35094083454873826,
    "SILog": 0.7395692096816169,
    "MAE_ffx": 1.0951985502243042,
    "mirror_better_rate": 0.6777777777777778,
    "mae_gain_if_mirrored": 0.12556368433766896,
    "MAE_low": 1.1055254824956258,
    "SHcoefL1": 0.4002689875351886,
    "sec_front": 1.0800263367758858,
    "sec_left": 1.2033375697665745,
    "sec_back": 1.0715697071287367,
    "sec_right": 1.2078762430614896,
    "sec_upper": 0.9497089550230238,
    "sec_lower": 0.482419431342019
  },
  "alpha": 0.0
}