{
  "mean_of_K": 0.8498232277234395,
  "best_of_K": 0.6798813825183444,
  "best_of_K_ctrl": 0.6865208636389838,
  "oracle_gain": 0.1699418452050951,
  "oracle_gain_ctrl": 0.1633023640844557,
  "real_multimodal_gain": 0.006639481120639377,
  "per_head_mae": [
    0.9651890548070272,
    0.9576787628067864,
    0.9397019990285238,
    0.9330151971181234,
    0.9587566844622294
  ],
  "diversity": 0.6001081977950202,
  "uncert_corr": 0.6602727698669398,
  "baseline_det": 0.78,
  "vs_baseline_meanK": 0.06982322772343952,
  "vs_baseline_bestK": -0.10011861748165563,
  "calib_bins": [
    0.21751950213486376,
    0.6670936065367837,
    1.1141955358824336,
    1.4041068099153846,
    1.6385479898517417,
    1.8819177867150931,
    2.0862507896304865,
    2.1964716840187015,
    2.2725088675793357,
    2.2402150631291025
  ]
}