{
  "test": {
    "MAE": 0.9454408597946167,
    "MAE_plain": 0.7956642456849417,
    "RMSE": 1.4853366548934526,
    "AbsRel": 0.5704309725761414,
    "delta1": 0.41909185727437337,
    "SILog": 0.6075870104630788,
    "MAE_ffx": 0.9026314862569174,
    "mirror_better_rate": 0.2897222306330999,
    "mae_gain_if_mirrored": 0.018807689463719725,
    "MAE_low": 0.9076507091522217,
    "SHcoefL1": 0.37443139360182814,
    "sec_front": 0.9562813878059387,
    "sec_left": 0.9282382297515869,
    "sec_back": 0.9961617525418599,
    "sec_right": 0.9010820619265238,
    "sec_upper": 0.8502469440301259,
    "sec_lower": 0.40523460149765017
  },
  "mono": {
    "MAE": 1.1258182708422344,
    "MAE_plain": 0.9244692556063334,
    "RMSE": 1.6893982810271517,
    "AbsRel": 0.8362250641981761,
    "delta1": 0.3829409289360046,
    "SILog": 0.6960457623004913,
    "MAE_ffx": 1.0876101390520732,
    "mirror_better_rate": 0.49361112515131633,
    "mae_gain_if_mirrored": 0.04204708511630694,
    "MAE_low": 1.0878761378924051,
    "SHcoefL1": 0.442283035127653,
    "sec_front": 1.0139125037193297,
    "sec_left": 1.106454038619995,
    "sec_back": 1.06366259654363,
    "sec_right": 1.31924391746521,
    "sec_upper": 0.9167440040906271,
    "sec_lower": 0.4510657087961833
  },
  "shuffle": {
    "MAE": 1.1235845581690471,
    "MAE_plain": 0.926923010746638,
    "RMSE": 1.6875924071068615,
    "AbsRel": 0.739724086523056,
    "delta1": 0.3567714631557465,
    "SILog": 0.7217843695481618,
    "MAE_ffx": 1.0791984009742737,
    "mirror_better_rate": 0.4902777930100759,
    "mae_gain_if_mirrored": 0.050742426986495656,
    "MAE_low": 1.0865431467692057,
    "SHcoefL1": 0.41524698824104334,
    "sec_front": 1.1103808720906576,
    "sec_left": 1.0940723474820455,
    "sec_back": 1.1078164386749267,
    "sec_right": 1.1820685545603433,
    "sec_upper": 0.9537599456310272,
    "sec_lower": 0.4669314169883728
  },
  "swap": {
    "MAE": 1.1129263893763224,
    "MAE_plain": 0.9140796534220378,
    "RMSE": 1.674102857592319,
    "AbsRel": 0.7374736007054646,
    "delta1": 0.3645434719324112,
    "SILog": 0.7120129772027334,
    "MAE_ffx": 1.0690052111943562,
    "mirror_better_rate": 0.6955555772781372,
    "mae_gain_if_mirrored": 0.1204733973244826,
    "MAE_low": 1.0762479289372762,
    "SHcoefL1": 0.4103333860221836,
    "sec_front": 1.0287645769119262,
    "sec_left": 1.1490633050600687,
    "sec_back": 1.072881383895874,
    "sec_right": 1.2009963194529216,
    "sec_upper": 0.9208685692151387,
    "sec_lower": 0.46464561541875204
  }
}