{
  "test": {
    "MAE": 0.8919802683591843,
    "MAE_plain": 0.7503598038355509,
    "RMSE": 1.4468431789198546,
    "AbsRel": 0.4776589643955231,
    "delta1": 0.45722181340058643,
    "SILog": 0.5765337721506755,
    "MAE_ffx": 0.8492364696661632,
    "mirror_better_rate": 0.2577777843674024,
    "mae_gain_if_mirrored": 0.015796796561529238,
    "MAE_low": 0.8551784366369247,
    "SHcoefL1": 0.35426154859364034,
    "sec_front": 0.8945685285329819,
    "sec_left": 0.8758493953943253,
    "sec_back": 0.9213173766930898,
    "sec_right": 0.8761857610940933,
    "sec_upper": 0.7997037086884181,
    "sec_lower": 0.38141577670971555
  }
}