{
  "test": {
    "MAE": 0.9677410920461019,
    "MAE_plain": 0.8133305372132196,
    "RMSE": 1.48062487566716,
    "AbsRel": 0.6077612907356686,
    "delta1": 0.4048237250910865,
    "SILog": 0.6091640826066335,
    "MAE_ffx": 0.9239001642333137,
    "mirror_better_rate": 0.3080555555555556,
    "mae_gain_if_mirrored": 0.02007891050643391,
    "MAE_low": 0.9298998257848952,
    "SHcoefL1": 0.3656600479595363,
    "sec_front": 0.9865481050809225,
    "sec_left": 0.9452465467982822,
    "sec_back": 1.0049410518010458,
    "sec_right": 0.9342286276817322,
    "sec_upper": 0.8541794935862224,
    "sec_lower": 0.42031842827796934
  },
  "mono": {
    "MAE": 1.3982325050565931,
    "MAE_plain": 1.1228810450765823,
    "RMSE": 2.090849353267215,
    "AbsRel": 1.1287566147910224,
    "delta1": 0.34082634276813933,
    "SILog": 0.7551415247387356,
    "MAE_ffx": 1.3626353719499376,
    "mirror_better_rate": 0.4986111111111111,
    "mae_gain_if_mirrored": 0.0225408429486884,
    "MAE_low": 1.3642759799957276,
    "SHcoefL1": 0.5321633278330167,
    "sec_front": 1.1451153055826824,
    "sec_left": 1.5958712980482312,
    "sec_back": 1.1227584399117363,
    "sec_right": 1.7291849925782945,
    "sec_upper": 1.0225571672121683,
    "sec_lower": 0.5530346234639486
  },
  "shuffle": {
    "MAE": 1.1192833428912692,
    "MAE_plain": 0.9253071350521511,
    "RMSE": 1.6568726422952185,
    "AbsRel": 0.7604794862535265,
    "delta1": 0.3577499353885651,
    "SILog": 0.7135593962669372,
    "MAE_ffx": 1.0739426888359918,
    "mirror_better_rate": 0.49027777777777776,
    "mae_gain_if_mirrored": 0.05713801812794474,
    "MAE_low": 1.0824380509058635,
    "SHcoefL1": 0.3992562013761037,
    "sec_front": 1.1068529645601908,
    "sec_left": 1.1374799076716104,
    "sec_back": 1.0874726189507378,
    "sec_right": 1.1453278462092082,
    "sec_upper": 0.941844613817003,
    "sec_lower": 0.4803318232960171
  },
  "swap": {
    "MAE": 1.1325876855850219,
    "MAE_plain": 0.9339457326465183,
    "RMSE": 1.677123553204839,
    "AbsRel": 0.758200929429796,
    "delta1": 0.3530465565787421,
    "SILog": 0.7228765879737006,
    "MAE_ffx": 1.087182752556271,
    "mirror_better_rate": 0.6713888888888889,
    "mae_gain_if_mirrored": 0.12219079458051257,
    "MAE_low": 1.0966659620073107,
    "SHcoefL1": 0.3988123498732845,
    "sec_front": 1.0673867837587991,
    "sec_left": 1.1814745733473035,
    "sec_back": 1.080471829838223,
    "sec_right": 1.2010175307591757,
    "sec_upper": 0.9398987342251671,
    "sec_lower": 0.4831599684556325
  },
  "alpha": 0.6501163840293884
}