{
  "test": {
    "MAE": 0.9370334529876709,
    "MAE_plain": 0.7811921302477519,
    "RMSE": 1.439926560962235,
    "AbsRel": 0.5937636681397755,
    "delta1": 0.41848106582959493,
    "SILog": 0.598446114063263,
    "MAE_ffx": 0.8953440451622009,
    "mirror_better_rate": 0.34916667540868124,
    "mae_gain_if_mirrored": 0.012517883594458303,
    "MAE_low": 0.8980832846959432,
    "SHcoefL1": 0.35466130138271384,
    "sec_front": 0.9310474387804667,
    "sec_left": 0.9199347464243571,
    "sec_back": 0.9545363982518514,
    "sec_right": 0.9426152412096659,
    "sec_upper": 0.8147327101230621,
    "sec_lower": 0.40485277891159055
  },
  "mono": {
    "MAE": 1.3914573431015014,
    "MAE_plain": 1.2146813877423603,
    "RMSE": 1.9158303410746615,
    "AbsRel": 1.116672081152598,
    "delta1": 0.30017812410990397,
    "SILog": 0.751705060005188,
    "MAE_ffx": 1.353794708251953,
    "mirror_better_rate": 0.4977777922153473,
    "mae_gain_if_mirrored": 0.02982432800034682,
    "MAE_low": 1.3556508779525758,
    "SHcoefL1": 0.4790838222329815,
    "sec_front": 1.628311227162679,
    "sec_left": 1.4021519978841146,
    "sec_back": 1.092921241124471,
    "sec_right": 1.4424449364344278,
    "sec_upper": 1.4313771629333496,
    "sec_lower": 0.5556478607654571
  },
  "shuffle": {
    "MAE": 1.1164384039243063,
    "MAE_plain": 0.916984015305837,
    "RMSE": 1.6443943753462729,
    "AbsRel": 0.7703515680631002,
    "delta1": 0.35952728529771166,
    "SILog": 0.7280802182356516,
    "MAE_ffx": 1.0730279445648194,
    "mirror_better_rate": 0.493888901869456,
    "mae_gain_if_mirrored": 0.027947299939890702,
    "MAE_low": 1.0784992909431457,
    "SHcoefL1": 0.394906049395601,
    "sec_front": 1.1229998803138732,
    "sec_left": 1.115578461488088,
    "sec_back": 1.125327353477478,
    "sec_right": 1.1018478830655416,
    "sec_upper": 0.9352004913489024,
    "sec_lower": 0.4795899220307668
  },
  "swap": {
    "MAE": 1.0342336972554524,
    "MAE_plain": 0.8505367636680603,
    "RMSE": 1.5530547444439364,
    "AbsRel": 0.6953632628917694,
    "delta1": 0.3887355621655782,
    "SILog": 0.6722815112272899,
    "MAE_ffx": 0.9916777340571086,
    "mirror_better_rate": 0.6500000214576721,
    "mae_gain_if_mirrored": 0.07840056531131268,
    "MAE_low": 0.9963101466496785,
    "SHcoefL1": 0.3720234096153743,
    "sec_front": 0.9731308166186015,
    "sec_left": 1.083016846179962,
    "sec_back": 0.9972140622138977,
    "sec_right": 1.0835730536778767,
    "sec_upper": 0.8594930259386698,
    "sec_lower": 0.444500808318456
  }
}