{
  "test": {
    "MAE": 0.9184113653500875,
    "MAE_plain": 0.7710796304543813,
    "RMSE": 1.4603829022484618,
    "AbsRel": 0.5272315740585327,
    "delta1": 0.442135377128919,
    "SILog": 0.5906757767995199,
    "MAE_ffx": 0.8750121112664541,
    "mirror_better_rate": 0.2511111197868983,
    "mae_gain_if_mirrored": 0.015860838031706712,
    "MAE_low": 0.8811791761716207,
    "SHcoefL1": 0.3593398269245194,
    "sec_front": 0.9353749144077301,
    "sec_left": 0.8927261994282405,
    "sec_back": 0.9570472081502278,
    "sec_right": 0.8884971620639165,
    "sec_upper": 0.8173551009098688,
    "sec_lower": 0.3922440499067307
  },
  "mono": {
    "MAE": 1.1039645818869273,
    "MAE_plain": 0.9311745981375377,
    "RMSE": 1.650031367620446,
    "AbsRel": 0.7301782224575678,
    "delta1": 0.36132190148035687,
    "SILog": 0.6854240707556407,
    "MAE_ffx": 1.060125114520391,
    "mirror_better_rate": 0.48305556873480476,
    "mae_gain_if_mirrored": 0.008577389811786513,
    "MAE_low": 1.069062666495641,
    "SHcoefL1": 0.41534284528965754,
    "sec_front": 1.0597720007101694,
    "sec_left": 1.1413095025221507,
    "sec_back": 1.0698726713657378,
    "sec_right": 1.1449041465918224,
    "sec_upper": 0.9860473867257437,
    "sec_lower": 0.46507073789834974
  },
  "left": {
    "MAE": 1.1456734597682954,
    "MAE_plain": 0.9724067974090577,
    "RMSE": 1.7031821068932893,
    "AbsRel": 0.7548910200595855,
    "delta1": 0.35096208125352857,
    "SILog": 0.7129576927423478,
    "MAE_ffx": 1.101577566464742,
    "mirror_better_rate": 0.48472223619620003,
    "mae_gain_if_mirrored": 0.007982158361313245,
    "MAE_low": 1.1114692664146424,
    "SHcoefL1": 0.42368778553894826,
    "sec_front": 1.115175765355428,
    "sec_left": 1.202647465467453,
    "sec_back": 1.1020370491345723,
    "sec_right": 1.1628335348765055,
    "sec_upper": 1.0374798055489858,
    "sec_lower": 0.4813711878657341
  },
  "right": {
    "MAE": 1.1485160811742148,
    "MAE_plain": 0.9737567329406738,
    "RMSE": 1.7091491903305074,
    "AbsRel": 0.7635670439402262,
    "delta1": 0.35357072194417316,
    "SILog": 0.7133178619543711,
    "MAE_ffx": 1.1044264539082844,
    "mirror_better_rate": 0.48722223500410716,
    "mae_gain_if_mirrored": 0.00778025864623487,
    "MAE_low": 1.1144350469112396,
    "SHcoefL1": 0.42488376474214923,
    "sec_front": 1.1129571028550467,
    "sec_left": 1.163123829762141,
    "sec_back": 1.1025083446502686,
    "sec_right": 1.215475034713745,
    "sec_upper": 1.038594628373782,
    "sec_lower": 0.47816142161687214
  },
  "shuffle": {
    "MAE": 1.1480768485864004,
    "MAE_plain": 0.9426858107248942,
    "RMSE": 1.7065549198245364,
    "AbsRel": 0.7606455715497334,
    "delta1": 0.35381634106238685,
    "SILog": 0.7524055782953898,
    "MAE_ffx": 1.1030446434020995,
    "mirror_better_rate": 0.4922222354014715,
    "mae_gain_if_mirrored": 0.060552717928464214,
    "MAE_low": 1.111625462770462,
    "SHcoefL1": 0.41012874488615325,
    "sec_front": 1.1445942695935567,
    "sec_left": 1.1623676669597627,
    "sec_back": 1.1236786460876464,
    "sec_right": 1.1616667783260346,
    "sec_upper": 0.9647966446479161,
    "sec_lower": 0.4904444694519043
  },
  "swap": {
    "MAE": 1.1226032928625742,
    "MAE_plain": 0.91954967101415,
    "RMSE": 1.6777534842784707,
    "AbsRel": 0.7317182445526123,
    "delta1": 0.36801067839066187,
    "SILog": 0.7227062586943308,
    "MAE_ffx": 1.0778813370068867,
    "mirror_better_rate": 0.7313889092206955,
    "mae_gain_if_mirrored": 0.1453004161392649,
    "MAE_low": 1.0865273010730743,
    "SHcoefL1": 0.39957667937916186,
    "sec_front": 1.0320631814002992,
    "sec_left": 1.2132549794514973,
    "sec_back": 1.0539037601153056,
    "sec_right": 1.1911912751197815,
    "sec_upper": 0.9299732497334481,
    "sec_lower": 0.47039852301279705,
    "swap_mirror_consistency": 0.3643687746950646
  }
}