{
  "test": {
    "MAE": 0.9084854788250394,
    "MAE_plain": 0.7611262657907274,
    "RMSE": 1.4322235542791721,
    "AbsRel": 0.5564513737625546,
    "delta1": 0.4400651445653703,
    "SILog": 0.5813179788324568,
    "MAE_ffx": 0.8655315897199842,
    "mirror_better_rate": 0.2838888888888889,
    "mae_gain_if_mirrored": 0.015539163624246915,
    "MAE_low": 0.8706448274188572,
    "SHcoefL1": 0.35242232208243673,
    "sec_front": 0.9115580688582526,
    "sec_left": 0.894738024075826,
    "sec_back": 0.9355252260631985,
    "sec_right": 0.8921205965677897,
    "sec_upper": 0.7999599512418111,
    "sec_lower": 0.39475728385978276
  },
  "mono": {
    "MAE": 1.0698044072257147,
    "MAE_plain": 0.8833275667826335,
    "RMSE": 1.617442354278334,
    "AbsRel": 0.7855340793397692,
    "delta1": 0.3981650788254208,
    "SILog": 0.6604585186640421,
    "MAE_ffx": 1.03039226770401,
    "mirror_better_rate": 0.49916666666666665,
    "mae_gain_if_mirrored": 0.01824462256497807,
    "MAE_low": 1.0330830862787035,
    "SHcoefL1": 0.40246593734663394,
    "sec_front": 1.0258475330140855,
    "sec_left": 1.1296382035149468,
    "sec_back": 1.0409820228152804,
    "sec_right": 1.082749843067593,
    "sec_upper": 0.8817178750038147,
    "sec_lower": 0.448393816947937
  },
  "shuffle": {
    "MAE": 1.1140480952792697,
    "MAE_plain": 0.9151739825142754,
    "RMSE": 1.660956332994558,
    "AbsRel": 0.7559996298948923,
    "delta1": 0.36418565220303006,
    "SILog": 0.7238172623846266,
    "MAE_ffx": 1.068784809642368,
    "mirror_better_rate": 0.4913888888888889,
    "mae_gain_if_mirrored": 0.04897780309120814,
    "MAE_low": 1.077438144683838,
    "SHcoefL1": 0.40172667727702194,
    "sec_front": 1.120430475340949,
    "sec_left": 1.1172610033882988,
    "sec_back": 1.1002226167254978,
    "sec_right": 1.1182783312267728,
    "sec_upper": 0.9334988413916694,
    "sec_lower": 0.4759210603766971
  },
  "swap": {
    "MAE": 1.0781544007195367,
    "MAE_plain": 0.882910983827379,
    "RMSE": 1.6224695648678578,
    "AbsRel": 0.7172308582729764,
    "delta1": 0.38156482100486755,
    "SILog": 0.6997130786048041,
    "MAE_ffx": 1.0336064947976007,
    "mirror_better_rate": 0.7163888888888889,
    "mae_gain_if_mirrored": 0.13621347430679534,
    "MAE_low": 1.0415623993343777,
    "SHcoefL1": 0.3867969618137512,
    "sec_front": 0.9909458933936225,
    "sec_left": 1.163915253745185,
    "sec_back": 1.0076776297887167,
    "sec_right": 1.150078797870212,
    "sec_upper": 0.8876576679282718,
    "sec_lower": 0.46054466287295026
  }
}