{
  "test": {
    "MAE": 0.8125629885991414,
    "MAE_plain": 0.6849255173736148,
    "RMSE": 1.2633450343873767,
    "AbsRel": 0.5741719220744239,
    "delta1": 0.4090594610240724,
    "delta2": 0.6359596396817101,
    "delta3": 0.7769908981853061,
    "SILog": 0.5346627793047163,
    "MAE_ffx": 0.7823583071761661,
    "mirror_better_rate": 0.31666666666666665,
    "mae_gain_if_mirrored": 0.013678488520284493,
    "MAE_low": 0.7725113223658667,
    "SHcoefL1": 0.31575099002776874,
    "sec_front": 0.8094575995869107,
    "sec_left": 0.7894501042366028,
    "sec_back": 0.8250898979769813,
    "sec_right": 0.7963263392448425,
    "sec_upper": 0.6718650532762209,
    "sec_lower": 0.3169857553641001
  }
}