{
  "test": {
    "MAE": 0.776082627773285,
    "MAE_plain": 0.6596855820549858,
    "RMSE": 1.2239752689997354,
    "AbsRel": 0.5367892056041293,
    "delta1": 0.4497572159767151,
    "delta2": 0.6688183315594991,
    "delta3": 0.796750254895952,
    "SILog": 0.517223661740621,
    "MAE_ffx": 0.7466133793195089,
    "mirror_better_rate": 0.2877777777777778,
    "mae_gain_if_mirrored": 0.012900974531140592,
    "MAE_low": 0.7351109711329142,
    "SHcoefL1": 0.3092639349835614,
    "sec_front": 0.7693418733278911,
    "sec_left": 0.7539755529827542,
    "sec_back": 0.7868353912565443,
    "sec_right": 0.7582231198416816,
    "sec_upper": 0.6509084439277649,
    "sec_lower": 0.2973187985685137
  }
}