{
  "test": {
    "MAE": 0.8940502611796061,
    "MAE_plain": 0.7490862961610159,
    "RMSE": 1.424055028549201,
    "AbsRel": 0.545140989224116,
    "delta1": 0.4474980103969574,
    "SILog": 0.5802232527732849,
    "MAE_ffx": 0.8511805669466654,
    "mirror_better_rate": 0.2752777854601542,
    "mae_gain_if_mirrored": 0.013491500451539953,
    "MAE_low": 0.8556035880247752,
    "SHcoefL1": 0.34827174939215183,
    "sec_front": 0.8941751635074615,
    "sec_left": 0.8749236325422923,
    "sec_back": 0.929137053489685,
    "sec_right": 0.8779652055104573,
    "sec_upper": 0.7899924788872401,
    "sec_lower": 0.3895306958754857
  }
}