{
  "test": {
    "MAE": 0.7716448614994685,
    "MAE_plain": 0.6541773688793182,
    "RMSE": 1.2307718300819397,
    "AbsRel": 0.47532425502936043,
    "delta1": 0.4430800586938858,
    "delta2": 0.6662385747830073,
    "delta3": 0.7969338031609853,
    "SILog": 0.5071169781684876,
    "MAE_ffx": 0.7402492201328278,
    "mirror_better_rate": 0.25000000710288683,
    "mae_gain_if_mirrored": 0.012649270285910461,
    "MAE_low": 0.7303656993309656,
    "SHcoefL1": 0.30725384975266123,
    "sec_front": 0.772158859372139,
    "sec_left": 0.7427208524942398,
    "sec_back": 0.7927510013182958,
    "sec_right": 0.7399829729398092,
    "sec_upper": 0.641781197488308,
    "sec_lower": 0.2952989063660304
  }
}