{
  "test": {
    "MAE": 0.9041132871309916,
    "MAE_plain": 0.7587887410322826,
    "RMSE": 1.4171980263949697,
    "AbsRel": 0.5599745444456736,
    "delta1": 0.45480254232883455,
    "delta2": 0.6740734273195267,
    "delta3": 0.8015554793675741,
    "SILog": 0.580556323925654,
    "MAE_ffx": 0.8644484680891037,
    "mirror_better_rate": 0.2586111184954643,
    "mae_gain_if_mirrored": 0.014763435277466973,
    "MAE_low": 0.8652012056112289,
    "SHcoefL1": 0.3521749134465224,
    "sec_front": 0.9144310100873312,
    "sec_left": 0.8828910809755325,
    "sec_back": 0.939826987584432,
    "sec_right": 0.8793040631214778,
    "sec_upper": 0.797303802371025,
    "sec_lower": 0.38490713606278104
  }
}