{
  "test": {
    "MAE": 0.9161017494731479,
    "MAE_plain": 0.774754096004698,
    "RMSE": 1.4521770997759094,
    "AbsRel": 0.5069921143187417,
    "delta1": 0.434771556324429,
    "SILog": 0.5769225540426043,
    "MAE_ffx": 0.8722715189721849,
    "mirror_better_rate": 0.2602777777777778,
    "mae_gain_if_mirrored": 0.01561707162608703,
    "MAE_low": 0.8785570210880703,
    "SHcoefL1": 0.3579502722248435,
    "sec_front": 0.9255939161777497,
    "sec_left": 0.8959326142734951,
    "sec_back": 0.9507160169548459,
    "sec_right": 0.8921644348568386,
    "sec_upper": 0.8356030507220162,
    "sec_lower": 0.3862916827201843
  }
}