{
  "test": {
    "MAE": 0.952329245408376,
    "MAE_plain": 0.7969871656099955,
    "RMSE": 1.4650389320142678,
    "AbsRel": 0.5961502873897553,
    "delta1": 0.4105033732785119,
    "SILog": 0.6017737925052643,
    "MAE_ffx": 0.9089271590444776,
    "mirror_better_rate": 0.29138888888888886,
    "mae_gain_if_mirrored": 0.01667046085000038,
    "MAE_low": 0.9141404154565599,
    "SHcoefL1": 0.3598089036676619,
    "sec_front": 0.9712990223036873,
    "sec_left": 0.9241747925016615,
    "sec_back": 0.9925456420580546,
    "sec_right": 0.9212975075509813,
    "sec_upper": 0.8444239491886563,
    "sec_lower": 0.4078927572568258
  },
  "mono": {
    "MAE": 1.5286749617258708,
    "MAE_plain": 1.2557855900128683,
    "RMSE": 2.2259547703745155,
    "AbsRel": 1.0362204419242012,
    "delta1": 0.2707572372754415,
    "SILog": 0.9820634513431126,
    "MAE_ffx": 1.4928256109025744,
    "mirror_better_rate": 0.49027777777777776,
    "mae_gain_if_mirrored": 0.019266355542673006,
    "MAE_low": 1.4949494504928589,
    "SHcoefL1": 0.5383239085723956,
    "sec_front": 1.4995254235797457,
    "sec_left": 1.6630638080173068,
    "sec_back": 1.355150646103753,
    "sec_right": 1.5969600269529554,
    "sec_upper": 1.380018269220988,
    "sec_lower": 0.618754575252533
  },
  "shuffle": {
    "MAE": 1.107940330505371,
    "MAE_plain": 0.9127713020642598,
    "RMSE": 1.645916804612909,
    "AbsRel": 0.7471799545817905,
    "delta1": 0.3601785201496548,
    "SILog": 0.7083254840638903,
    "MAE_ffx": 1.0627263726128473,
    "mirror_better_rate": 0.48388888888888887,
    "mae_gain_if_mirrored": 0.05205667940278848,
    "MAE_low": 1.0707019975450305,
    "SHcoefL1": 0.395108624930597,
    "sec_front": 1.1002580542034572,
    "sec_left": 1.1214085568322076,
    "sec_back": 1.0815443224377101,
    "sec_right": 1.1285503896077473,
    "sec_upper": 0.9401957281430562,
    "sec_lower": 0.4683136790328556
  },
  "swap": {
    "MAE": 1.119158804681566,
    "MAE_plain": 0.9174168427785238,
    "RMSE": 1.6551690000030166,
    "AbsRel": 0.7607845175266266,
    "delta1": 0.3605479704009162,
    "SILog": 0.7116408059332106,
    "MAE_ffx": 1.07433124727673,
    "mirror_better_rate": 0.6877777777777778,
    "mae_gain_if_mirrored": 0.11227868682808347,
    "MAE_low": 1.0825345153278774,
    "SHcoefL1": 0.3926519737496144,
    "sec_front": 1.066432077354855,
    "sec_left": 1.1660912015702989,
    "sec_back": 1.0740404529041714,
    "sec_right": 1.1700714598761663,
    "sec_upper": 0.9270860388543871,
    "sec_lower": 0.47147291051016915
  }
}