{
  "test": {
    "MAE": 0.7751254886388779,
    "MAE_plain": 0.6586079257726669,
    "RMSE": 1.2342668143908182,
    "AbsRel": 0.49719925661881764,
    "delta1": 0.45039130926132204,
    "delta2": 0.6711594267686208,
    "delta3": 0.7986425391832987,
    "SILog": 0.5161448939641317,
    "MAE_ffx": 0.7447381689151128,
    "mirror_better_rate": 0.26972223035991194,
    "mae_gain_if_mirrored": 0.013649813716959518,
    "MAE_low": 0.7331718691190083,
    "SHcoefL1": 0.3089689602185455,
    "sec_front": 0.7825339378913244,
    "sec_left": 0.7476605451107026,
    "sec_back": 0.7925892541805903,
    "sec_right": 0.7388984994093577,
    "sec_upper": 0.6516665134827296,
    "sec_lower": 0.29389563540617625
  }
}