{
  "test": {
    "MAE": 0.9122155996163687,
    "MAE_plain": 0.768155755798022,
    "RMSE": 1.4386118691258896,
    "AbsRel": 0.5368715953826905,
    "delta1": 0.4358682988087336,
    "SILog": 0.5797668115297954,
    "MAE_ffx": 0.8688316861788432,
    "mirror_better_rate": 0.24388889640569686,
    "mae_gain_if_mirrored": 0.013163979715900496,
    "MAE_low": 0.8741115605831147,
    "SHcoefL1": 0.35393042366951705,
    "sec_front": 0.9279525136947632,
    "sec_left": 0.8805192615588506,
    "sec_back": 0.9580433132251104,
    "sec_right": 0.8823473238945008,
    "sec_upper": 0.8294531797369321,
    "sec_lower": 0.3888532657424609
  },
  "mono": {
    "MAE": 1.1398296737670899,
    "MAE_plain": 0.9517144544919331,
    "RMSE": 1.6978891393778275,
    "AbsRel": 0.8128865492343903,
    "delta1": 0.37079608817895254,
    "SILog": 0.6843695378303528,
    "MAE_ffx": 1.1025593173503876,
    "mirror_better_rate": 0.4927777910232544,
    "mae_gain_if_mirrored": 0.009453283234809836,
    "MAE_low": 1.1036849514643352,
    "SHcoefL1": 0.4347267222859793,
    "sec_front": 1.0631033233801523,
    "sec_left": 1.2187345457077026,
    "sec_back": 1.0580954162279765,
    "sec_right": 1.219385426044464,
    "sec_upper": 0.9572032624483109,
    "sec_lower": 0.4850020382801692
  },
  "left": {
    "MAE": 1.1400181611378988,
    "MAE_plain": 0.9605668699741363,
    "RMSE": 1.6819875436976401,
    "AbsRel": 0.8076313066482544,
    "delta1": 0.36376088013251623,
    "SILog": 0.6894991868734359,
    "MAE_ffx": 1.0999562732378643,
    "mirror_better_rate": 0.49055556893348695,
    "mae_gain_if_mirrored": 0.00777263560720409,
    "MAE_low": 1.1042799158891041,
    "SHcoefL1": 0.4290047848369512,
    "sec_front": 1.0740365699927013,
    "sec_left": 1.2302649927139282,
    "sec_back": 1.073443845907847,
    "sec_right": 1.1823272160689036,
    "sec_upper": 0.976162068049113,
    "sec_lower": 0.5113439005613327
  },
  "right": {
    "MAE": 1.144927981297175,
    "MAE_plain": 0.9630285906791687,
    "RMSE": 1.6928109697934959,
    "AbsRel": 0.8129243431488673,
    "delta1": 0.3646009130279223,
    "SILog": 0.6903769101699193,
    "MAE_ffx": 1.1050345480442048,
    "mirror_better_rate": 0.49833334863185885,
    "mae_gain_if_mirrored": 0.008145284939867754,
    "MAE_low": 1.109215083916982,
    "SHcoefL1": 0.43174268334483107,
    "sec_front": 1.0675905350844066,
    "sec_left": 1.2032968473434449,
    "sec_back": 1.0789697817961375,
    "sec_right": 1.2298547395070394,
    "sec_upper": 0.976424623131752,
    "sec_lower": 0.5080881061156591
  },
  "shuffle": {
    "MAE": 1.1280703981717428,
    "MAE_plain": 0.9277594443162283,
    "RMSE": 1.6763234906682407,
    "AbsRel": 0.7572383318344752,
    "delta1": 0.3563831940293312,
    "SILog": 0.7309203940629959,
    "MAE_ffx": 1.0826537692546845,
    "mirror_better_rate": 0.4936111243565877,
    "mae_gain_if_mirrored": 0.05556433517485857,
    "MAE_low": 1.0911383052666983,
    "SHcoefL1": 0.4035503523693317,
    "sec_front": 1.1185824394226074,
    "sec_left": 1.1422507985432944,
    "sec_back": 1.1034242284297944,
    "sec_right": 1.1480241147677104,
    "sec_upper": 0.9537591223915418,
    "sec_lower": 0.48055197050174076
  },
  "swap": {
    "MAE": 1.1096628872553507,
    "MAE_plain": 0.9090248475472132,
    "RMSE": 1.6497009785871786,
    "AbsRel": 0.74103098432223,
    "delta1": 0.36509146879116694,
    "SILog": 0.7082695470253626,
    "MAE_ffx": 1.0647732059160868,
    "mirror_better_rate": 0.745000020066897,
    "mae_gain_if_mirrored": 0.13459314100444317,
    "MAE_low": 1.0725681169827779,
    "SHcoefL1": 0.39310961989892856,
    "sec_front": 1.0248772903283436,
    "sec_left": 1.1857032263278962,
    "sec_back": 1.0423385421435039,
    "sec_right": 1.1857324898242951,
    "sec_upper": 0.9196055437127749,
    "sec_lower": 0.46494840015967687,
    "swap_mirror_consistency": 0.30036332015313033
  }
}