{
  "test": {
    "MAE": 0.9216772238413493,
    "MAE_plain": 0.7756783030430476,
    "RMSE": 1.4570444576930246,
    "AbsRel": 0.527073653737704,
    "delta1": 0.43281554768482844,
    "SILog": 0.5864795559644699,
    "MAE_ffx": 0.8782070589065551,
    "mirror_better_rate": 0.26000000682969887,
    "mae_gain_if_mirrored": 0.016452156559486564,
    "MAE_low": 0.8846190285682678,
    "SHcoefL1": 0.35784286859341796,
    "sec_front": 0.9336931701501211,
    "sec_left": 0.8975636152426402,
    "sec_back": 0.9536742381254832,
    "sec_right": 0.9017778710524241,
    "sec_upper": 0.8303695084651311,
    "sec_lower": 0.39104002217451733
  },
  "mono": {
    "MAE": 1.1873952496051787,
    "MAE_plain": 0.9907727563381195,
    "RMSE": 1.7590748997426913,
    "AbsRel": 0.8933418351411819,
    "delta1": 0.36962146282196046,
    "SILog": 0.6893556300799052,
    "MAE_ffx": 1.1513480063279469,
    "mirror_better_rate": 0.5058333466450373,
    "mae_gain_if_mirrored": 0.01066502849260966,
    "MAE_low": 1.1519637342294058,
    "SHcoefL1": 0.45224235279899505,
    "sec_front": 1.0592693173885346,
    "sec_left": 1.338781408071518,
    "sec_back": 1.064742113351822,
    "sec_right": 1.2867881453037262,
    "sec_upper": 0.9807105565071106,
    "sec_lower": 0.5042780647675197
  },
  "left": {
    "MAE": 1.2401428063710531,
    "MAE_plain": 1.0397572871049245,
    "RMSE": 1.8539265226345751,
    "AbsRel": 0.911455297867457,
    "delta1": 0.35239037563403447,
    "SILog": 0.7170671182870865,
    "MAE_ffx": 1.2033050819238027,
    "mirror_better_rate": 0.49222223222255707,
    "mae_gain_if_mirrored": 0.008938309519241254,
    "MAE_low": 1.2059979212284089,
    "SHcoefL1": 0.4731040675193071,
    "sec_front": 1.1166364852587383,
    "sec_left": 1.4217464772860209,
    "sec_back": 1.0892906785011292,
    "sec_right": 1.332897540330887,
    "sec_upper": 1.017711602449417,
    "sec_lower": 0.5413459964593251
  },
  "right": {
    "MAE": 1.2613454500834147,
    "MAE_plain": 1.054728583097458,
    "RMSE": 1.897022772472335,
    "AbsRel": 0.9448247422774633,
    "delta1": 0.3529295293490092,
    "SILog": 0.7182332340876262,
    "MAE_ffx": 1.2250899962584179,
    "mirror_better_rate": 0.5013889028628667,
    "mae_gain_if_mirrored": 0.009441743018105625,
    "MAE_low": 1.2274329268932342,
    "SHcoefL1": 0.4780091965322693,
    "sec_front": 1.1227325010299682,
    "sec_left": 1.4198197734355926,
    "sec_back": 1.0996869830290477,
    "sec_right": 1.4031425567468008,
    "sec_upper": 1.0366447379191717,
    "sec_lower": 0.5358961971600851
  },
  "shuffle": {
    "MAE": 1.1337104590733846,
    "MAE_plain": 0.9341414133707683,
    "RMSE": 1.6878263187214109,
    "AbsRel": 0.7408954711755117,
    "delta1": 0.3524477002024651,
    "SILog": 0.7416136135657628,
    "MAE_ffx": 1.0883430445194244,
    "mirror_better_rate": 0.49111112356185915,
    "mae_gain_if_mirrored": 0.055821887866283455,
    "MAE_low": 1.0972550825277965,
    "SHcoefL1": 0.40435210356488827,
    "sec_front": 1.1271070937315624,
    "sec_left": 1.1329185219605764,
    "sec_back": 1.1127566715081534,
    "sec_right": 1.1620595133304596,
    "sec_upper": 0.9621779362360636,
    "sec_lower": 0.4846700532237689
  },
  "swap": {
    "MAE": 1.1126628625392914,
    "MAE_plain": 0.9134049139420192,
    "RMSE": 1.6599809449656007,
    "AbsRel": 0.7184994876384735,
    "delta1": 0.36352796882390975,
    "SILog": 0.7185782223939896,
    "MAE_ffx": 1.0675823577245076,
    "mirror_better_rate": 0.7191666849454244,
    "mae_gain_if_mirrored": 0.1343044079095125,
    "MAE_low": 1.0765328653653463,
    "SHcoefL1": 0.39492552906688716,
    "sec_front": 1.0306813172499338,
    "sec_left": 1.170360317627589,
    "sec_back": 1.052045045296351,
    "sec_right": 1.19756475965182,
    "sec_upper": 0.9232849458853404,
    "sec_lower": 0.4714935960372289,
    "swap_mirror_consistency": 0.33068748620440336
  }
}