{
  "test": {
    "MAE": 0.95260807328754,
    "MAE_plain": 0.8010582349035476,
    "RMSE": 1.4828350328636657,
    "AbsRel": 0.5992928534083897,
    "delta1": 0.42031279325485227,
    "SILog": 0.6154247739579942,
    "MAE_ffx": 0.9108581283357409,
    "mirror_better_rate": 0.30527777777777776,
    "mae_gain_if_mirrored": 0.0208851814435588,
    "MAE_low": 0.9141553195317587,
    "SHcoefL1": 0.37205318856984376,
    "sec_front": 0.9632881932788425,
    "sec_left": 0.9314720789591472,
    "sec_back": 0.9838348301251729,
    "sec_right": 0.9318371621767679,
    "sec_upper": 0.8473078478707208,
    "sec_lower": 0.40929773151874543
  },
  "mono": {
    "MAE": 1.1282236112488642,
    "MAE_plain": 0.927348448170556,
    "RMSE": 1.6544970704515982,
    "AbsRel": 0.8785850354035696,
    "delta1": 0.38555747787157696,
    "SILog": 0.685226689974467,
    "MAE_ffx": 1.0924015336566502,
    "mirror_better_rate": 0.48638888888888887,
    "mae_gain_if_mirrored": 0.022825358452068435,
    "MAE_low": 1.0894624302122329,
    "SHcoefL1": 0.4279054374516838,
    "sec_front": 1.0441146506203545,
    "sec_left": 1.178467280599806,
    "sec_back": 1.0415797413720025,
    "sec_right": 1.2487327204810248,
    "sec_upper": 0.9066459518008761,
    "sec_lower": 0.4650584355990092
  },
  "shuffle": {
    "MAE": 1.1324551402197944,
    "MAE_plain": 0.9342789549297756,
    "RMSE": 1.689162979668701,
    "AbsRel": 0.7731186355484857,
    "delta1": 0.35771563861105177,
    "SILog": 0.7346208975050185,
    "MAE_ffx": 1.0888456183009678,
    "mirror_better_rate": 0.49972222222222223,
    "mae_gain_if_mirrored": 0.05295101145903269,
    "MAE_low": 1.0948276895946927,
    "SHcoefL1": 0.4134512017522421,
    "sec_front": 1.1285021013683743,
    "sec_left": 1.1130604293611315,
    "sec_back": 1.0970425277286107,
    "sec_right": 1.1912155379189386,
    "sec_upper": 0.9549020613564385,
    "sec_lower": 0.476706827878952
  },
  "swap": {
    "MAE": 1.1213610643810696,
    "MAE_plain": 0.9222140998310513,
    "RMSE": 1.668558221381529,
    "AbsRel": 0.7780262054337396,
    "delta1": 0.3660451470481025,
    "SILog": 0.728475992679596,
    "MAE_ffx": 1.0788086578581069,
    "mirror_better_rate": 0.6972222222222222,
    "mae_gain_if_mirrored": 0.12189693298604753,
    "MAE_low": 1.0839512218369378,
    "SHcoefL1": 0.4072634834237397,
    "sec_front": 1.0482820791668361,
    "sec_left": 1.177679764429728,
    "sec_back": 1.061192802058326,
    "sec_right": 1.198289631737603,
    "sec_upper": 0.9243701802359687,
    "sec_lower": 0.47597519199053445
  }
}