{
  "test": {
    "MAE": 0.8117444642384847,
    "MAE_plain": 0.6871271963914235,
    "RMSE": 1.2448843280474344,
    "AbsRel": 0.6227964286009471,
    "delta1": 0.4356484647591909,
    "delta2": 0.6501717857519785,
    "delta3": 0.7818040223916372,
    "SILog": 0.5402070415019989,
    "MAE_ffx": 0.7860809201002121,
    "mirror_better_rate": 0.26555556307236355,
    "mae_gain_if_mirrored": 0.016877150750466776,
    "MAE_low": 0.7712140264113744,
    "SHcoefL1": 0.31969881200542055,
    "sec_front": 0.7951058799028397,
    "sec_left": 0.7994054780403773,
    "sec_back": 0.8589029236634572,
    "sec_right": 0.7672844622532526,
    "sec_upper": 0.67900645489494,
    "sec_lower": 0.3103940533598264
  }
}