{
  "test": {
    "MAE": 0.9689639616012573,
    "MAE_plain": 0.8120790668328604,
    "RMSE": 1.4928798918314923,
    "AbsRel": 0.6305625895659129,
    "delta1": 0.40775248686472576,
    "SILog": 0.6204923903942108,
    "MAE_ffx": 0.9258348687489828,
    "mirror_better_rate": 0.3175000081459681,
    "mae_gain_if_mirrored": 0.018736386143912872,
    "MAE_low": 0.930366747379303,
    "SHcoefL1": 0.37445672396570445,
    "sec_front": 0.9632399479548136,
    "sec_left": 0.979939177831014,
    "sec_back": 1.0084164492289225,
    "sec_right": 0.9242603007952372,
    "sec_upper": 0.8570959361394247,
    "sec_lower": 0.41650526781876884
  },
  "mono": {
    "MAE": 1.123886477947235,
    "MAE_plain": 0.9203140044212341,
    "RMSE": 1.6615051723405694,
    "AbsRel": 0.8731613334019979,
    "delta1": 0.38544918020566304,
    "SILog": 0.6832015466690063,
    "MAE_ffx": 1.0867770981788636,
    "mirror_better_rate": 0.49833334565162657,
    "mae_gain_if_mirrored": 0.04423323752979438,
    "MAE_low": 1.0846496375401815,
    "SHcoefL1": 0.432724572043452,
    "sec_front": 1.0046481172243753,
    "sec_left": 1.0661842608451844,
    "sec_back": 1.069937251408895,
    "sec_right": 1.3547763482729593,
    "sec_upper": 0.909304457505544,
    "sec_lower": 0.445158877770106
  },
  "shuffle": {
    "MAE": 1.1059883030255635,
    "MAE_plain": 0.9132254687945048,
    "RMSE": 1.6506712825371501,
    "AbsRel": 0.7571322492758433,
    "delta1": 0.36309538563092547,
    "SILog": 0.7012816659609477,
    "MAE_ffx": 1.061778651078542,
    "mirror_better_rate": 0.48500001192092895,
    "mae_gain_if_mirrored": 0.04272475729386012,
    "MAE_low": 1.0681710839271545,
    "SHcoefL1": 0.4057729029117359,
    "sec_front": 1.0959117571512857,
    "sec_left": 1.0739485851923625,
    "sec_back": 1.092719213962555,
    "sec_right": 1.1613736494382223,
    "sec_upper": 0.9395429255565008,
    "sec_lower": 0.4605041110515595
  },
  "swap": {
    "MAE": 1.0880865224202474,
    "MAE_plain": 0.8965256706873576,
    "RMSE": 1.6314033096428049,
    "AbsRel": 0.7395145483811696,
    "delta1": 0.3698927994569143,
    "SILog": 0.6902639857927958,
    "MAE_ffx": 1.044066313902537,
    "mirror_better_rate": 0.6713889106114705,
    "mae_gain_if_mirrored": 0.08884103169043858,
    "MAE_low": 1.0509019994735718,
    "SHcoefL1": 0.401420858150555,
    "sec_front": 1.018805174032847,
    "sec_left": 1.089762733777364,
    "sec_back": 1.0672715671857198,
    "sec_right": 1.176506594022115,
    "sec_upper": 0.9124413921435675,
    "sec_lower": 0.4554601299762726
  }
}