{
  "test": {
    "MAE": 0.8975809343655904,
    "MAE_plain": 0.7536910589536031,
    "RMSE": 1.4210582074390263,
    "AbsRel": 0.5617039223512014,
    "delta1": 0.4505794314543406,
    "SILog": 0.5822286768754323,
    "MAE_ffx": 0.8564598258336386,
    "mirror_better_rate": 0.2855555651585261,
    "mae_gain_if_mirrored": 0.014449713990713159,
    "MAE_low": 0.8593287519613901,
    "SHcoefL1": 0.35139287361875177,
    "sec_front": 0.8908066113789876,
    "sec_left": 0.8889602041244506,
    "sec_back": 0.9238969469070435,
    "sec_right": 0.8866599647204081,
    "sec_upper": 0.7991436501344045,
    "sec_lower": 0.3877874857187271
  }
}