{
  "test": {
    "MAE": 0.7751144186655681,
    "MAE_plain": 0.6576655515034994,
    "RMSE": 1.2418287575244904,
    "AbsRel": 0.4778645666440328,
    "delta1": 0.44763590971628825,
    "delta2": 0.6667286505301794,
    "delta3": 0.7960912684599558,
    "SILog": 0.5098147821426392,
    "MAE_ffx": 0.7433007085323333,
    "mirror_better_rate": 0.2691666748871406,
    "mae_gain_if_mirrored": 0.013122665043338201,
    "MAE_low": 0.7338643089930217,
    "SHcoefL1": 0.3090769848993255,
    "sec_front": 0.7693068343400955,
    "sec_left": 0.7506958953539531,
    "sec_back": 0.7913144884506861,
    "sec_right": 0.7495808998743693,
    "sec_upper": 0.6461514983077844,
    "sec_lower": 0.29491381863753
  }
}