{
  "test": {
    "MAE": 0.9103986697726779,
    "MAE_plain": 0.7659494254324172,
    "RMSE": 1.4269334832271938,
    "AbsRel": 0.5586408288611306,
    "delta1": 0.44439500325255926,
    "SILog": 0.5746351113584307,
    "MAE_ffx": 0.8684978263907962,
    "mirror_better_rate": 0.2536111111111111,
    "mae_gain_if_mirrored": 0.01442727121627993,
    "MAE_low": 0.8720368497901493,
    "SHcoefL1": 0.3528775165250732,
    "sec_front": 0.9238148476017846,
    "sec_left": 0.8859950223233964,
    "sec_back": 0.9493916069136725,
    "sec_right": 0.8823931970861223,
    "sec_upper": 0.8167625883552763,
    "sec_lower": 0.3919568821456697
  },
  "mono": {
    "MAE": 1.7261723036236234,
    "MAE_plain": 1.628398248354594,
    "RMSE": 2.113462684548976,
    "AbsRel": 1.5162960538599226,
    "delta1": 0.21146849671999612,
    "SILog": 0.6729681985908085,
    "MAE_ffx": 1.6975691848331027,
    "mirror_better_rate": 0.5088888888888888,
    "mae_gain_if_mirrored": 0.0077415167457527585,
    "MAE_low": 1.6916263045205011,
    "SHcoefL1": 0.4585168588492605,
    "sec_front": 1.537279987335205,
    "sec_left": 1.8064339261584812,
    "sec_back": 1.6435930315653484,
    "sec_right": 1.9173823075824314,
    "sec_upper": 1.962762983640035,
    "sec_lower": 1.1309988543722365
  },
  "shuffle": {
    "MAE": 1.1349956520398459,
    "MAE_plain": 0.9321714491314358,
    "RMSE": 1.6780898234545716,
    "AbsRel": 0.7708754195107355,
    "delta1": 0.35997599396440716,
    "SILog": 0.7205665963225895,
    "MAE_ffx": 1.090930151409573,
    "mirror_better_rate": 0.4880555555555556,
    "mae_gain_if_mirrored": 0.05308248581985633,
    "MAE_low": 1.0979230104552375,
    "SHcoefL1": 0.40652382564420503,
    "sec_front": 1.140881978670756,
    "sec_left": 1.139572726090749,
    "sec_back": 1.1117859437730577,
    "sec_right": 1.1477419805526734,
    "sec_upper": 0.9517667429976994,
    "sec_lower": 0.4837545611461004
  },
  "swap": {
    "MAE": 1.094120066165924,
    "MAE_plain": 0.8963542791207632,
    "RMSE": 1.635420505594186,
    "AbsRel": 0.7293033636278576,
    "delta1": 0.38155077437559765,
    "SILog": 0.6944235622882843,
    "MAE_ffx": 1.050589538945092,
    "mirror_better_rate": 0.7316666666666667,
    "mae_gain_if_mirrored": 0.14613995454377599,
    "MAE_low": 1.0572253118620978,
    "SHcoefL1": 0.389896276127547,
    "sec_front": 0.9998255756166247,
    "sec_left": 1.1810565896828968,
    "sec_back": 1.024487819009357,
    "sec_right": 1.1711103092299566,
    "sec_upper": 0.8995744266774919,
    "sec_lower": 0.46090452823374006
  }
}