{
  "test": {
    "MAE": 0.9001645733912785,
    "MAE_plain": 0.7587912660837174,
    "RMSE": 1.4366276811918604,
    "AbsRel": 0.5116174234946569,
    "delta1": 0.44912767469882964,
    "SILog": 0.5790402243534724,
    "MAE_ffx": 0.8575859779119491,
    "mirror_better_rate": 0.26166667371988295,
    "mae_gain_if_mirrored": 0.015164755559526384,
    "MAE_low": 0.8626886437336604,
    "SHcoefL1": 0.3543931585467524,
    "sec_front": 0.9152448876698812,
    "sec_left": 0.8834697089592616,
    "sec_back": 0.9262072890996933,
    "sec_right": 0.8757363700866699,
    "sec_upper": 0.8113640554745992,
    "sec_lower": 0.3851939544081688
  }
}