{
  "test": {
    "MAE": 0.9690411281585694,
    "MAE_plain": 0.8054840163389841,
    "RMSE": 1.4603563507171768,
    "AbsRel": 0.6582878947257995,
    "delta1": 0.41184027036031085,
    "SILog": 0.61439537525177,
    "MAE_ffx": 0.9272087073326111,
    "mirror_better_rate": 0.47888890345891316,
    "mae_gain_if_mirrored": 0.005770099793250362,
    "MAE_low": 0.9298383744557699,
    "SHcoefL1": 0.35992896812657516,
    "sec_front": 0.9403882018725077,
    "sec_left": 0.9763697163263957,
    "sec_back": 0.9622475902239481,
    "sec_right": 0.9971589573224385,
    "sec_upper": 0.8310639071464538,
    "sec_lower": 0.42264177004496256
  },
  "mono": {
    "MAE": 1.5049516868591308,
    "MAE_plain": 1.279365054766337,
    "RMSE": 2.0758152747112266,
    "AbsRel": 1.2606436363855997,
    "delta1": 0.3046785394350688,
    "SILog": 0.8094058028856913,
    "MAE_ffx": 1.4683011213938395,
    "mirror_better_rate": 0.4983333496252696,
    "mae_gain_if_mirrored": 0.002797086297844847,
    "MAE_low": 1.47092307249705,
    "SHcoefL1": 0.506070888063146,
    "sec_front": 1.631861473719279,
    "sec_left": 1.6212425883611044,
    "sec_back": 1.176125512123108,
    "sec_right": 1.5905771557490032,
    "sec_upper": 1.4971351575851441,
    "sec_lower": 0.4829668923219045
  },
  "shuffle": {
    "MAE": 1.1131134072939555,
    "MAE_plain": 0.9157626922925314,
    "RMSE": 1.6276763676367565,
    "AbsRel": 0.8026289999485016,
    "delta1": 0.36635779778162636,
    "SILog": 0.7113363218307495,
    "MAE_ffx": 1.0698141662279765,
    "mirror_better_rate": 0.4791666797796885,
    "mae_gain_if_mirrored": 0.004168057050555944,
    "MAE_low": 1.075057548681895,
    "SHcoefL1": 0.39331260772008036,
    "sec_front": 1.1291361888249716,
    "sec_left": 1.1077244726816813,
    "sec_back": 1.1176694234212239,
    "sec_right": 1.0979235331217447,
    "sec_upper": 0.9334824977318446,
    "sec_lower": 0.4784205639362335
  },
  "swap": {
    "MAE": 0.9690335019429525,
    "MAE_plain": 0.805504089196523,
    "RMSE": 1.4624258092227758,
    "AbsRel": 0.6543455644448598,
    "delta1": 0.41135042905807495,
    "SILog": 0.6149832173188527,
    "MAE_ffx": 0.9270325024922689,
    "mirror_better_rate": 0.5013889078299204,
    "mae_gain_if_mirrored": 0.0064140561191986,
    "MAE_low": 0.9298881487051646,
    "SHcoefL1": 0.3599432328136431,
    "sec_front": 0.9402220861117045,
    "sec_left": 0.9877975837389628,
    "sec_back": 0.9610890730222066,
    "sec_right": 0.9870252704620361,
    "sec_upper": 0.8310134430726369,
    "sec_lower": 0.4226863165696462
  }
}