{
  "test": {
    "MAE": 0.9270743544896444,
    "MAE_plain": 0.7803880245486895,
    "RMSE": 1.426403785797668,
    "AbsRel": 0.5835412790377935,
    "delta1": 0.432118766506513,
    "SILog": 0.57068705757459,
    "MAE_ffx": 0.8844449190298717,
    "mirror_better_rate": 0.27611111824711165,
    "mae_gain_if_mirrored": 0.013883149031175511,
    "MAE_low": 0.8892245547970136,
    "SHcoefL1": 0.3565018650910093,
    "sec_front": 0.940475260814031,
    "sec_left": 0.9083362260460853,
    "sec_back": 0.9532088040312131,
    "sec_right": 0.906277149717013,
    "sec_upper": 0.8221715653687716,
    "sec_lower": 0.4065091593563557
  }
}