{
  "test": {
    "MAE": 0.909836589495341,
    "MAE_plain": 0.7684893551137713,
    "RMSE": 1.4596637273803115,
    "AbsRel": 0.4858340115679635,
    "delta1": 0.44486779034137724,
    "SILog": 0.5763862281375461,
    "MAE_ffx": 0.8657233903143141,
    "mirror_better_rate": 0.265,
    "mae_gain_if_mirrored": 0.015446466940144697,
    "MAE_low": 0.8729613931973775,
    "SHcoefL1": 0.35864539936909245,
    "sec_front": 0.925084981918335,
    "sec_left": 0.8895940305127038,
    "sec_back": 0.9427067244052887,
    "sec_right": 0.8819606411457062,
    "sec_upper": 0.8249960139393806,
    "sec_lower": 0.38541187442011304
  }
}