{
  "test": {
    "MAE": 0.9249927226702372,
    "MAE_plain": 0.7777108136812846,
    "RMSE": 1.454958146142376,
    "AbsRel": 0.5524574176470438,
    "delta1": 0.4355540287494659,
    "SILog": 0.590036405523618,
    "MAE_ffx": 0.8823358792066575,
    "mirror_better_rate": 0.25888889697690803,
    "mae_gain_if_mirrored": 0.015508926487915839,
    "MAE_low": 0.8870457295576731,
    "SHcoefL1": 0.3585238878449632,
    "sec_front": 0.9401618349552154,
    "sec_left": 0.894481904109319,
    "sec_back": 0.9651770089070002,
    "sec_right": 0.9001501609881719,
    "sec_upper": 0.8321794993678728,
    "sec_lower": 0.390334398051103
  },
  "mono": {
    "MAE": 1.1762657658259075,
    "MAE_plain": 0.9750527334213257,
    "RMSE": 1.7515401889470648,
    "AbsRel": 0.8624246374766031,
    "delta1": 0.36680426200230914,
    "SILog": 0.6975646940867106,
    "MAE_ffx": 1.1375747354825338,
    "mirror_better_rate": 0.4850000117222468,
    "mae_gain_if_mirrored": 0.007446095896108697,
    "MAE_low": 1.1405971852938335,
    "SHcoefL1": 0.45139121437445284,
    "sec_front": 1.044131596883138,
    "sec_left": 1.2996857523918153,
    "sec_back": 1.053788267771403,
    "sec_right": 1.3074574542045594,
    "sec_upper": 0.9537662220001221,
    "sec_lower": 0.4899280102054278
  },
  "left": {
    "MAE": 1.2204447277386983,
    "MAE_plain": 1.0169927597045898,
    "RMSE": 1.8027931266133166,
    "AbsRel": 0.8949715004364649,
    "delta1": 0.3552102941274643,
    "SILog": 0.7220328557491302,
    "MAE_ffx": 1.1809115246931712,
    "mirror_better_rate": 0.5022222366929054,
    "mae_gain_if_mirrored": 0.00783051388260598,
    "MAE_low": 1.1854501032829285,
    "SHcoefL1": 0.4634652035393649,
    "sec_front": 1.0777927009264627,
    "sec_left": 1.3744192516803742,
    "sec_back": 1.0808509822686514,
    "sec_right": 1.3487159458796183,
    "sec_upper": 0.9939403706789016,
    "sec_lower": 0.5233884527285894
  },
  "right": {
    "MAE": 1.2138752257823944,
    "MAE_plain": 1.011457515557607,
    "RMSE": 1.797869905286289,
    "AbsRel": 0.8893645918369293,
    "delta1": 0.3577356979250908,
    "SILog": 0.7186589352289836,
    "MAE_ffx": 1.1743321414788563,
    "mirror_better_rate": 0.4830555675427119,
    "mae_gain_if_mirrored": 0.006193345461506397,
    "MAE_low": 1.178784058491389,
    "SHcoefL1": 0.46203161709631485,
    "sec_front": 1.0675435427824655,
    "sec_left": 1.3301022430260976,
    "sec_back": 1.07963884751002,
    "sec_right": 1.3782162908713023,
    "sec_upper": 0.9902673435211181,
    "sec_lower": 0.5189948536952337
  },
  "shuffle": {
    "MAE": 1.1411088248093924,
    "MAE_plain": 0.9377783093849817,
    "RMSE": 1.6949848162599994,
    "AbsRel": 0.7701786204179129,
    "delta1": 0.35449612547953924,
    "SILog": 0.7415767033894857,
    "MAE_ffx": 1.0965969860553741,
    "mirror_better_rate": 0.49888890425364174,
    "mae_gain_if_mirrored": 0.05604270951511959,
    "MAE_low": 1.10418350537618,
    "SHcoefL1": 0.40737870869951115,
    "sec_front": 1.1420623020331064,
    "sec_left": 1.1475203478336333,
    "sec_back": 1.114745083252589,
    "sec_right": 1.1601075534025829,
    "sec_upper": 0.9566075610121091,
    "sec_lower": 0.4837560392419497
  },
  "swap": {
    "MAE": 1.1156227684020996,
    "MAE_plain": 0.914779398838679,
    "RMSE": 1.664731258154752,
    "AbsRel": 0.7365286574761073,
    "delta1": 0.3657832518219948,
    "SILog": 0.7128680308659872,
    "MAE_ffx": 1.071422992547353,
    "mirror_better_rate": 0.730833354194959,
    "mae_gain_if_mirrored": 0.1354587231700619,
    "MAE_low": 1.0788188823064169,
    "SHcoefL1": 0.39598366047980055,
    "sec_front": 1.039659516811371,
    "sec_left": 1.1912353618939717,
    "sec_back": 1.0442964204152425,
    "sec_right": 1.1872997371355694,
    "sec_upper": 0.9208337471882502,
    "sec_lower": 0.4646025097370148,
    "swap_mirror_consistency": 0.3499716244660171
  }
}