{
  "test": {
    "MAE": 0.7693662948078579,
    "MAE_plain": 0.6522948463757833,
    "RMSE": 1.210032463868459,
    "AbsRel": 0.5475625958707597,
    "delta1": 0.45406061437394885,
    "delta2": 0.6710279232925839,
    "delta3": 0.7986373029814826,
    "SILog": 0.51465641034974,
    "MAE_ffx": 0.7416769254207611,
    "mirror_better_rate": 0.24444444444444444,
    "mae_gain_if_mirrored": 0.012273380611505774,
    "MAE_low": 0.7290184654129876,
    "SHcoefL1": 0.3042014732718882,
    "sec_front": 0.768825652996699,
    "sec_left": 0.7420748461617364,
    "sec_back": 0.7931176425351036,
    "sec_right": 0.7432293478647868,
    "sec_upper": 0.6433807122045093,
    "sec_lower": 0.29892538216378955
  }
}