{
  "test": {
    "MAE": 0.8869280769427618,
    "MAE_plain": 0.7455529948075612,
    "RMSE": 1.4220875001290156,
    "AbsRel": 0.5200149583816528,
    "delta1": 0.4631617126862208,
    "delta2": 0.6779854315519332,
    "delta3": 0.8028111859162649,
    "SILog": 0.571656554142634,
    "MAE_ffx": 0.8451526085535686,
    "mirror_better_rate": 0.25277778424322606,
    "mae_gain_if_mirrored": 0.014982201498157034,
    "MAE_low": 0.8489641926685969,
    "SHcoefL1": 0.349669393626973,
    "sec_front": 0.8839757990837097,
    "sec_left": 0.8710650930802027,
    "sec_back": 0.9245919100443523,
    "sec_right": 0.868079475959142,
    "sec_upper": 0.787298650642236,
    "sec_lower": 0.3853274608651797
  }
}