{
  "test": {
    "MAE": 0.9630073964595794,
    "MAE_plain": 0.8092042716344198,
    "RMSE": 1.4751499466300984,
    "AbsRel": 0.647739799618721,
    "delta1": 0.4230055984854698,
    "delta2": 0.6428183698654175,
    "delta3": 0.7765328027804692,
    "SILog": 0.6076451635360718,
    "MAE_ffx": 0.9226488586266836,
    "mirror_better_rate": 0.3011111205071211,
    "mae_gain_if_mirrored": 0.02099663438120236,
    "MAE_low": 0.9247594767808914,
    "SHcoefL1": 0.37444220427423713,
    "sec_front": 0.9414270742734273,
    "sec_left": 0.9759895390272141,
    "sec_back": 1.0216609923044842,
    "sec_right": 0.9129519494374593,
    "sec_upper": 0.8524684861302376,
    "sec_lower": 0.4238845211267471
  }
}