{
  "run": "B_echodiff_s1",
  "MAE": 0.9829441498385535,
  "MAE_plain": 0.8196436482005649,
  "RMSE": 1.4694497599440832,
  "AbsRel": 0.6532076247533163,
  "delta1": 0.39758138053947023,
  "delta2": 0.6191409762700398,
  "delta3": 0.7643738974465264,
  "SILog": 0.6008999890751309,
  "MAE_ffx": 0.93993337114652,
  "mirror_better_rate": 0.38222222222222224,
  "mae_gain_if_mirrored": 0.021082676781548394,
  "MAE_low": 0.9431834089756012,
  "SHcoefL1": 0.36442871898619666,
  "sec_front": 0.9758042036162482,
  "sec_left": 0.9669400996632046,
  "sec_back": 0.9891905672020382,
  "sec_right": 0.9998417282104493,
  "sec_upper": 0.8529601777262158,
  "sec_lower": 0.43159725315041014
}