{
  "test": {
    "MAE": 0.9065012497372097,
    "MAE_plain": 0.7645594975683424,
    "RMSE": 1.4607017708422019,
    "AbsRel": 0.49328855686717565,
    "delta1": 0.44750780873828466,
    "SILog": 0.586294832362069,
    "MAE_ffx": 0.8630132876502143,
    "mirror_better_rate": 0.25722222222222224,
    "mae_gain_if_mirrored": 0.01505609835187594,
    "MAE_low": 0.8694790106349521,
    "SHcoefL1": 0.35878605756494736,
    "sec_front": 0.9217730363210043,
    "sec_left": 0.8885659159554375,
    "sec_back": 0.9411879393789503,
    "sec_right": 0.8744781033198039,
    "sec_upper": 0.8195148330264621,
    "sec_lower": 0.38446491479873657
  }
}