{
  "test": {
    "MAE": 0.9046631427605947,
    "MAE_plain": 0.7633195960521698,
    "RMSE": 1.4721321116443407,
    "AbsRel": 0.47089954813321433,
    "delta1": 0.45319825092951455,
    "SILog": 0.5882599039872487,
    "MAE_ffx": 0.8609198637803396,
    "mirror_better_rate": 0.24972222842276096,
    "mae_gain_if_mirrored": 0.015423140520773208,
    "MAE_low": 0.8683848710854848,
    "SHcoefL1": 0.3605761861904628,
    "sec_front": 0.9201328337192536,
    "sec_left": 0.8804671984910964,
    "sec_back": 0.9391095606486003,
    "sec_right": 0.8789429670572281,
    "sec_upper": 0.8142405234773954,
    "sec_lower": 0.3859859267870585
  }
}