{
  "test": {
    "MAE": 0.9559067172474331,
    "MAE_plain": 0.7993603777885437,
    "RMSE": 1.466144513250824,
    "AbsRel": 0.6274440799819099,
    "delta1": 0.4184619858529833,
    "SILog": 0.6105342529879676,
    "MAE_ffx": 0.9155657294061449,
    "mirror_better_rate": 0.2947222222222222,
    "mae_gain_if_mirrored": 0.02141106846431891,
    "MAE_low": 0.916235441631741,
    "SHcoefL1": 0.3704599503758881,
    "sec_front": 0.9643182388941447,
    "sec_left": 0.9448400847117107,
    "sec_back": 0.9923138451576233,
    "sec_right": 0.922154630555047,
    "sec_upper": 0.8396667181120978,
    "sec_lower": 0.4081240726179547
  },
  "mono": {
    "MAE": 1.104070033232371,
    "MAE_plain": 0.9038628133138021,
    "RMSE": 1.627350759384809,
    "AbsRel": 0.8448802399635315,
    "delta1": 0.3891195804542965,
    "SILog": 0.6776609133349525,
    "MAE_ffx": 1.0671027562353346,
    "mirror_better_rate": 0.49277777777777776,
    "mae_gain_if_mirrored": 0.03528931241068575,
    "MAE_low": 1.0642086177402073,
    "SHcoefL1": 0.4232765778299007,
    "sec_front": 1.0146328547265795,
    "sec_left": 1.1976381532351177,
    "sec_back": 1.0387767802344428,
    "sec_right": 1.1652323537402682,
    "sec_upper": 0.8903279172049628,
    "sec_lower": 0.4465482637617323
  },
  "shuffle": {
    "MAE": 1.1335974725087483,
    "MAE_plain": 0.9305950331687928,
    "RMSE": 1.676892868226952,
    "AbsRel": 0.8047278263833788,
    "delta1": 0.3623296430375841,
    "SILog": 0.7274046805169847,
    "MAE_ffx": 1.0912321763568453,
    "mirror_better_rate": 0.49277777777777776,
    "mae_gain_if_mirrored": 0.054488217565748426,
    "MAE_low": 1.0946881543265448,
    "SHcoefL1": 0.41218872054790456,
    "sec_front": 1.1253414143456353,
    "sec_left": 1.1208944824006823,
    "sec_back": 1.093741414282057,
    "sec_right": 1.1944125530454848,
    "sec_upper": 0.9469812252786425,
    "sec_lower": 0.47013039575682747
  },
  "swap": {
    "MAE": 1.123692126803928,
    "MAE_plain": 0.919543178346422,
    "RMSE": 1.6608111973855262,
    "AbsRel": 0.7963704852263133,
    "delta1": 0.36673321154382493,
    "SILog": 0.7186468731032477,
    "MAE_ffx": 1.0813847258355882,
    "mirror_better_rate": 0.6919444444444445,
    "mae_gain_if_mirrored": 0.12227765229013231,
    "MAE_low": 1.0853049495485094,
    "SHcoefL1": 0.4063156047980819,
    "sec_front": 1.057282481458452,
    "sec_left": 1.174370560646057,
    "sec_back": 1.062666387293074,
    "sec_right": 1.2004490428500705,
    "sec_upper": 0.9205189095603095,
    "sec_lower": 0.47041864726278515
  }
}