{
  "test": {
    "MAE": 0.8999062093098958,
    "MAE_plain": 0.757258003950119,
    "RMSE": 1.480409645776495,
    "AbsRel": 0.46596210916837055,
    "delta1": 0.45896825432777405,
    "SILog": 0.5961748667558034,
    "MAE_ffx": 0.8580216844876607,
    "mirror_better_rate": 0.25583334028720855,
    "mae_gain_if_mirrored": 0.014185372178132335,
    "MAE_low": 0.8639830660820007,
    "SHcoefL1": 0.36219672709496487,
    "sec_front": 0.9047171258926392,
    "sec_left": 0.8745234640439351,
    "sec_back": 0.9411298497517904,
    "sec_right": 0.8792543951670329,
    "sec_upper": 0.805434933702151,
    "sec_lower": 0.3852902787923813
  }
}