{
  "test": {
    "MAE": 0.8901125729084015,
    "MAE_plain": 0.7484324238697688,
    "RMSE": 1.4443630104985732,
    "AbsRel": 0.4921388683716456,
    "delta1": 0.46352835396925607,
    "SILog": 0.5786554606755575,
    "MAE_ffx": 0.8480351664622625,
    "mirror_better_rate": 0.24444445252418517,
    "mae_gain_if_mirrored": 0.01509084817681772,
    "MAE_low": 0.8531460362672806,
    "SHcoefL1": 0.3530444973293278,
    "sec_front": 0.8925243063767752,
    "sec_left": 0.8752954882383347,
    "sec_back": 0.9243865597248078,
    "sec_right": 0.8682439450422923,
    "sec_upper": 0.7960143570105235,
    "sec_lower": 0.3810087486108144
  }
}