{
  "test": {
    "MAE": 0.9373070243332121,
    "MAE_plain": 0.7877084610859553,
    "RMSE": 1.437270568528124,
    "AbsRel": 0.5747123970919186,
    "delta1": 0.428071656094657,
    "SILog": 0.5713765925168991,
    "MAE_ffx": 0.8949039758576287,
    "mirror_better_rate": 0.2772222222222222,
    "mae_gain_if_mirrored": 0.015854653463595443,
    "MAE_low": 0.8987510932816399,
    "SHcoefL1": 0.3589395168216692,
    "sec_front": 0.949263155327903,
    "sec_left": 0.9142249633206262,
    "sec_back": 0.9767467000749376,
    "sec_right": 0.9089932503302892,
    "sec_upper": 0.8354048229422835,
    "sec_lower": 0.39958413541316984
  },
  "mono": {
    "MAE": 1.260523091422187,
    "MAE_plain": 1.0248512375354766,
    "RMSE": 1.8974684225598,
    "AbsRel": 0.90987653626336,
    "delta1": 0.35759784933593536,
    "SILog": 0.7141903642151091,
    "MAE_ffx": 1.2257320300738017,
    "mirror_better_rate": 0.5227777777777778,
    "mae_gain_if_mirrored": 0.009848440264662106,
    "MAE_low": 1.2260948280493418,
    "SHcoefL1": 0.49800399439202414,
    "sec_front": 1.0855266139904658,
    "sec_left": 1.4204848171605005,
    "sec_back": 1.1048036212391323,
    "sec_right": 1.4312773036956787,
    "sec_upper": 0.9504073230425517,
    "sec_lower": 0.4961224475171831
  },
  "left": {
    "MAE": 1.3082562651899126,
    "MAE_plain": 1.0637684873739879,
    "RMSE": 1.9820767536804835,
    "AbsRel": 0.9618236452009943,
    "delta1": 0.3503186568617821,
    "SILog": 0.7299871362580194,
    "MAE_ffx": 1.272634727160136,
    "mirror_better_rate": 0.5225,
    "mae_gain_if_mirrored": 0.007353109651141696,
    "MAE_low": 1.2747598927550845,
    "SHcoefL1": 0.5169156648508376,
    "sec_front": 1.1041013370619879,
    "sec_left": 1.5207353336281246,
    "sec_back": 1.1095769366290835,
    "sec_right": 1.4986114740371703,
    "sec_upper": 0.9724786952137947,
    "sec_lower": 0.5130234440830019
  },
  "right": {
    "MAE": 1.3149227325121562,
    "MAE_plain": 1.0683521624406178,
    "RMSE": 1.99406414079563,
    "AbsRel": 0.9744469358854824,
    "delta1": 0.3518506321310997,
    "SILog": 0.7291208865907457,
    "MAE_ffx": 1.2795598485734727,
    "mirror_better_rate": 0.5,
    "mae_gain_if_mirrored": 0.006468013169036971,
    "MAE_low": 1.281521305905448,
    "SHcoefL1": 0.518910268255406,
    "sec_front": 1.1014135185215208,
    "sec_left": 1.5070611455705432,
    "sec_back": 1.1149785802761714,
    "sec_right": 1.536237675084008,
    "sec_upper": 0.976025392976072,
    "sec_lower": 0.5104992554254002
  },
  "shuffle": {
    "MAE": 1.1265093292130364,
    "MAE_plain": 0.9270864754915238,
    "RMSE": 1.654575225326179,
    "AbsRel": 0.7624816387229496,
    "delta1": 0.362223395605882,
    "SILog": 0.6975081195433934,
    "MAE_ffx": 1.0820143938064575,
    "mirror_better_rate": 0.49972222222222223,
    "mae_gain_if_mirrored": 0.052951055119434993,
    "MAE_low": 1.0889898263083564,
    "SHcoefL1": 0.4026862466542257,
    "sec_front": 1.1262738022539351,
    "sec_left": 1.1371009329954782,
    "sec_back": 1.1012100680669148,
    "sec_right": 1.1414525043964385,
    "sec_upper": 0.9458908590343263,
    "sec_lower": 0.47688792559835647
  },
  "swap": {
    "MAE": 1.1122460063960817,
    "MAE_plain": 0.9126516607734892,
    "RMSE": 1.6311461249336514,
    "AbsRel": 0.7469511026806301,
    "delta1": 0.36982865151431826,
    "SILog": 0.6862107768323686,
    "MAE_ffx": 1.0682856328619852,
    "mirror_better_rate": 0.7169444444444445,
    "mae_gain_if_mirrored": 0.13818659021208685,
    "MAE_low": 1.0751439296536975,
    "SHcoefL1": 0.3926278210265769,
    "sec_front": 1.023764934738477,
    "sec_left": 1.1803332468536165,
    "sec_back": 1.054908783502049,
    "sec_right": 1.189977080821991,
    "sec_upper": 0.9178115367723836,
    "sec_lower": 0.4688024373849233,
    "swap_mirror_consistency": 0.15520622583165994
  }
}