{
  "test": {
    "MAE": 0.8918919249375661,
    "MAE_plain": 0.7500639132658641,
    "RMSE": 1.415656046610514,
    "AbsRel": 0.5240705225865047,
    "delta1": 0.45916525065898894,
    "SILog": 0.5755026932557424,
    "MAE_ffx": 0.8516000282764434,
    "mirror_better_rate": 0.25361111839612327,
    "mae_gain_if_mirrored": 0.01559740792067411,
    "MAE_low": 0.8537531115611394,
    "SHcoefL1": 0.34995533068767853,
    "sec_front": 0.8915527123212814,
    "sec_left": 0.8709745939572652,
    "sec_back": 0.9301867065827052,
    "sec_right": 0.8748536735773087,
    "sec_upper": 0.7912280549605687,
    "sec_lower": 0.38407261997461317
  }
}