{
  "test": {
    "MAE": 0.8824105109771093,
    "MAE_plain": 0.7417179322242737,
    "RMSE": 1.420624878182229,
    "AbsRel": 0.4984981503089269,
    "delta1": 0.4607350515325864,
    "SILog": 0.5673320637146632,
    "MAE_ffx": 0.839260590672493,
    "mirror_better_rate": 0.24333334006369114,
    "mae_gain_if_mirrored": 0.013144833465533641,
    "MAE_low": 0.8450680351257325,
    "SHcoefL1": 0.34992394774013924,
    "sec_front": 0.885587110320727,
    "sec_left": 0.8639462588230769,
    "sec_back": 0.9183300620317459,
    "sec_right": 0.8617786063750585,
    "sec_upper": 0.7867106877764066,
    "sec_lower": 0.3786161973079046
  }
}