{
  "test": {
    "MAE": 0.9700495370229085,
    "MAE_plain": 0.8177649107244279,
    "RMSE": 1.4797712157450587,
    "AbsRel": 0.586498640610112,
    "delta1": 0.4027752418981658,
    "SILog": 0.5864962536758846,
    "MAE_ffx": 0.9263965781529745,
    "mirror_better_rate": 0.31444444444444447,
    "mae_gain_if_mirrored": 0.016544565401143498,
    "MAE_low": 0.932309533158938,
    "SHcoefL1": 0.36571770592696135,
    "sec_front": 0.9929121159182654,
    "sec_left": 0.9443274589379629,
    "sec_back": 1.0014692180024254,
    "sec_right": 0.9414893579483032,
    "sec_upper": 0.8799871428310871,
    "sec_lower": 0.4069913315276305
  }
}