{
  "test": {
    "MAE": 0.9403470471170213,
    "MAE_plain": 0.788771218723721,
    "RMSE": 1.4657403005484657,
    "AbsRel": 0.5967828634050157,
    "delta1": 0.42125659121407405,
    "SILog": 0.6043571817874909,
    "MAE_ffx": 0.8981952797041999,
    "mirror_better_rate": 0.30527777777777776,
    "mae_gain_if_mirrored": 0.02050286863413122,
    "MAE_low": 0.9017943323983086,
    "SHcoefL1": 0.3661285020700759,
    "sec_front": 0.9432952568266126,
    "sec_left": 0.9499331238534715,
    "sec_back": 0.976010742717319,
    "sec_right": 0.8921490250693427,
    "sec_upper": 0.8298822809590234,
    "sec_lower": 0.4080757604042689
  },
  "mono": {
    "MAE": 1.0747195765707227,
    "MAE_plain": 0.8854212548997668,
    "RMSE": 1.6240788766150152,
    "AbsRel": 0.7664312397109138,
    "delta1": 0.3906284773349762,
    "SILog": 0.6740090232425265,
    "MAE_ffx": 1.0359228807025485,
    "mirror_better_rate": 0.5027777777777778,
    "mae_gain_if_mirrored": 0.04093107541402181,
    "MAE_low": 1.0362014940049913,
    "SHcoefL1": 0.41674868983940944,
    "sec_front": 0.9827742091814677,
    "sec_left": 1.1819311263826158,
    "sec_back": 1.0393159008026123,
    "sec_right": 1.094857006072998,
    "sec_upper": 0.883164800008138,
    "sec_lower": 0.44053843365775214
  },
  "shuffle": {
    "MAE": 1.1119934680726793,
    "MAE_plain": 0.916179166369968,
    "RMSE": 1.6620700119767706,
    "AbsRel": 0.7594878372881148,
    "delta1": 0.3623472287919786,
    "SILog": 0.7130008337232802,
    "MAE_ffx": 1.0680334621005587,
    "mirror_better_rate": 0.49194444444444446,
    "mae_gain_if_mirrored": 0.04948700421386295,
    "MAE_low": 1.074242832130856,
    "SHcoefL1": 0.4054321086572276,
    "sec_front": 1.1169981371031867,
    "sec_left": 1.1093658812840779,
    "sec_back": 1.0869396130243938,
    "sec_right": 1.1346702671051025,
    "sec_upper": 0.9367008622487386,
    "sec_lower": 0.46900808228386776
  },
  "swap": {
    "MAE": 1.0929299420780605,
    "MAE_plain": 0.8971069754494561,
    "RMSE": 1.6396017008035195,
    "AbsRel": 0.7480883064534929,
    "delta1": 0.3739949137634701,
    "SILog": 0.7042752220895555,
    "MAE_ffx": 1.0487678424517313,
    "mirror_better_rate": 0.7077777777777777,
    "mae_gain_if_mirrored": 0.12501525872283512,
    "MAE_low": 1.0557577141125998,
    "SHcoefL1": 0.3972711779570414,
    "sec_front": 1.0075359344482422,
    "sec_left": 1.1681398238076104,
    "sec_back": 1.0460327702098422,
    "sec_right": 1.1500112422307331,
    "sec_upper": 0.9017544017897712,
    "sec_lower": 0.4653954901960161
  }
}