{
  "test": {
    "MAE": 0.9788176620006561,
    "MAE_plain": 0.810762731830279,
    "RMSE": 1.4773684136221523,
    "AbsRel": 0.7543308556079864,
    "delta1": 0.45515652974446613,
    "SILog": 0.6013441475232443,
    "MAE_ffx": 0.9471671032905579,
    "mirror_better_rate": 0.25555556307236355,
    "mae_gain_if_mirrored": 0.013444180716566431,
    "MAE_low": 0.9394460417826971,
    "SHcoefL1": 0.37184650028952293,
    "sec_front": 0.985884152452151,
    "sec_left": 0.9544831758737564,
    "sec_back": 1.0217237840096156,
    "sec_right": 0.9531795122226079,
    "sec_upper": 0.8246605556209882,
    "sec_lower": 0.4032546443740527
  }
}