{
  "test": {
    "MAE": 0.8870110362768173,
    "MAE_plain": 0.7464583770434061,
    "RMSE": 1.4010550522947909,
    "AbsRel": 0.5484249656399091,
    "delta1": 0.45782168289025627,
    "delta2": 0.6761415195465088,
    "delta3": 0.8031150170167287,
    "SILog": 0.5677997275193533,
    "MAE_ffx": 0.8458591800928116,
    "mirror_better_rate": 0.2719444517294566,
    "mae_gain_if_mirrored": 0.016035260723050063,
    "MAE_low": 0.8486643952131271,
    "SHcoefL1": 0.3460167977710565,
    "sec_front": 0.88807719151179,
    "sec_left": 0.877203896244367,
    "sec_back": 0.9199815265337626,
    "sec_right": 0.8627815069754918,
    "sec_upper": 0.7890831650296847,
    "sec_lower": 0.3876691709955533
  }
}