{
  "test": {
    "MAE": 0.8808285065491994,
    "MAE_plain": 0.7420864327748616,
    "RMSE": 1.418092036827514,
    "AbsRel": 0.5082353613773982,
    "delta1": 0.4652425134181976,
    "delta2": 0.6797127230962118,
    "delta3": 0.8058133769035339,
    "SILog": 0.5662550230820974,
    "MAE_ffx": 0.8383635294437408,
    "mirror_better_rate": 0.2519444517791271,
    "mae_gain_if_mirrored": 0.014501108556966453,
    "MAE_low": 0.8437070053815842,
    "SHcoefL1": 0.3491264210206767,
    "sec_front": 0.8824259159962337,
    "sec_left": 0.8675056306521097,
    "sec_back": 0.909498643875122,
    "sec_right": 0.863883827328682,
    "sec_upper": 0.7841967750589053,
    "sec_lower": 0.3813420061270396
  }
}