{
  "test": {
    "MAE": 0.911122789118025,
    "MAE_plain": 0.7676671266555786,
    "RMSE": 1.4757679982675058,
    "AbsRel": 0.4722435900237825,
    "delta1": 0.4518785908487108,
    "SILog": 0.5876244476106431,
    "MAE_ffx": 0.8674247029092577,
    "mirror_better_rate": 0.26055555555555554,
    "mae_gain_if_mirrored": 0.016432372331619264,
    "MAE_low": 0.8746755470169915,
    "SHcoefL1": 0.3625485417101946,
    "sec_front": 0.9215461708439721,
    "sec_left": 0.8928880800141229,
    "sec_back": 0.9425083547168308,
    "sec_right": 0.8875485486454434,
    "sec_upper": 0.8189065334200859,
    "sec_lower": 0.3879406417740716
  }
}