{
  "test": {
    "MAE": 0.8882769326368968,
    "MAE_plain": 0.7483945786952972,
    "RMSE": 1.4238636957292596,
    "AbsRel": 0.5219320152203242,
    "delta1": 0.4644541281461716,
    "SILog": 0.5776662983496984,
    "MAE_ffx": 0.8472339850664139,
    "mirror_better_rate": 0.2622222302109003,
    "mae_gain_if_mirrored": 0.015031227645619462,
    "MAE_low": 0.8508240971962611,
    "SHcoefL1": 0.35141495393382177,
    "sec_front": 0.8899408394098282,
    "sec_left": 0.8764954557021459,
    "sec_back": 0.9181013409296671,
    "sec_right": 0.8685700962940852,
    "sec_upper": 0.7949752383430799,
    "sec_lower": 0.3840728586912155
  }
}