{
  "test": {
    "MAE": 0.929263482093811,
    "MAE_plain": 0.7831403839588166,
    "RMSE": 1.4433624070988271,
    "AbsRel": 0.5770390504598617,
    "delta1": 0.432068250477314,
    "SILog": 0.5879600459337234,
    "MAE_ffx": 0.8866862654685974,
    "mirror_better_rate": 0.2541666742662589,
    "mae_gain_if_mirrored": 0.012370023252199948,
    "MAE_low": 0.8882924687862396,
    "SHcoefL1": 0.35776183378986187,
    "sec_front": 0.9445831274986267,
    "sec_left": 0.9006053280830383,
    "sec_back": 0.9687201966842015,
    "sec_right": 0.9031452669699986,
    "sec_upper": 0.8341215630372365,
    "sec_lower": 0.39844414403041206
  },
  "mono": {
    "MAE": 1.2112500774860382,
    "MAE_plain": 1.0152771691481273,
    "RMSE": 1.773139362948109,
    "AbsRel": 0.9009153417746226,
    "delta1": 0.3575272083282471,
    "SILog": 0.6934697878360748,
    "MAE_ffx": 1.1744684139887491,
    "mirror_better_rate": 0.4994444551070531,
    "mae_gain_if_mirrored": 0.013295932117228708,
    "MAE_low": 1.1732578825950624,
    "SHcoefL1": 0.4554011039973961,
    "sec_front": 1.051654706398646,
    "sec_left": 1.3043373576800028,
    "sec_back": 1.0686001110076904,
    "sec_right": 1.420408106247584,
    "sec_upper": 1.0291364953915279,
    "sec_lower": 0.5240683508912722
  },
  "left": {
    "MAE": 1.2764307506879171,
    "MAE_plain": 1.0793785528341928,
    "RMSE": 1.8447058739864755,
    "AbsRel": 0.9643956416845322,
    "delta1": 0.3403402868906657,
    "SILog": 0.7204158318042755,
    "MAE_ffx": 1.2394902543226878,
    "mirror_better_rate": 0.4955555675427119,
    "mae_gain_if_mirrored": 0.009441729341633618,
    "MAE_low": 1.2390209976832072,
    "SHcoefL1": 0.47070439632568095,
    "sec_front": 1.0989026788870493,
    "sec_left": 1.434073765675227,
    "sec_back": 1.0961045042673747,
    "sec_right": 1.4766420741875967,
    "sec_upper": 1.1145462157328923,
    "sec_lower": 0.5700662655631701
  },
  "right": {
    "MAE": 1.2730727012952168,
    "MAE_plain": 1.074564215739568,
    "RMSE": 1.8483561912074855,
    "AbsRel": 0.9587710162003835,
    "delta1": 0.3428371320168177,
    "SILog": 0.7174262601137161,
    "MAE_ffx": 1.2358153367042541,
    "mirror_better_rate": 0.49472223500410717,
    "mae_gain_if_mirrored": 0.00854867591522634,
    "MAE_low": 1.2358069558938345,
    "SHcoefL1": 0.46997513913446004,
    "sec_front": 1.0967272182305654,
    "sec_left": 1.3869451506932577,
    "sec_back": 1.0959999140103658,
    "sec_right": 1.5126185043652853,
    "sec_upper": 1.1063450010617575,
    "sec_lower": 0.5638487277428309
  },
  "shuffle": {
    "MAE": 1.1258008579413097,
    "MAE_plain": 0.92843658943971,
    "RMSE": 1.6655418519401386,
    "AbsRel": 0.779417648712794,
    "delta1": 0.3636552227536837,
    "SILog": 0.7262186737855275,
    "MAE_ffx": 1.08155455549558,
    "mirror_better_rate": 0.492777791817983,
    "mae_gain_if_mirrored": 0.049835689247896275,
    "MAE_low": 1.0860043251514435,
    "SHcoefL1": 0.402393157546305,
    "sec_front": 1.127171625296275,
    "sec_left": 1.1307234307130178,
    "sec_back": 1.0931528258323668,
    "sec_right": 1.1521555372079213,
    "sec_upper": 0.9516554639736812,
    "sec_lower": 0.4782928325732549
  },
  "swap": {
    "MAE": 1.1037946796417237,
    "MAE_plain": 0.9077081932624181,
    "RMSE": 1.6318504249707104,
    "AbsRel": 0.7529986470937728,
    "delta1": 0.37107439011335375,
    "SILog": 0.6974774320920308,
    "MAE_ffx": 1.0601257685820262,
    "mirror_better_rate": 0.7391666863361994,
    "mae_gain_if_mirrored": 0.1172606915794313,
    "MAE_low": 1.0641420328617095,
    "SHcoefL1": 0.39242422642186287,
    "sec_front": 1.0320952824751537,
    "sec_left": 1.1558132779598236,
    "sec_back": 1.0567707765102385,
    "sec_right": 1.1704993800322214,
    "sec_upper": 0.9148456869522731,
    "sec_lower": 0.46201306184132895,
    "swap_mirror_consistency": 0.28697756043976697
  }
}