{
  "test": {
    "MAE": 0.9220503324932522,
    "MAE_plain": 0.7730844276481205,
    "RMSE": 1.4415127702223134,
    "AbsRel": 0.5471868527597851,
    "delta1": 0.4328534602456623,
    "SILog": 0.5744093353218502,
    "MAE_ffx": 0.8788876907030742,
    "mirror_better_rate": 0.2594444444444444,
    "mae_gain_if_mirrored": 0.015513187129464414,
    "MAE_low": 0.8842880564265782,
    "SHcoefL1": 0.3576124380570319,
    "sec_front": 0.9440139145321316,
    "sec_left": 0.8898593106534746,
    "sec_back": 0.9560297026899126,
    "sec_right": 0.898298405541314,
    "sec_upper": 0.8183745885226461,
    "sec_lower": 0.39432385557227667
  },
  "mono": {
    "MAE": 1.106287059519026,
    "MAE_plain": 0.9235883410771688,
    "RMSE": 1.6231076420804182,
    "AbsRel": 0.800690778626336,
    "delta1": 0.37354639742109513,
    "SILog": 0.6625409609741635,
    "MAE_ffx": 1.0641320474942526,
    "mirror_better_rate": 0.5119444444444444,
    "mae_gain_if_mirrored": 0.013544697736700376,
    "MAE_low": 1.070380892223782,
    "SHcoefL1": 0.4127392489504483,
    "sec_front": 1.0476073529985217,
    "sec_left": 1.1460802854432,
    "sec_back": 1.0405324371655782,
    "sec_right": 1.1909281865755716,
    "sec_upper": 0.9324985916084714,
    "sec_lower": 0.49826646480295395
  },
  "left": {
    "MAE": 1.1357424887021383,
    "MAE_plain": 0.954272342522939,
    "RMSE": 1.665498471243406,
    "AbsRel": 0.8225262416733636,
    "delta1": 0.36624425179428527,
    "SILog": 0.673554713593589,
    "MAE_ffx": 1.092939365969764,
    "mirror_better_rate": 0.48777777777777775,
    "mae_gain_if_mirrored": 0.014276024061772558,
    "MAE_low": 1.100379274951087,
    "SHcoefL1": 0.4217407550000482,
    "sec_front": 1.082416271103753,
    "sec_left": 1.1855178544256422,
    "sec_back": 1.0673869019084508,
    "sec_right": 1.2076489604843987,
    "sec_upper": 0.9679431047704484,
    "sec_lower": 0.5103669650024838
  },
  "right": {
    "MAE": 1.1459648741616144,
    "MAE_plain": 0.9611946312586467,
    "RMSE": 1.6801344300126222,
    "AbsRel": 0.8454413056373596,
    "delta1": 0.36711931268374126,
    "SILog": 0.6792935768763224,
    "MAE_ffx": 1.1030267850557962,
    "mirror_better_rate": 0.5163888888888889,
    "mae_gain_if_mirrored": 0.015470080400506655,
    "MAE_low": 1.1101851828893026,
    "SHcoefL1": 0.42327689421673614,
    "sec_front": 1.0880400726530286,
    "sec_left": 1.1589739084243775,
    "sec_back": 1.084029724597931,
    "sec_right": 1.2528157628907097,
    "sec_upper": 0.9708006413777669,
    "sec_lower": 0.513552152050866
  },
  "shuffle": {
    "MAE": 1.1215299179818896,
    "MAE_plain": 0.9209419233269162,
    "RMSE": 1.6626267810444375,
    "AbsRel": 0.7537079633606805,
    "delta1": 0.3594135997692744,
    "SILog": 0.7141027661164602,
    "MAE_ffx": 1.076842713356018,
    "mirror_better_rate": 0.4955555555555556,
    "mae_gain_if_mirrored": 0.05513260457250807,
    "MAE_low": 1.0846710517671374,
    "SHcoefL1": 0.40207415134335556,
    "sec_front": 1.1081295594904157,
    "sec_left": 1.124359905189938,
    "sec_back": 1.101851852469974,
    "sec_right": 1.1517783562342325,
    "sec_upper": 0.9377597377035353,
    "sec_lower": 0.48231643630398646
  },
  "swap": {
    "MAE": 1.115692510869768,
    "MAE_plain": 0.9113886696762509,
    "RMSE": 1.6552554085717008,
    "AbsRel": 0.7350005327330695,
    "delta1": 0.3664588748746448,
    "SILog": 0.7029672686258952,
    "MAE_ffx": 1.0710202553537156,
    "mirror_better_rate": 0.7411111111111112,
    "mae_gain_if_mirrored": 0.15172787202729118,
    "MAE_low": 1.0792052924633027,
    "SHcoefL1": 0.3946486206373407,
    "sec_front": 1.0300622426138983,
    "sec_left": 1.1798054752084943,
    "sec_back": 1.0442534210946826,
    "sec_right": 1.2086489094628228,
    "sec_upper": 0.9081981448001332,
    "sec_lower": 0.47281399574544697,
    "swap_mirror_consistency": 0.1775266538072771
  }
}