{
  "test": {
    "MAE": 0.8953028400739034,
    "MAE_plain": 0.7534624516963959,
    "RMSE": 1.4155670432791754,
    "AbsRel": 0.5377592233816783,
    "delta1": 0.4532221833864848,
    "delta2": 0.6719291698932648,
    "delta3": 0.8012789428234101,
    "SILog": 0.5745805303255717,
    "MAE_ffx": 0.8532423490285873,
    "mirror_better_rate": 0.2597222299128771,
    "mae_gain_if_mirrored": 0.014669412913111348,
    "MAE_low": 0.8563189816474914,
    "SHcoefL1": 0.3484189010411501,
    "sec_front": 0.8950320309400559,
    "sec_left": 0.8769716648260752,
    "sec_back": 0.9295806672175725,
    "sec_right": 0.879627023935318,
    "sec_upper": 0.7969338103135427,
    "sec_lower": 0.3861432221531868
  }
}