{
  "test": {
    "MAE": 0.9328304110633002,
    "MAE_plain": 0.7835006108548906,
    "RMSE": 1.4528507448165568,
    "AbsRel": 0.5784496922625436,
    "delta1": 0.4347175141175588,
    "SILog": 0.5906758908430735,
    "MAE_ffx": 0.8898474376731449,
    "mirror_better_rate": 0.25277777777777777,
    "mae_gain_if_mirrored": 0.01505657279656993,
    "MAE_low": 0.8949361145496368,
    "SHcoefL1": 0.36079166792747047,
    "sec_front": 0.9543442927466499,
    "sec_left": 0.9027339593569438,
    "sec_back": 0.9782107212808397,
    "sec_right": 0.8960326703389486,
    "sec_upper": 0.8331961293352975,
    "sec_lower": 0.3985434795088238
  },
  "mono": {
    "MAE": 1.1300888482729594,
    "MAE_plain": 0.9354173125161065,
    "RMSE": 1.6758387008268816,
    "AbsRel": 0.8505715106593238,
    "delta1": 0.376247394879659,
    "SILog": 0.6686772867043813,
    "MAE_ffx": 1.0899796165360345,
    "mirror_better_rate": 0.49916666666666665,
    "mae_gain_if_mirrored": 0.005402215901348326,
    "MAE_low": 1.0945884892675612,
    "SHcoefL1": 0.4272231521188385,
    "sec_front": 1.0305064423878987,
    "sec_left": 1.2298575660917495,
    "sec_back": 1.0402405585183037,
    "sec_right": 1.2197508300675286,
    "sec_upper": 0.9510487683614095,
    "sec_lower": 0.47506537914276126
  },
  "left": {
    "MAE": 1.1632660992940267,
    "MAE_plain": 0.9664562323358323,
    "RMSE": 1.7334164564271304,
    "AbsRel": 0.8486814310815599,
    "delta1": 0.3650069134765201,
    "SILog": 0.6848522538608975,
    "MAE_ffx": 1.1228513770633273,
    "mirror_better_rate": 0.5055555555555555,
    "mae_gain_if_mirrored": 0.006939885235495037,
    "MAE_low": 1.128003451294369,
    "SHcoefL1": 0.44372633676355083,
    "sec_front": 1.0693102349175347,
    "sec_left": 1.2830137928326926,
    "sec_back": 1.073936116695404,
    "sec_right": 1.2268042272991604,
    "sec_upper": 0.9890860289997525,
    "sec_lower": 0.4779136307371987
  },
  "right": {
    "MAE": 1.181368900405036,
    "MAE_plain": 0.9795112268129984,
    "RMSE": 1.7641827759941493,
    "AbsRel": 0.8700381178326076,
    "delta1": 0.36488351609971786,
    "SILog": 0.6946582421991561,
    "MAE_ffx": 1.1407017270723978,
    "mirror_better_rate": 0.5027777777777778,
    "mae_gain_if_mirrored": 0.006776659852928585,
    "MAE_low": 1.1464348602294923,
    "SHcoefL1": 0.4485674665371577,
    "sec_front": 1.0816068591011896,
    "sec_left": 1.269395235909356,
    "sec_back": 1.0869516751501296,
    "sec_right": 1.287521824306912,
    "sec_upper": 0.9943049127525754,
    "sec_lower": 0.4830410433477826
  },
  "shuffle": {
    "MAE": 1.126809970802731,
    "MAE_plain": 0.9271778616640303,
    "RMSE": 1.6696977147812557,
    "AbsRel": 0.7634423951307933,
    "delta1": 0.361661904586686,
    "SILog": 0.7176240960756938,
    "MAE_ffx": 1.0821021183331807,
    "mirror_better_rate": 0.4911111111111111,
    "mae_gain_if_mirrored": 0.057799861033757526,
    "MAE_low": 1.0896474968062506,
    "SHcoefL1": 0.4052786479786866,
    "sec_front": 1.112955686516232,
    "sec_left": 1.1398819867769878,
    "sec_back": 1.101308791372511,
    "sec_right": 1.1530934354994031,
    "sec_upper": 0.9470969537231657,
    "sec_lower": 0.4797804590066274
  },
  "swap": {
    "MAE": 1.1337027769618564,
    "MAE_plain": 0.9265176073710124,
    "RMSE": 1.672638802888209,
    "AbsRel": 0.7670829360352622,
    "delta1": 0.3633473127418094,
    "SILog": 0.7202462437417773,
    "MAE_ffx": 1.0893229285875956,
    "mirror_better_rate": 0.7472222222222222,
    "mae_gain_if_mirrored": 0.15774318200846513,
    "MAE_low": 1.097033420668708,
    "SHcoefL1": 0.39940327146401006,
    "sec_front": 1.0415466964244842,
    "sec_left": 1.2128712360064189,
    "sec_back": 1.0650671874152289,
    "sec_right": 1.2153260509173076,
    "sec_upper": 0.92330824567212,
    "sec_lower": 0.47954259547922345,
    "swap_mirror_consistency": 0.13387891992955595
  }
}