{
  "test": {
    "MAE": 0.9039329894383749,
    "MAE_plain": 0.762352175116539,
    "RMSE": 1.4395828412869656,
    "AbsRel": 0.5165993777910868,
    "delta1": 0.4435955278078715,
    "delta2": 0.6668899438778559,
    "delta3": 0.7979074466228485,
    "SILog": 0.573657186627388,
    "MAE_ffx": 0.8600349843502044,
    "mirror_better_rate": 0.25750000797212125,
    "mae_gain_if_mirrored": 0.01560462980278923,
    "MAE_low": 0.8670443220933278,
    "SHcoefL1": 0.35590542807450726,
    "sec_front": 0.9122470772266388,
    "sec_left": 0.8877724500497183,
    "sec_back": 0.9359386662642161,
    "sec_right": 0.8797737429539363,
    "sec_upper": 0.8060605833927791,
    "sec_lower": 0.39013317902882894
  }
}