{
  "test": {
    "MAE": 0.9002273607254029,
    "MAE_plain": 0.7582240176200866,
    "RMSE": 1.418291750893878,
    "AbsRel": 0.5629286245505015,
    "delta1": 0.45329492350419365,
    "SILog": 0.5778361854950587,
    "MAE_ffx": 0.8596043731768926,
    "mirror_better_rate": 0.2563888963808616,
    "mae_gain_if_mirrored": 0.0146038192200164,
    "MAE_low": 0.8614995000759761,
    "SHcoefL1": 0.34985588163965275,
    "sec_front": 0.9068957654635111,
    "sec_left": 0.8771381994088491,
    "sec_back": 0.9390483389298121,
    "sec_right": 0.8778271108865738,
    "sec_upper": 0.8044675673047702,
    "sec_lower": 0.3860222007830938
  }
}