{
  "test": {
    "MAE": 1.0242143808470832,
    "MAE_plain": 0.8638875428835551,
    "RMSE": 1.5407709445889999,
    "AbsRel": 0.6698695074187385,
    "delta1": 0.3743376150396135,
    "SILog": 0.640512879424625,
    "MAE_ffx": 0.9799120055304633,
    "mirror_better_rate": 0.35583333333333333,
    "mae_gain_if_mirrored": 0.014953944873478677,
    "MAE_low": 0.9848234846856859,
    "SHcoefL1": 0.3779634972827302,
    "sec_front": 1.0422697308328417,
    "sec_left": 1.0100065557161968,
    "sec_back": 1.0396825700336032,
    "sec_right": 1.0048986683951484,
    "sec_upper": 0.9308626553747389,
    "sec_lower": 0.43415176656511095
  }
}