{
  "test": {
    "MAE": 0.9106723327106899,
    "MAE_plain": 0.7604372493426005,
    "RMSE": 1.449435761163511,
    "AbsRel": 0.5652733291520012,
    "delta1": 0.44695549302630955,
    "SILog": 0.595609370470047,
    "MAE_ffx": 0.868751060432858,
    "mirror_better_rate": 0.29388888888888887,
    "mae_gain_if_mirrored": 0.018049606598085827,
    "MAE_low": 0.8725699006186591,
    "SHcoefL1": 0.356524418366866,
    "sec_front": 0.905230119228363,
    "sec_left": 0.9085971803135342,
    "sec_back": 0.9384991126590305,
    "sec_right": 0.8903628585073683,
    "sec_upper": 0.7901346588134766,
    "sec_lower": 0.39294421705934734
  },
  "mono": {
    "MAE": 0.9874970515569051,
    "MAE_plain": 0.8180371377203199,
    "RMSE": 1.5226166452831156,
    "AbsRel": 0.6639929664134979,
    "delta1": 0.4153432967927721,
    "SILog": 0.6384776061111026,
    "MAE_ffx": 0.9458870879809061,
    "mirror_better_rate": 0.5097222222222222,
    "mae_gain_if_mirrored": 0.02639755345053143,
    "MAE_low": 0.9496596352259318,
    "SHcoefL1": 0.3767774508665833,
    "sec_front": 0.94594375928243,
    "sec_left": 1.0163842341634963,
    "sec_back": 0.9689294216367933,
    "sec_right": 1.0187307217386035,
    "sec_upper": 0.8353995047675239,
    "sec_lower": 0.4180102164215512
  },
  "shuffle": {
    "MAE": 1.128770006497701,
    "MAE_plain": 0.9241244705518087,
    "RMSE": 1.6908977608212323,
    "AbsRel": 0.7728310126728481,
    "delta1": 0.36516135083304513,
    "SILog": 0.741239341100057,
    "MAE_ffx": 1.0846977994177076,
    "mirror_better_rate": 0.4986111111111111,
    "mae_gain_if_mirrored": 0.051475481854544744,
    "MAE_low": 1.0918088006973266,
    "SHcoefL1": 0.40779167857435017,
    "sec_front": 1.126064142121209,
    "sec_left": 1.1301970201068454,
    "sec_back": 1.1156086715062459,
    "sec_right": 1.1432101302676732,
    "sec_upper": 0.9330253993140326,
    "sec_lower": 0.4784587762090895
  },
  "swap": {
    "MAE": 1.082777926127116,
    "MAE_plain": 0.884349619547526,
    "RMSE": 1.6418633228533526,
    "AbsRel": 0.7278880915376875,
    "delta1": 0.3864799633291033,
    "SILog": 0.7101607248518202,
    "MAE_ffx": 1.0397885258992512,
    "mirror_better_rate": 0.7133333333333334,
    "mae_gain_if_mirrored": 0.13152922564082675,
    "MAE_low": 1.0461838507652284,
    "SHcoefL1": 0.39234490119334725,
    "sec_front": 0.9909177215894064,
    "sec_left": 1.1639265304141575,
    "sec_back": 1.0165211974249946,
    "sec_right": 1.1597462299134995,
    "sec_upper": 0.87803721136517,
    "sec_lower": 0.4570832798216078
  }
}