{
  "test": {
    "MAE": 0.7729118257761002,
    "MAE_plain": 0.6544913470745086,
    "RMSE": 1.237704645395279,
    "AbsRel": 0.4735594620307287,
    "delta1": 0.44713531841834386,
    "delta2": 0.6679412047068278,
    "delta3": 0.7971077581246694,
    "SILog": 0.509592920144399,
    "MAE_ffx": 0.7413268357515335,
    "mirror_better_rate": 0.2644444522509972,
    "mae_gain_if_mirrored": 0.012858571735753988,
    "MAE_low": 0.7317485974232356,
    "SHcoefL1": 0.3093526310649597,
    "sec_front": 0.7741197933753331,
    "sec_left": 0.7457185755173366,
    "sec_back": 0.7880115928252538,
    "sec_right": 0.7455510361989339,
    "sec_upper": 0.6413044233123462,
    "sec_lower": 0.2939281617601713
  }
}