{
  "test": {
    "MAE": 0.9430735731124877,
    "MAE_plain": 0.7881491952472263,
    "RMSE": 1.4667924345954713,
    "AbsRel": 0.598968909713957,
    "delta1": 0.42215137428707544,
    "SILog": 0.611247578461965,
    "MAE_ffx": 0.9006284427642822,
    "mirror_better_rate": 0.29888888888888887,
    "mae_gain_if_mirrored": 0.019858280072609584,
    "MAE_low": 0.9044509794976976,
    "SHcoefL1": 0.3635835891423954,
    "sec_front": 0.9607349877887302,
    "sec_left": 0.9412934819857279,
    "sec_back": 0.9728068640496996,
    "sec_right": 0.8974589676327176,
    "sec_upper": 0.8256800923082563,
    "sec_lower": 0.40677937977843814
  },
  "mono": {
    "MAE": 1.1405105264981588,
    "MAE_plain": 0.9276947882440355,
    "RMSE": 1.6765113742790276,
    "AbsRel": 0.899677710003323,
    "delta1": 0.3868126185735067,
    "SILog": 0.6911181158489651,
    "MAE_ffx": 1.1046389963891772,
    "mirror_better_rate": 0.49805555555555553,
    "mae_gain_if_mirrored": 0.02950671144657665,
    "MAE_low": 1.1011653237872654,
    "SHcoefL1": 0.43328958633045356,
    "sec_front": 1.0720012784004211,
    "sec_left": 1.2592188707987468,
    "sec_back": 1.0391327296362982,
    "sec_right": 1.1916892449061076,
    "sec_upper": 0.9028676954905192,
    "sec_lower": 0.4512429453266992
  },
  "shuffle": {
    "MAE": 1.1191607300440471,
    "MAE_plain": 0.9183828965822856,
    "RMSE": 1.6693653819113394,
    "AbsRel": 0.7705631335576375,
    "delta1": 0.3611129783259498,
    "SILog": 0.7281219302283393,
    "MAE_ffx": 1.074783430894216,
    "mirror_better_rate": 0.4925,
    "mae_gain_if_mirrored": 0.05236502915620804,
    "MAE_low": 1.08129400756624,
    "SHcoefL1": 0.405027865368045,
    "sec_front": 1.1123519163661533,
    "sec_left": 1.1188854699664645,
    "sec_back": 1.083113973405626,
    "sec_right": 1.1622915172576904,
    "sec_upper": 0.9294401280085246,
    "sec_lower": 0.47275272965431214
  },
  "swap": {
    "MAE": 1.1129277510113187,
    "MAE_plain": 0.9107496364911397,
    "RMSE": 1.6579747198883366,
    "AbsRel": 0.77763469086753,
    "delta1": 0.3678472395737966,
    "SILog": 0.7232674492730035,
    "MAE_ffx": 1.068579400645362,
    "mirror_better_rate": 0.7002777777777778,
    "mae_gain_if_mirrored": 0.12208550327354008,
    "MAE_low": 1.0757194487253825,
    "SHcoefL1": 0.39976318824622364,
    "sec_front": 1.049144015842014,
    "sec_left": 1.1768797614839341,
    "sec_back": 1.0487167888217501,
    "sec_right": 1.1769703907436795,
    "sec_upper": 0.9105692715115017,
    "sec_lower": 0.472162008550432
  }
}