{
  "run": "B_batvis_s0",
  "MAE": 0.8957705622249179,
  "MAE_plain": 0.7550745998488532,
  "RMSE": 1.4355483663882662,
  "AbsRel": 0.525996738407347,
  "delta1": 0.45126503414577906,
  "delta2": 0.6722572485605876,
  "delta3": 0.8001376072565715,
  "SILog": 0.5783118530114492,
  "MAE_ffx": 0.8545722439554002,
  "mirror_better_rate": 0.2683333333333333,
  "mae_gain_if_mirrored": 0.01531639599137836,
  "MAE_low": 0.8590260476536221,
  "SHcoefL1": 0.3555394367232091,
  "sec_front": 0.9019698174794515,
  "sec_left": 0.8760565259721544,
  "sec_back": 0.9232782157262166,
  "sec_right": 0.8817776743570963,
  "sec_upper": 0.7937003542317285,
  "sec_lower": 0.3953180405166414
}