{
  "test": {
    "MAE": 0.8957705654038324,
    "MAE_plain": 0.7550745979944865,
    "RMSE": 1.4355483666022473,
    "AbsRel": 0.525996738937166,
    "delta1": 0.45126503547032676,
    "SILog": 0.5783118506272634,
    "MAE_ffx": 0.8545722450150384,
    "mirror_better_rate": 0.2683333333333333,
    "mae_gain_if_mirrored": 0.01531639599137836,
    "MAE_low": 0.8590260476536221,
    "SHcoefL1": 0.3555394368473854,
    "sec_front": 0.9019698201285469,
    "sec_left": 0.8760565291510688,
    "sec_back": 0.9232782151963975,
    "sec_right": 0.8817776709132724,
    "sec_upper": 0.793700356748369,
    "sec_lower": 0.39531804131137
  }
}