{
  "test": {
    "MAE": 0.9037143047650655,
    "MAE_plain": 0.7625350997183058,
    "RMSE": 1.462242789212918,
    "AbsRel": 0.4872297230031755,
    "delta1": 0.4514753010537889,
    "SILog": 0.5853829579883152,
    "MAE_ffx": 0.860659978919559,
    "mirror_better_rate": 0.25222222222222224,
    "mae_gain_if_mirrored": 0.014676460627880361,
    "MAE_low": 0.8666392199198405,
    "SHcoefL1": 0.35795580732429194,
    "sec_front": 0.9201052514712016,
    "sec_left": 0.8811756422784593,
    "sec_back": 0.9395336076948377,
    "sec_right": 0.8740427136421204,
    "sec_upper": 0.8149018581708273,
    "sec_lower": 0.38407601051860385
  }
}