{
  "test": {
    "MAE": 0.9685118015607198,
    "MAE_plain": 0.806536705493927,
    "RMSE": 1.459264556426477,
    "AbsRel": 0.6558260341485341,
    "delta1": 0.41168564518292744,
    "SILog": 0.6102739802996318,
    "MAE_ffx": 0.9292053890228271,
    "mirror_better_rate": 0.37333334267139434,
    "mae_gain_if_mirrored": 0.017159603349864484,
    "MAE_low": 0.9300461045900981,
    "SHcoefL1": 0.3643703153129253,
    "sec_front": 0.9596761886278788,
    "sec_left": 0.9714405608177185,
    "sec_back": 0.9826978007952373,
    "sec_right": 0.960232694943746,
    "sec_upper": 0.839066984852155,
    "sec_lower": 0.4189543624718984
  }
}