{
  "test": {
    "MAE": 0.9009575184186299,
    "MAE_plain": 0.7543315235773722,
    "RMSE": 1.4638585950818703,
    "AbsRel": 0.49913803617159525,
    "delta1": 0.45404210607210793,
    "SILog": 0.5972412268320719,
    "MAE_ffx": 0.8581999317804972,
    "mirror_better_rate": 0.27222223023573555,
    "mae_gain_if_mirrored": 0.015542989826450745,
    "MAE_low": 0.8636751659711202,
    "SHcoefL1": 0.35615315635999045,
    "sec_front": 0.897024827003479,
    "sec_left": 0.883091508547465,
    "sec_back": 0.9401835529009501,
    "sec_right": 0.88353018283844,
    "sec_upper": 0.7938196597496668,
    "sec_lower": 0.38997454623381295
  }
}