{
  "test": {
    "MAE": 0.9169870436191558,
    "MAE_plain": 0.7686507234970729,
    "RMSE": 1.5131912206641114,
    "AbsRel": 0.4412080334623655,
    "delta1": 0.4538207020362218,
    "delta2": 0.6691112577915191,
    "delta3": 0.792309566338857,
    "SILog": 0.6012714888652165,
    "MAE_ffx": 0.8715338102976481,
    "mirror_better_rate": 0.26111111807326476,
    "mae_gain_if_mirrored": 0.015446074727418211,
    "MAE_low": 0.8816385432084402,
    "SHcoefL1": 0.36518620137539176,
    "sec_front": 0.9397042632102967,
    "sec_left": 0.8931096678972245,
    "sec_back": 0.9480748037497203,
    "sec_right": 0.8870594267050426,
    "sec_upper": 0.8101722716291746,
    "sec_lower": 0.39078176935513814
  }
}