{
  "test": {
    "MAE": 0.9146093645360734,
    "MAE_plain": 0.7720757558610705,
    "RMSE": 1.4187339144189837,
    "AbsRel": 0.5579255474276013,
    "delta1": 0.4366637149122026,
    "SILog": 0.5663894367218018,
    "MAE_ffx": 0.8730557466877832,
    "mirror_better_rate": 0.2602777777777778,
    "mae_gain_if_mirrored": 0.014733269057340093,
    "MAE_low": 0.8755534569422404,
    "SHcoefL1": 0.3522177186153001,
    "sec_front": 0.9295114231109619,
    "sec_left": 0.8925969061586592,
    "sec_back": 0.9444518191284603,
    "sec_right": 0.8918773130575816,
    "sec_upper": 0.8292656994197104,
    "sec_lower": 0.3877199460069338
  }
}