{
  "run": "B_pvit_s2",
  "MAE": 0.9065460564030541,
  "MAE_plain": 0.7654342639446259,
  "RMSE": 1.432747770124176,
  "AbsRel": 0.5523171117570665,
  "delta1": 0.44530049059126114,
  "delta2": 0.6679219977060954,
  "delta3": 0.7979666002591451,
  "SILog": 0.5744908972581227,
  "MAE_ffx": 0.8650828080707126,
  "mirror_better_rate": 0.27194444444444443,
  "mae_gain_if_mirrored": 0.014648839011788367,
  "MAE_low": 0.8687233138084411,
  "SHcoefL1": 0.35543221428576444,
  "sec_front": 0.9085303791364034,
  "sec_left": 0.8898319244384766,
  "sec_back": 0.9405871686670515,
  "sec_right": 0.8872347368134392,
  "sec_upper": 0.8190654568539726,
  "sec_lower": 0.3909075703554683
}