{
  "test": {
    "MAE": 0.8847008428970973,
    "MAE_plain": 0.7451184507211049,
    "RMSE": 1.4085739012666416,
    "AbsRel": 0.5350654568274816,
    "delta1": 0.4595868672927221,
    "delta2": 0.6777642405033112,
    "delta3": 0.8048405611515045,
    "SILog": 0.5632305965820948,
    "MAE_ffx": 0.8425112221638361,
    "mirror_better_rate": 0.2636111187686523,
    "mae_gain_if_mirrored": 0.014060331527677288,
    "MAE_low": 0.846510089635849,
    "SHcoefL1": 0.3477137868706551,
    "sec_front": 0.8875349867343902,
    "sec_left": 0.8661032903194428,
    "sec_back": 0.9193870991468429,
    "sec_right": 0.8657779908180236,
    "sec_upper": 0.7901727755864462,
    "sec_lower": 0.38507236778736115
  }
}