{
  "test": {
    "MAE": 0.9167617696523667,
    "MAE_plain": 0.7646974416573843,
    "RMSE": 1.404762925446926,
    "AbsRel": 0.6610837564865748,
    "delta1": 0.457893633445104,
    "SILog": 0.5831361520290375,
    "MAE_ffx": 0.8793214219808578,
    "mirror_better_rate": 0.25333334031204385,
    "mae_gain_if_mirrored": 0.011170669090740073,
    "MAE_low": 0.8767051668961843,
    "SHcoefL1": 0.3499603852991843,
    "sec_front": 0.917546316186587,
    "sec_left": 0.8939967133601506,
    "sec_back": 0.9585529251893361,
    "sec_right": 0.8969510994354883,
    "sec_upper": 0.7972464231650035,
    "sec_lower": 0.3911016183098157
  }
}