{
  "test": {
    "MAE": 0.9027397910753886,
    "MAE_plain": 0.7579373105367024,
    "RMSE": 1.4784589414833196,
    "AbsRel": 0.4824075945218404,
    "delta1": 0.4545841070016225,
    "SILog": 0.5968660275141399,
    "MAE_ffx": 0.8599263501167297,
    "mirror_better_rate": 0.26694445302089054,
    "mae_gain_if_mirrored": 0.015099609829485416,
    "MAE_low": 0.8661798206965129,
    "SHcoefL1": 0.36037731093664965,
    "sec_front": 0.9017361561457317,
    "sec_left": 0.8773848398526509,
    "sec_back": 0.9443246618906657,
    "sec_right": 0.887513458331426,
    "sec_upper": 0.800835734407107,
    "sec_lower": 0.3868284169832865
  }
}