{
  "test": {
    "MAE": 0.9739924263954163,
    "MAE_plain": 0.8182445285055372,
    "RMSE": 1.505037023226387,
    "AbsRel": 0.6391699221399095,
    "delta1": 0.4112090900209215,
    "SILog": 0.6267216095659468,
    "MAE_ffx": 0.9318663239479065,
    "mirror_better_rate": 0.3163888888888889,
    "mae_gain_if_mirrored": 0.019871014174487854,
    "MAE_low": 0.9358436221546597,
    "SHcoefL1": 0.37853870284433166,
    "sec_front": 0.9645042649904887,
    "sec_left": 1.0097701711124845,
    "sec_back": 1.0159230460060968,
    "sec_right": 0.9057722020149231,
    "sec_upper": 0.8638675242000156,
    "sec_lower": 0.4224349223242866
  },
  "mono": {
    "MAE": 1.136218891673618,
    "MAE_plain": 0.9356552545229594,
    "RMSE": 1.690545688761617,
    "AbsRel": 0.8673686842123668,
    "delta1": 0.3834642688433329,
    "SILog": 0.6896995984183417,
    "MAE_ffx": 1.0988118460443286,
    "mirror_better_rate": 0.4930555555555556,
    "mae_gain_if_mirrored": 0.05046036193768184,
    "MAE_low": 1.0978597935040793,
    "SHcoefL1": 0.44736730154189797,
    "sec_front": 1.0318337292141384,
    "sec_left": 1.0863446474075318,
    "sec_back": 1.0634462605582342,
    "sec_right": 1.3632509464687772,
    "sec_upper": 0.9552372312545776,
    "sec_lower": 0.4572782243622674
  },
  "shuffle": {
    "MAE": 1.12340229511261,
    "MAE_plain": 0.9288022269142998,
    "RMSE": 1.6800035052009599,
    "AbsRel": 0.7717007013161977,
    "delta1": 0.3611025321483612,
    "SILog": 0.7138907112015618,
    "MAE_ffx": 1.0795380012194316,
    "mirror_better_rate": 0.49805555555555553,
    "mae_gain_if_mirrored": 0.04743611552649074,
    "MAE_low": 1.0858005719714694,
    "SHcoefL1": 0.414228682246887,
    "sec_front": 1.1132053677241007,
    "sec_left": 1.1043557575013903,
    "sec_back": 1.1087598779466417,
    "sec_right": 1.1672881926430596,
    "sec_upper": 0.954078008863661,
    "sec_lower": 0.46878440923160974
  },
  "swap": {
    "MAE": 1.0892486021253798,
    "MAE_plain": 0.9001111790868971,
    "RMSE": 1.6393224124915347,
    "AbsRel": 0.7491483412848579,
    "delta1": 0.37681028882662454,
    "SILog": 0.6969113998942905,
    "MAE_ffx": 1.0461476567056445,
    "mirror_better_rate": 0.6672222222222223,
    "mae_gain_if_mirrored": 0.09970771418677436,
    "MAE_low": 1.0521375290552775,
    "SHcoefL1": 0.4043069835814337,
    "sec_front": 1.007897155549791,
    "sec_left": 1.1164833466211954,
    "sec_back": 1.0554057717323304,
    "sec_right": 1.1772081115510729,
    "sec_upper": 0.9178743314743042,
    "sec_lower": 0.45905811693933274
  }
}