{
  "test": {
    "MAE": 0.8886917992432912,
    "MAE_plain": 0.7471980373064677,
    "RMSE": 1.4528063440648475,
    "AbsRel": 0.4602772083878517,
    "delta1": 0.4605814115206401,
    "SILog": 0.5779489896694819,
    "MAE_ffx": 0.8459958922863007,
    "mirror_better_rate": 0.24388889633119107,
    "mae_gain_if_mirrored": 0.014903904718036452,
    "MAE_low": 0.8522160081068675,
    "SHcoefL1": 0.3552726042477621,
    "sec_front": 0.8981752610206604,
    "sec_left": 0.8687643629312515,
    "sec_back": 0.9211358845233917,
    "sec_right": 0.8666916690270106,
    "sec_upper": 0.7875801211595536,
    "sec_lower": 0.38086495131254194
  }
}