{
  "test": {
    "MAE": 0.7800017249584198,
    "MAE_plain": 0.6613250130414963,
    "RMSE": 1.245647044579188,
    "AbsRel": 0.4733115456501643,
    "delta1": 0.4401342523097992,
    "delta2": 0.6618589417139689,
    "delta3": 0.7934804193178813,
    "SILog": 0.5113286695877711,
    "MAE_ffx": 0.7478552055358887,
    "mirror_better_rate": 0.2772222305337588,
    "mae_gain_if_mirrored": 0.012906365371697271,
    "MAE_low": 0.7386967305342357,
    "SHcoefL1": 0.3106822379368047,
    "sec_front": 0.7800430659453074,
    "sec_left": 0.7547876097758611,
    "sec_back": 0.7920008768637975,
    "sec_right": 0.75307120124499,
    "sec_upper": 0.6506811652580897,
    "sec_lower": 0.296896838247776
  }
}