{
  "test": {
    "MAE": 0.9065849333339268,
    "MAE_plain": 0.759710705810123,
    "RMSE": 1.4337294102748135,
    "AbsRel": 0.5736093403233422,
    "delta1": 0.44625448809729684,
    "SILog": 0.5874904902776082,
    "MAE_ffx": 0.864798751672109,
    "mirror_better_rate": 0.2841666666666667,
    "mae_gain_if_mirrored": 0.0160968575378259,
    "MAE_low": 0.8679637818866306,
    "SHcoefL1": 0.3535973690367407,
    "sec_front": 0.9032246812184652,
    "sec_left": 0.8925970864295959,
    "sec_back": 0.9393728841675653,
    "sec_right": 0.8911450960901048,
    "sec_upper": 0.7942425518565708,
    "sec_lower": 0.39283388985527884
  },
  "mono": {
    "MAE": 0.9879871384302775,
    "MAE_plain": 0.8194168371624416,
    "RMSE": 1.5240605219431647,
    "AbsRel": 0.6604807840453254,
    "delta1": 0.4127642297744751,
    "SILog": 0.6392628966437446,
    "MAE_ffx": 0.9456692417462667,
    "mirror_better_rate": 0.49277777777777776,
    "mae_gain_if_mirrored": 0.04965529319312837,
    "MAE_low": 0.9503446224000719,
    "SHcoefL1": 0.37337524317618875,
    "sec_front": 0.9502527197202046,
    "sec_left": 1.0080382850435046,
    "sec_back": 0.9670280718803406,
    "sec_right": 1.0266294942961798,
    "sec_upper": 0.8385011516677009,
    "sec_lower": 0.42174740274747213
  },
  "shuffle": {
    "MAE": 1.1165417676501803,
    "MAE_plain": 0.9164231763945685,
    "RMSE": 1.6698348582671323,
    "AbsRel": 0.7730951678752899,
    "delta1": 0.3689526395003001,
    "SILog": 0.7272548294067382,
    "MAE_ffx": 1.0724525356292725,
    "mirror_better_rate": 0.49583333333333335,
    "mae_gain_if_mirrored": 0.04954044093688329,
    "MAE_low": 1.0791395531760322,
    "SHcoefL1": 0.40332989146726,
    "sec_front": 1.1258665535185073,
    "sec_left": 1.1174187140994603,
    "sec_back": 1.094046352704366,
    "sec_right": 1.128835465643141,
    "sec_upper": 0.9287756458918254,
    "sec_lower": 0.4716298468907674
  },
  "swap": {
    "MAE": 1.0753993839687772,
    "MAE_plain": 0.8819338668717278,
    "RMSE": 1.6228303259129202,
    "AbsRel": 0.7316700426737467,
    "delta1": 0.3865493023395538,
    "SILog": 0.7008841994073656,
    "MAE_ffx": 1.0326736028989156,
    "mirror_better_rate": 0.6922222222222222,
    "mae_gain_if_mirrored": 0.12208835618363487,
    "MAE_low": 1.038322512043847,
    "SHcoefL1": 0.3895068323446645,
    "sec_front": 0.9947903042369418,
    "sec_left": 1.1541630257500544,
    "sec_back": 1.0107020767529806,
    "sec_right": 1.1419421731101143,
    "sec_upper": 0.8811013319757249,
    "sec_lower": 0.45564019680023193
  }
}