{
  "test": {
    "MAE": 0.8944503788153331,
    "MAE_plain": 0.7524641058842341,
    "RMSE": 1.4262190396548353,
    "AbsRel": 0.5394648878773054,
    "delta1": 0.4570891135931015,
    "delta2": 0.6728000829617182,
    "delta3": 0.7998589746157329,
    "SILog": 0.5730574188629786,
    "MAE_ffx": 0.8520085734128952,
    "mirror_better_rate": 0.27055556282401083,
    "mae_gain_if_mirrored": 0.015646011837670813,
    "MAE_low": 0.8571489346027374,
    "SHcoefL1": 0.35123093345202505,
    "sec_front": 0.8927154177427292,
    "sec_left": 0.8758434732755025,
    "sec_back": 0.9273212381203969,
    "sec_right": 0.8819213738044103,
    "sec_upper": 0.797649990816911,
    "sec_lower": 0.38912643045186995
  }
}