{
  "test": {
    "MAE": 0.9918475262324016,
    "MAE_plain": 0.8315933855374654,
    "RMSE": 1.5120072083158729,
    "AbsRel": 0.6573387658596039,
    "delta1": 0.4050777852535248,
    "SILog": 0.6355808095137279,
    "MAE_ffx": 0.950093392531077,
    "mirror_better_rate": 0.34722223222255705,
    "mae_gain_if_mirrored": 0.02441074254612128,
    "MAE_low": 0.95179385582606,
    "SHcoefL1": 0.3809132726366321,
    "sec_front": 0.9790143132209778,
    "sec_left": 1.0302733294169109,
    "sec_back": 1.0335358293851216,
    "sec_right": 0.9245666003227234,
    "sec_upper": 0.8754764072100322,
    "sec_lower": 0.4247616116205851
  },
  "mono": {
    "MAE": 1.1487891896565756,
    "MAE_plain": 0.9405551230907441,
    "RMSE": 1.6915495875219897,
    "AbsRel": 0.9074600772062937,
    "delta1": 0.3867044222354889,
    "SILog": 0.6954181373119355,
    "MAE_ffx": 1.112769775390625,
    "mirror_better_rate": 0.5033333488305409,
    "mae_gain_if_mirrored": 0.04175933507581552,
    "MAE_low": 1.1084431529045105,
    "SHcoefL1": 0.4468097878392372,
    "sec_front": 1.0353416911760966,
    "sec_left": 1.1437050302823384,
    "sec_back": 1.0698923285802204,
    "sec_right": 1.3462177125612895,
    "sec_upper": 0.9254350976149242,
    "sec_lower": 0.4522567443052928
  },
  "shuffle": {
    "MAE": 1.1259536258379619,
    "MAE_plain": 0.9312361244360606,
    "RMSE": 1.6653432649539535,
    "AbsRel": 0.781015133857727,
    "delta1": 0.35924007534980773,
    "SILog": 0.7161234859625498,
    "MAE_ffx": 1.0835947577158611,
    "mirror_better_rate": 0.5072222363948822,
    "mae_gain_if_mirrored": 0.048163325836261116,
    "MAE_low": 1.086695000330607,
    "SHcoefL1": 0.41195374087534015,
    "sec_front": 1.1052224079767863,
    "sec_left": 1.1065100661913554,
    "sec_back": 1.1264862815539043,
    "sec_right": 1.1655956776936849,
    "sec_upper": 0.9604833527406057,
    "sec_lower": 0.46749433676401775
  },
  "swap": {
    "MAE": 1.1006452186902365,
    "MAE_plain": 0.9086301497618358,
    "RMSE": 1.6331566529595825,
    "AbsRel": 0.771697480281194,
    "delta1": 0.37296815633773805,
    "SILog": 0.6973176272710164,
    "MAE_ffx": 1.0589717133839924,
    "mirror_better_rate": 0.6469444632530212,
    "mae_gain_if_mirrored": 0.08660895933707555,
    "MAE_low": 1.0611182721455892,
    "SHcoefL1": 0.40639569158355393,
    "sec_front": 1.029092583656311,
    "sec_left": 1.124321468671163,
    "sec_back": 1.0745114199320476,
    "sec_right": 1.1746553627649943,
    "sec_upper": 0.9257333447535833,
    "sec_lower": 0.45737289826075234
  }
}