{
  "test": {
    "MAE": 0.9153873500559065,
    "MAE_plain": 0.7723288265864054,
    "RMSE": 1.4252741134669646,
    "AbsRel": 0.5810341405206256,
    "delta1": 0.44373696201377444,
    "SILog": 0.5769823618729909,
    "MAE_ffx": 0.8732813231150309,
    "mirror_better_rate": 0.27361111111111114,
    "mae_gain_if_mirrored": 0.0128336874437001,
    "MAE_low": 0.8767294271787007,
    "SHcoefL1": 0.3534601177161352,
    "sec_front": 0.9300520810816023,
    "sec_left": 0.8935560472806294,
    "sec_back": 0.9535535306400723,
    "sec_right": 0.8843877490361531,
    "sec_upper": 0.8178289439280828,
    "sec_lower": 0.3979714443948534
  }
}