{
  "mean_of_K": 0.8601080860031975,
  "best_of_K": 0.6378531956672668,
  "best_of_K_ctrl": 0.6365212289492289,
  "oracle_gain": 0.2222548903359307,
  "oracle_gain_ctrl": 0.22358685705396864,
  "real_multimodal_gain": -0.0013319667180379231,
  "per_head_mae": [
    0.9870103616184659,
    1.1460472710927327,
    0.9652845430374145,
    0.977143837345971,
    0.9957540125317044,
    0.9180135904418097,
    0.991016214688619,
    0.9965254129303827,
    0.9760565445158217,
    0.9468526871999104
  ],
  "diversity": 0.669319613509708,
  "uncert_corr": 0.6895816827745824,
  "baseline_det": 0.78,
  "vs_baseline_meanK": 0.08010808600319752,
  "vs_baseline_bestK": -0.1421468043327332,
  "calib_bins": [
    0.21511307679134004,
    0.6512919207216424,
    1.1105631913714125,
    1.3408184590680614,
    1.5711822558448505,
    1.8216258697736933,
    2.0373688329075015,
    2.2105999950171413,
    2.325946668310259,
    2.2345719943132685
  ]
}