{
  "test": {
    "MAE": 0.9152894660830497,
    "MAE_plain": 0.769634421467781,
    "RMSE": 1.4703014965557175,
    "AbsRel": 0.4891752565403779,
    "delta1": 0.4488927231729031,
    "SILog": 0.5861784313122431,
    "MAE_ffx": 0.871749894519647,
    "mirror_better_rate": 0.26638889578481517,
    "mae_gain_if_mirrored": 0.01583109250797103,
    "MAE_low": 0.8786351964871089,
    "SHcoefL1": 0.36218561032890445,
    "sec_front": 0.9355172896385193,
    "sec_left": 0.891566948890686,
    "sec_back": 0.9485894191265106,
    "sec_right": 0.885484215815862,
    "sec_upper": 0.8212014600386223,
    "sec_lower": 0.38919080294668673
  }
}