{
  "test": {
    "MAE": 0.9475849800639682,
    "MAE_plain": 0.7931035041809082,
    "RMSE": 1.4540691057531308,
    "AbsRel": 0.6018214368820191,
    "delta1": 0.4155618654357062,
    "SILog": 0.5993518431981405,
    "MAE_ffx": 0.9045471972889371,
    "mirror_better_rate": 0.2841666666666667,
    "mae_gain_if_mirrored": 0.015579667761921883,
    "MAE_low": 0.909019410610199,
    "SHcoefL1": 0.3579028797853324,
    "sec_front": 0.9760047210587396,
    "sec_left": 0.917527010705736,
    "sec_back": 0.9895233178138733,
    "sec_right": 0.9072848447163899,
    "sec_upper": 0.8359507346153259,
    "sec_lower": 0.40700610240300494
  },
  "mono": {
    "MAE": 1.3040968227386474,
    "MAE_plain": 1.0633365580770704,
    "RMSE": 1.967954451928006,
    "AbsRel": 0.8841732972198062,
    "delta1": 0.3248168200916714,
    "SILog": 0.7890495347976685,
    "MAE_ffx": 1.2662478738360934,
    "mirror_better_rate": 0.5075,
    "mae_gain_if_mirrored": 0.011512781124975946,
    "MAE_low": 1.2690334913465713,
    "SHcoefL1": 0.49005813411954374,
    "sec_front": 1.2100881820254856,
    "sec_left": 1.405603519015842,
    "sec_back": 1.208621736102634,
    "sec_right": 1.3920738490422566,
    "sec_upper": 1.0411166183153788,
    "sec_lower": 0.5096519588099586
  },
  "shuffle": {
    "MAE": 1.1117616478602093,
    "MAE_plain": 0.9158819770812988,
    "RMSE": 1.645321624320776,
    "AbsRel": 0.7609783591164483,
    "delta1": 0.3626451512177785,
    "SILog": 0.7114794818560283,
    "MAE_ffx": 1.0668555227915446,
    "mirror_better_rate": 0.4866666666666667,
    "mae_gain_if_mirrored": 0.05481373455789354,
    "MAE_low": 1.0742381776703729,
    "SHcoefL1": 0.39497419214910934,
    "sec_front": 1.0934283910857308,
    "sec_left": 1.1289033778508504,
    "sec_back": 1.0886559693018596,
    "sec_right": 1.1360588121414184,
    "sec_upper": 0.942491950194041,
    "sec_lower": 0.47150565650728016
  },
  "swap": {
    "MAE": 1.1365579864713882,
    "MAE_plain": 0.9340659207767911,
    "RMSE": 1.67045966718483,
    "AbsRel": 0.7794745861159431,
    "delta1": 0.3555153449376424,
    "SILog": 0.7213236917389764,
    "MAE_ffx": 1.0919533377223545,
    "mirror_better_rate": 0.69,
    "mae_gain_if_mirrored": 0.12360586181282997,
    "MAE_low": 1.0997947568363613,
    "SHcoefL1": 0.39507460019240775,
    "sec_front": 1.0809898940722147,
    "sec_left": 1.1847764608595106,
    "sec_back": 1.0911409719785055,
    "sec_right": 1.1893246226840548,
    "sec_upper": 0.9542798280715943,
    "sec_lower": 0.4771706835428874
  }
}