{
  "test": {
    "MAE": 0.903230406443278,
    "MAE_plain": 0.7604358011484146,
    "RMSE": 1.4250434852422023,
    "AbsRel": 0.5414881356557211,
    "delta1": 0.4468462731440862,
    "SILog": 0.5758600831031799,
    "MAE_ffx": 0.8612331374486287,
    "mirror_better_rate": 0.23861111849546432,
    "mae_gain_if_mirrored": 0.013361142925908401,
    "MAE_low": 0.8651635630925496,
    "SHcoefL1": 0.35327280309258235,
    "sec_front": 0.9147856175899506,
    "sec_left": 0.8755835495392481,
    "sec_back": 0.9494796899954477,
    "sec_right": 0.873072746793429,
    "sec_upper": 0.8113999829689662,
    "sec_lower": 0.38724224001169205
  },
  "mono": {
    "MAE": 1.1341448430220287,
    "MAE_plain": 0.9537294316291809,
    "RMSE": 1.6528611670980402,
    "AbsRel": 0.8408993198474248,
    "delta1": 0.3663661855459213,
    "SILog": 0.6697711648543676,
    "MAE_ffx": 1.0939488557974497,
    "mirror_better_rate": 0.4930555699268977,
    "mae_gain_if_mirrored": 0.009036420313641429,
    "MAE_low": 1.0977394044399262,
    "SHcoefL1": 0.42016722093232806,
    "sec_front": 1.0370319004853565,
    "sec_left": 1.2025044504801432,
    "sec_back": 1.0566560645898184,
    "sec_right": 1.2403869541486103,
    "sec_upper": 0.9513001594940821,
    "sec_lower": 0.5311210165421169
  },
  "left": {
    "MAE": 1.1795048276583353,
    "MAE_plain": 0.995506534576416,
    "RMSE": 1.7013659263496574,
    "AbsRel": 0.9057480510075887,
    "delta1": 0.3560725071032842,
    "SILog": 0.6847732351223628,
    "MAE_ffx": 1.1387932296593983,
    "mirror_better_rate": 0.476944456299146,
    "mae_gain_if_mirrored": 0.005651587744941935,
    "MAE_low": 1.1431141146024069,
    "SHcoefL1": 0.42946818583541446,
    "sec_front": 1.085585729678472,
    "sec_left": 1.2747783807913462,
    "sec_back": 1.0756648846467336,
    "sec_right": 1.2819903123378753,
    "sec_upper": 1.0027847633759182,
    "sec_lower": 0.5491129390398661
  },
  "right": {
    "MAE": 1.1826136521498363,
    "MAE_plain": 0.9966721789042154,
    "RMSE": 1.7135488030822281,
    "AbsRel": 0.9053865919510523,
    "delta1": 0.3557083335518837,
    "SILog": 0.6857644601662953,
    "MAE_ffx": 1.1419487682978313,
    "mirror_better_rate": 0.503611125946045,
    "mae_gain_if_mirrored": 0.006203630540209512,
    "MAE_low": 1.146293287674586,
    "SHcoefL1": 0.43252531721360155,
    "sec_front": 1.0813748335838318,
    "sec_left": 1.2611687207221984,
    "sec_back": 1.0735122851530712,
    "sec_right": 1.3143987894058227,
    "sec_upper": 1.001603683233261,
    "sec_lower": 0.5501707034309705
  },
  "shuffle": {
    "MAE": 1.1456326778729757,
    "MAE_plain": 0.9400203440586726,
    "RMSE": 1.6982470574979875,
    "AbsRel": 0.7792486045757929,
    "delta1": 0.35747485985358557,
    "SILog": 0.7431673727432887,
    "MAE_ffx": 1.101313050587972,
    "mirror_better_rate": 0.49777779161930086,
    "mae_gain_if_mirrored": 0.0574942302176108,
    "MAE_low": 1.1087789483865103,
    "SHcoefL1": 0.4097370657345487,
    "sec_front": 1.1442821764945983,
    "sec_left": 1.1488718605041504,
    "sec_back": 1.122505113283793,
    "sec_right": 1.1668715437253316,
    "sec_upper": 0.9562269843618075,
    "sec_lower": 0.4865396985411644
  },
  "swap": {
    "MAE": 1.1146548028786978,
    "MAE_plain": 0.9109680012861887,
    "RMSE": 1.6635859227295027,
    "AbsRel": 0.7361288158098857,
    "delta1": 0.3719238170981407,
    "SILog": 0.7179229712486267,
    "MAE_ffx": 1.071157969633738,
    "mirror_better_rate": 0.7663889076312383,
    "mae_gain_if_mirrored": 0.16227019297579925,
    "MAE_low": 1.0780419214566548,
    "SHcoefL1": 0.39511417918942043,
    "sec_front": 1.0082813012599945,
    "sec_left": 1.202384576400121,
    "sec_back": 1.0366626477241516,
    "sec_right": 1.2112907020250956,
    "sec_upper": 0.9086844134330749,
    "sec_lower": 0.46829095085461936,
    "swap_mirror_consistency": 0.15944710833649153
  }
}