{
  "test": {
    "MAE": 0.9095958817005158,
    "MAE_plain": 0.7655851957533094,
    "RMSE": 1.4441818755661908,
    "AbsRel": 0.5037461904022429,
    "delta1": 0.4447549614641402,
    "SILog": 0.5773753733105129,
    "MAE_ffx": 0.8666886626349555,
    "mirror_better_rate": 0.2563888888888889,
    "mae_gain_if_mirrored": 0.015290406048297882,
    "MAE_low": 0.8720236388842265,
    "SHcoefL1": 0.3562350187026378,
    "sec_front": 0.9285229535897573,
    "sec_left": 0.8872793312867483,
    "sec_back": 0.9421425759792328,
    "sec_right": 0.8804386552174887,
    "sec_upper": 0.8132191325227419,
    "sec_lower": 0.3901271461778217
  }
}