{
  "test": {
    "MAE": 0.9613919428984324,
    "MAE_plain": 0.8069180045525233,
    "RMSE": 1.4739046437764995,
    "AbsRel": 0.6052142481009165,
    "delta1": 0.40822813560565313,
    "SILog": 0.6041583029429117,
    "MAE_ffx": 0.9174505841732025,
    "mirror_better_rate": 0.30250000866750876,
    "mae_gain_if_mirrored": 0.01606747789250221,
    "MAE_low": 0.923378050327301,
    "SHcoefL1": 0.363139053463108,
    "sec_front": 0.9917291676998139,
    "sec_left": 0.9273145997524261,
    "sec_back": 0.9950116697947184,
    "sec_right": 0.9315123299757639,
    "sec_upper": 0.8545735064148903,
    "sec_lower": 0.4103321831425031
  },
  "mono": {
    "MAE": 1.1101176337401073,
    "MAE_plain": 0.9312375466028849,
    "RMSE": 1.6441202040518044,
    "AbsRel": 0.7867572251955668,
    "delta1": 0.3703684389591217,
    "SILog": 0.6895696071783701,
    "MAE_ffx": 1.0689912152290344,
    "mirror_better_rate": 0.4961111237605413,
    "mae_gain_if_mirrored": 0.03340957922240098,
    "MAE_low": 1.073178379535675,
    "SHcoefL1": 0.4142590537046393,
    "sec_front": 1.070370883544286,
    "sec_left": 1.1501361751556396,
    "sec_back": 1.0691566141446431,
    "sec_right": 1.1508068724473317,
    "sec_upper": 0.9794251142938932,
    "sec_lower": 0.4489467593034108
  },
  "left": {
    "MAE": 1.2600208882490793,
    "MAE_plain": 1.035825138092041,
    "RMSE": 1.856139076724831,
    "AbsRel": 1.0078959606091182,
    "delta1": 0.35988998810450235,
    "SILog": 0.7254373359680176,
    "MAE_ffx": 1.2237235808372497,
    "mirror_better_rate": 0.5055555697282156,
    "mae_gain_if_mirrored": 0.021926698472040394,
    "MAE_low": 1.2247055121262869,
    "SHcoefL1": 0.45449360070129236,
    "sec_front": 1.182396548986435,
    "sec_left": 1.3676371546586354,
    "sec_back": 1.1626872607072194,
    "sec_right": 1.327362563610077,
    "sec_upper": 1.0433654590447743,
    "sec_lower": 0.46743932088216145
  },
  "right": {
    "MAE": 1.259894887606303,
    "MAE_plain": 1.0331123089790344,
    "RMSE": 1.8730041505498927,
    "AbsRel": 1.0137919865051905,
    "delta1": 0.3646639827887217,
    "SILog": 0.7233013145128886,
    "MAE_ffx": 1.2241153490543366,
    "mirror_better_rate": 0.4933333468437195,
    "mae_gain_if_mirrored": 0.023545008323465785,
    "MAE_low": 1.2250128408273062,
    "SHcoefL1": 0.45392693002811735,
    "sec_front": 1.1746972004572551,
    "sec_left": 1.3357520627975463,
    "sec_back": 1.1653750622272492,
    "sec_right": 1.3637552146116894,
    "sec_upper": 1.0333809359868367,
    "sec_lower": 0.465718220770359
  },
  "shuffle": {
    "MAE": 1.1006536841392518,
    "MAE_plain": 0.9111474001407623,
    "RMSE": 1.6327379923818297,
    "AbsRel": 0.752129318912824,
    "delta1": 0.3628985435763995,
    "SILog": 0.7008593614896138,
    "MAE_ffx": 1.0556859906514486,
    "mirror_better_rate": 0.4955555679400762,
    "mae_gain_if_mirrored": 0.050837961863726376,
    "MAE_low": 1.0632246398925782,
    "SHcoefL1": 0.3923806994160016,
    "sec_front": 1.0825342472394308,
    "sec_left": 1.1128544970353444,
    "sec_back": 1.082789499759674,
    "sec_right": 1.1244364734490713,
    "sec_upper": 0.9440516887108484,
    "sec_lower": 0.46382712602615356
  },
  "swap": {
    "MAE": 1.1156126566727955,
    "MAE_plain": 0.9181505082050959,
    "RMSE": 1.6430254750672342,
    "AbsRel": 0.7762039508422216,
    "delta1": 0.3631845307350159,
    "SILog": 0.706147189339002,
    "MAE_ffx": 1.070642644961675,
    "mirror_better_rate": 0.687500019868215,
    "mae_gain_if_mirrored": 0.11100552190095186,
    "MAE_low": 1.0788137555122375,
    "SHcoefL1": 0.39214652466898164,
    "sec_front": 1.0701783692836762,
    "sec_left": 1.1559287242094676,
    "sec_back": 1.0637577831745149,
    "sec_right": 1.1725857659180958,
    "sec_upper": 0.93115708420674,
    "sec_lower": 0.4691175025701523,
    "swap_mirror_consistency": 0.2474384938841692
  }
}