{
  "run": "Bnode2_gcc_unet8_s1",
  "MAE": 0.8875606322288513,
  "MAE_plain": 0.744616379737854,
  "RMSE": 1.4295381018223556,
  "AbsRel": 0.527102590004603,
  "delta1": 0.4554292607307434,
  "delta2": 0.6761496881643931,
  "delta3": 0.8021668982505799,
  "SILog": 0.5787013645966848,
  "MAE_ffx": 0.8453788868586223,
  "mirror_better_rate": 0.2825000085433324,
  "mae_gain_if_mirrored": 0.016602825739731392,
  "MAE_low": 0.8502734899520874,
  "SHcoefL1": 0.35221078840705256,
  "sec_front": 0.8882114775975545,
  "sec_left": 0.8749928379058838,
  "sec_back": 0.9201099745432536,
  "sec_right": 0.8669282412528991,
  "sec_upper": 0.7838431882858277,
  "sec_lower": 0.3885139662027359
}