{
  "test": {
    "MAE": 0.8875606354077658,
    "MAE_plain": 0.7446163789431254,
    "RMSE": 1.429538100654116,
    "AbsRel": 0.5271025884151459,
    "delta1": 0.45542925635973613,
    "SILog": 0.5787013645966848,
    "MAE_ffx": 0.845378893216451,
    "mirror_better_rate": 0.2825000085433324,
    "mae_gain_if_mirrored": 0.016602825165415804,
    "MAE_low": 0.8502734899520874,
    "SHcoefL1": 0.3522107885364029,
    "sec_front": 0.8882114744186401,
    "sec_left": 0.8749928402900696,
    "sec_back": 0.9201099745432536,
    "sec_right": 0.866928243637085,
    "sec_upper": 0.783843187491099,
    "sec_lower": 0.3885139646132787
  },
  "shuffle": {
    "MAE": 1.142431325117747,
    "MAE_plain": 0.9342143909136454,
    "RMSE": 1.705954033725823,
    "AbsRel": 0.7590892922878265,
    "delta1": 0.3559014743566513,
    "SILog": 0.7441307012240092,
    "MAE_ffx": 1.0980426343282064,
    "mirror_better_rate": 0.5011111259460449,
    "mae_gain_if_mirrored": 0.0568433890119195,
    "MAE_low": 1.1062844252586366,
    "SHcoefL1": 0.41197111069535214,
    "sec_front": 1.1415209635098775,
    "sec_left": 1.1588810920715331,
    "sec_back": 1.123402754465739,
    "sec_right": 1.145920433998108,
    "sec_upper": 0.9396135622262954,
    "sec_lower": 0.49016639590263367
  },
  "swap": {
    "MAE": 1.0832712968190512,
    "MAE_plain": 0.8840925629933675,
    "RMSE": 1.6485310548834728,
    "AbsRel": 0.7125711715221406,
    "delta1": 0.3863597611586253,
    "SILog": 0.713366504907608,
    "MAE_ffx": 1.0393129404385884,
    "mirror_better_rate": 0.7238889082272848,
    "mae_gain_if_mirrored": 0.1553373879690965,
    "MAE_low": 1.0474451144536336,
    "SHcoefL1": 0.3919956277569549,
    "sec_front": 0.9738649225234985,
    "sec_left": 1.1915032617251078,
    "sec_back": 1.0043416277567545,
    "sec_right": 1.163375386397044,
    "sec_upper": 0.8771640501419703,
    "sec_lower": 0.4655808472633362
  }
}