{
  "test": {
    "MAE": 0.951791701581743,
    "MAE_plain": 0.7947389732466804,
    "RMSE": 1.4636345976797318,
    "AbsRel": 0.593343999253379,
    "delta1": 0.41202912900182936,
    "SILog": 0.5982131299707625,
    "MAE_ffx": 0.9080900528695848,
    "mirror_better_rate": 0.32944444444444443,
    "mae_gain_if_mirrored": 0.017957615123854742,
    "MAE_low": 0.9138591165012784,
    "SHcoefL1": 0.3604627323564556,
    "sec_front": 0.9620886201328701,
    "sec_left": 0.9340321273273892,
    "sec_back": 0.9869855332374573,
    "sec_right": 0.9240605317221747,
    "sec_upper": 0.8327188864019182,
    "sec_lower": 0.40797143512301975
  },
  "mono": {
    "MAE": 1.2745613712734647,
    "MAE_plain": 1.040772302945455,
    "RMSE": 1.8755512577718232,
    "AbsRel": 0.8463309788703919,
    "delta1": 0.32225279331207274,
    "SILog": 0.8659984262784323,
    "MAE_ffx": 1.23541397412618,
    "mirror_better_rate": 0.4955555555555556,
    "mae_gain_if_mirrored": 0.07155377303560574,
    "MAE_low": 1.2403096177842883,
    "SHcoefL1": 0.4668071494168705,
    "sec_front": 1.2390121640099419,
    "sec_left": 1.3348009861840142,
    "sec_back": 1.1300366316901314,
    "sec_right": 1.3943957482443916,
    "sec_upper": 1.0127991512086656,
    "sec_lower": 0.555843651956982
  },
  "shuffle": {
    "MAE": 1.0972491910722522,
    "MAE_plain": 0.9038579098383586,
    "RMSE": 1.6320148509067058,
    "AbsRel": 0.7453218268023597,
    "delta1": 0.36586427397198146,
    "SILog": 0.7036221718788147,
    "MAE_ffx": 1.0521284365653991,
    "mirror_better_rate": 0.4938888888888889,
    "mae_gain_if_mirrored": 0.049827292064825696,
    "MAE_low": 1.0600874307420518,
    "SHcoefL1": 0.3923071677920719,
    "sec_front": 1.093120854695638,
    "sec_left": 1.110105456776089,
    "sec_back": 1.0700332604514229,
    "sec_right": 1.1157371669345433,
    "sec_upper": 0.9287535883320702,
    "sec_lower": 0.4677586942248874
  },
  "swap": {
    "MAE": 1.098448093732198,
    "MAE_plain": 0.9024081367916531,
    "RMSE": 1.6361551745164442,
    "AbsRel": 0.743929101228714,
    "delta1": 0.3677265383137597,
    "SILog": 0.7046558833122254,
    "MAE_ffx": 1.05341979848014,
    "mirror_better_rate": 0.6569444444444444,
    "mae_gain_if_mirrored": 0.1092692958480782,
    "MAE_low": 1.062198269367218,
    "SHcoefL1": 0.3887687482829723,
    "sec_front": 1.0381485769483778,
    "sec_left": 1.1444999260372586,
    "sec_back": 1.0570228007104663,
    "sec_right": 1.1541210979885526,
    "sec_upper": 0.914443143606186,
    "sec_lower": 0.4680673046906789
  },
  "alpha": 0.0
}