{
  "test": {
    "MAE": 0.8913437795639038,
    "MAE_plain": 0.7484816441933314,
    "RMSE": 1.4649873549480579,
    "AbsRel": 0.46658312578996025,
    "delta1": 0.4648196538289388,
    "SILog": 0.5800739967823029,
    "MAE_ffx": 0.8479577096303305,
    "mirror_better_rate": 0.24888889618217946,
    "mae_gain_if_mirrored": 0.014720234608782145,
    "MAE_low": 0.8552608458201091,
    "SHcoefL1": 0.3574457950103614,
    "sec_front": 0.8931467560927073,
    "sec_left": 0.8734104718764623,
    "sec_back": 0.9266053102413814,
    "sec_right": 0.8722125562032064,
    "sec_upper": 0.7924764955043793,
    "sec_lower": 0.3817098100980123
  }
}