{
  "test": {
    "MAE": 0.9256508553028107,
    "MAE_plain": 0.7784085436662038,
    "RMSE": 1.4462777351350147,
    "AbsRel": 0.5707208633422851,
    "delta1": 0.4347544260819753,
    "SILog": 0.5871097745498022,
    "MAE_ffx": 0.8833972871303558,
    "mirror_better_rate": 0.26111111921568714,
    "mae_gain_if_mirrored": 0.01437967656335483,
    "MAE_low": 0.887734883626302,
    "SHcoefL1": 0.35828904926569927,
    "sec_front": 0.9446782636642456,
    "sec_left": 0.8985856787363689,
    "sec_back": 0.9619503180185954,
    "sec_right": 0.8973891445000967,
    "sec_upper": 0.8306885326902071,
    "sec_lower": 0.3956580020984014
  },
  "mono": {
    "MAE": 1.26858655889829,
    "MAE_plain": 1.0309335132439932,
    "RMSE": 1.9233123528790605,
    "AbsRel": 0.9720377379655838,
    "delta1": 0.3634727265437444,
    "SILog": 0.7087137943506241,
    "MAE_ffx": 1.2376431981722513,
    "mirror_better_rate": 0.4852777898311615,
    "mae_gain_if_mirrored": 0.007810071195320537,
    "MAE_low": 1.2349899582068125,
    "SHcoefL1": 0.4923235540671481,
    "sec_front": 1.067333015203476,
    "sec_left": 1.4452412954966227,
    "sec_back": 1.063361627260844,
    "sec_right": 1.4984102964401245,
    "sec_upper": 0.9893761189778646,
    "sec_lower": 0.47511499394973117
  },
  "left": {
    "MAE": 1.2517779091993968,
    "MAE_plain": 1.0335746510823567,
    "RMSE": 1.8818084378745077,
    "AbsRel": 0.9012510333458582,
    "delta1": 0.34690694520870846,
    "SILog": 0.7243481699625651,
    "MAE_ffx": 1.216335256099701,
    "mirror_better_rate": 0.4900000141064326,
    "mae_gain_if_mirrored": 0.007337322164482127,
    "MAE_low": 1.2178908125559489,
    "SHcoefL1": 0.47930065729965765,
    "sec_front": 1.1028258403142293,
    "sec_left": 1.4141078488032024,
    "sec_back": 1.0924439903100331,
    "sec_right": 1.3977339446544648,
    "sec_upper": 1.04166699608167,
    "sec_lower": 0.4898255545894305
  },
  "right": {
    "MAE": 1.2727121969064077,
    "MAE_plain": 1.0461159773667654,
    "RMSE": 1.9301880015103074,
    "AbsRel": 0.9341981355349223,
    "delta1": 0.34890954544146857,
    "SILog": 0.7273700316747029,
    "MAE_ffx": 1.2376645962397257,
    "mirror_better_rate": 0.5083333486318589,
    "mae_gain_if_mirrored": 0.008490899726748467,
    "MAE_low": 1.23901425242424,
    "SHcoefL1": 0.485100919947856,
    "sec_front": 1.106944091717402,
    "sec_left": 1.3923165877660115,
    "sec_back": 1.1100920550028484,
    "sec_right": 1.481496030886968,
    "sec_upper": 1.0434288762013118,
    "sec_lower": 0.48855273554722467
  },
  "shuffle": {
    "MAE": 1.12406130750974,
    "MAE_plain": 0.9249541554848353,
    "RMSE": 1.6685757607123202,
    "AbsRel": 0.7732052220900854,
    "delta1": 0.3626546861728032,
    "SILog": 0.7247409317890803,
    "MAE_ffx": 1.0797942650318146,
    "mirror_better_rate": 0.4886111243565877,
    "mae_gain_if_mirrored": 0.052123262686654924,
    "MAE_low": 1.0868672589461008,
    "SHcoefL1": 0.4040160569776263,
    "sec_front": 1.1230834877490998,
    "sec_left": 1.1333230805397034,
    "sec_back": 1.0965490074952444,
    "sec_right": 1.1432896180947623,
    "sec_upper": 0.946708382666111,
    "sec_lower": 0.4747714854280154
  },
  "swap": {
    "MAE": 1.1111832288901011,
    "MAE_plain": 0.9105687320232392,
    "RMSE": 1.650397202133584,
    "AbsRel": 0.7618102111419042,
    "delta1": 0.37139985313018165,
    "SILog": 0.7093187453349431,
    "MAE_ffx": 1.067401792605718,
    "mirror_better_rate": 0.7263889078299205,
    "mae_gain_if_mirrored": 0.11888992046316464,
    "MAE_low": 1.0744941385587057,
    "SHcoefL1": 0.39594454373957383,
    "sec_front": 1.044167617559433,
    "sec_left": 1.1914589842160543,
    "sec_back": 1.04798748532931,
    "sec_right": 1.1611188058058421,
    "sec_upper": 0.9107717274626096,
    "sec_lower": 0.4665076959133148,
    "swap_mirror_consistency": 0.3504991695011371
  }
}