{
  "test": {
    "MAE": 0.8980998086929322,
    "MAE_plain": 0.7530287512143453,
    "RMSE": 1.426449385154825,
    "AbsRel": 0.5541972037156423,
    "delta1": 0.44765709519386293,
    "SILog": 0.5818032658100128,
    "MAE_ffx": 0.8559892582893371,
    "mirror_better_rate": 0.27638889571030933,
    "mae_gain_if_mirrored": 0.016654504826292396,
    "MAE_low": 0.8602259965737661,
    "SHcoefL1": 0.3513242614848746,
    "sec_front": 0.900385807355245,
    "sec_left": 0.8810227648417155,
    "sec_back": 0.9277735813458761,
    "sec_right": 0.8832170637448629,
    "sec_upper": 0.787674355506897,
    "sec_lower": 0.389584822456042
  }
}