{
  "run": "B2_batvis_s0",
  "MAE": 0.9090934035513136,
  "MAE_plain": 0.7668344158596463,
  "RMSE": 1.4574755921731082,
  "AbsRel": 0.5302196644412147,
  "delta1": 0.44327499124738906,
  "delta2": 0.6647035710016886,
  "delta3": 0.7957404401567247,
  "SILog": 0.5859302247895135,
  "MAE_ffx": 0.8663328570789761,
  "mirror_better_rate": 0.28,
  "mae_gain_if_mirrored": 0.0163052994509538,
  "MAE_low": 0.8729016409979926,
  "SHcoefL1": 0.3595067102068828,
  "sec_front": 0.9150775350464715,
  "sec_left": 0.9005049400859408,
  "sec_back": 0.9299734115600586,
  "sec_right": 0.8908177328109741,
  "sec_upper": 0.8177115290694766,
  "sec_lower": 0.3902463315592872
}