{
  "test": {
    "MAE": 0.909093402756585,
    "MAE_plain": 0.7668344140052795,
    "RMSE": 1.4574755920037217,
    "AbsRel": 0.5302196649710337,
    "delta1": 0.44327499601576065,
    "delta2": 0.6647035710016886,
    "delta3": 0.7957404364479913,
    "SILog": 0.585930225054423,
    "MAE_ffx": 0.8663328576087952,
    "mirror_better_rate": 0.28,
    "mae_gain_if_mirrored": 0.016305299558573298,
    "MAE_low": 0.8729016425874498,
    "SHcoefL1": 0.3595067099916438,
    "sec_front": 0.9150775371657478,
    "sec_left": 0.900504941145579,
    "sec_back": 0.9299734163284302,
    "sec_right": 0.890817731221517,
    "sec_upper": 0.8177115298642053,
    "sec_lower": 0.3902463303671943
  }
}