{
  "test": {
    "MAE": 1.1501491038004557,
    "MAE_plain": 0.98266277551651,
    "RMSE": 1.6657537299775684,
    "AbsRel": 0.8244326444466908,
    "delta1": 0.3398636891444524,
    "SILog": 0.6775694304704666,
    "MAE_ffx": 1.0992879370848339,
    "mirror_better_rate": 0.4955555627743403,
    "mae_gain_if_mirrored": 0.0005929417086493534,
    "MAE_low": 1.1150787925720216,
    "SHcoefL1": 0.391184819382098,
    "sec_front": 1.1498325788974761,
    "sec_left": 1.1502174735069275,
    "sec_back": 1.1496260039011637,
    "sec_right": 1.1509203644593557,
    "sec_upper": 1.110748006105423,
    "sec_lower": 0.4863221125801404
  },
  "mono": {
    "MAE": 1.1501438621679942,
    "MAE_plain": 0.9826894593238831,
    "RMSE": 1.6656993983818924,
    "AbsRel": 0.8245326111714045,
    "delta1": 0.33987203617890677,
    "SILog": 0.6775274179379145,
    "MAE_ffx": 1.0992841486136118,
    "mirror_better_rate": 0.4955555627743403,
    "mae_gain_if_mirrored": 0.0005859156620378295,
    "MAE_low": 1.1150732386112212,
    "SHcoefL1": 0.3911600181874302,
    "sec_front": 1.149846907456716,
    "sec_left": 1.1502116751670837,
    "sec_back": 1.1496025745073954,
    "sec_right": 1.1509142541885375,
    "sec_upper": 1.1106851580739021,
    "sec_lower": 0.4863593457142512
  },
  "left": {
    "MAE": 1.1501491737365723,
    "MAE_plain": 0.982656778494517,
    "RMSE": 1.6657616519696976,
    "AbsRel": 0.8244171152512233,
    "delta1": 0.33986060669024787,
    "SILog": 0.6775756824016571,
    "MAE_ffx": 1.0992877964178722,
    "mirror_better_rate": 0.4961111185948054,
    "mae_gain_if_mirrored": 0.000593911773369958,
    "MAE_low": 1.1150787540276845,
    "SHcoefL1": 0.39118776730365223,
    "sec_front": 1.1498306667804719,
    "sec_left": 1.1502168504397074,
    "sec_back": 1.14962805946668,
    "sec_right": 1.1509210681915283,
    "sec_upper": 1.1107642832398414,
    "sec_lower": 0.48630645096302033
  },
  "right": {
    "MAE": 1.150151089032491,
    "MAE_plain": 0.982658311923345,
    "RMSE": 1.6657623116448144,
    "AbsRel": 0.8244193287690481,
    "delta1": 0.33985667715469997,
    "SILog": 0.6775767850875855,
    "MAE_ffx": 1.0992897578080496,
    "mirror_better_rate": 0.4955555627743403,
    "mae_gain_if_mirrored": 0.0005934108725826567,
    "MAE_low": 1.115080211162567,
    "SHcoefL1": 0.3911864389975866,
    "sec_front": 1.1498680706818898,
    "sec_left": 1.1502064363161724,
    "sec_back": 1.1495985968907674,
    "sec_right": 1.1509312462806702,
    "sec_upper": 1.1107682753602663,
    "sec_lower": 0.48630586673816045
  },
  "shuffle": {
    "MAE": 1.150151504278183,
    "MAE_plain": 0.982665308713913,
    "RMSE": 1.665754644717164,
    "AbsRel": 0.8244367851813634,
    "delta1": 0.3398620041211446,
    "SILog": 0.6775715365012487,
    "MAE_ffx": 1.0992902048428854,
    "mirror_better_rate": 0.49555556257565814,
    "mae_gain_if_mirrored": 0.000592396451102104,
    "MAE_low": 1.1150809450944266,
    "SHcoefL1": 0.39118502700494395,
    "sec_front": 1.1498654913902282,
    "sec_left": 1.150190373659134,
    "sec_back": 1.1496235644817352,
    "sec_right": 1.1509265995025635,
    "sec_upper": 1.110755004187425,
    "sec_lower": 0.48632323880990347
  },
  "swap": {
    "MAE": 1.1501515797773998,
    "MAE_plain": 0.9826650806268056,
    "RMSE": 1.6657550395806977,
    "AbsRel": 0.8244360665480296,
    "delta1": 0.339859101275603,
    "SILog": 0.6775708961486816,
    "MAE_ffx": 1.0992904448509215,
    "mirror_better_rate": 0.4955555627743403,
    "mae_gain_if_mirrored": 0.0005925245103814328,
    "MAE_low": 1.1150808266798655,
    "SHcoefL1": 0.3911834594524569,
    "sec_front": 1.1498667204380035,
    "sec_left": 1.1502074344952902,
    "sec_back": 1.1496002535025278,
    "sec_right": 1.1509319067001342,
    "sec_upper": 1.110754650135835,
    "sec_lower": 0.48632130523522693,
    "swap_mirror_consistency": 0.008325626636879893
  }
}