{
  "test": {
    "MAE": 0.8918808811240726,
    "MAE_plain": 0.7484082010057237,
    "RMSE": 1.4297682161645189,
    "AbsRel": 0.5002153683867719,
    "delta1": 0.4565583327578174,
    "SILog": 0.5707668569352892,
    "MAE_ffx": 0.8491573398311932,
    "mirror_better_rate": 0.2591666704043746,
    "mae_gain_if_mirrored": 0.01601888192089973,
    "MAE_low": 0.8539641560779677,
    "SHcoefL1": 0.35239091304855213,
    "sec_front": 0.8977718421154552,
    "sec_left": 0.875575355357594,
    "sec_back": 0.9266172329584758,
    "sec_right": 0.8675591066479683,
    "sec_upper": 0.7963896596597301,
    "sec_lower": 0.38042481798264716
  }
}