{
  "run": "B_presnet_s1",
  "MAE": 0.9806049446264903,
  "MAE_plain": 0.8210680383443832,
  "RMSE": 1.492366787280057,
  "AbsRel": 0.6462276699145635,
  "delta1": 0.41358796377976736,
  "delta2": 0.6336725813150406,
  "delta3": 0.7711573710044225,
  "SILog": 0.61217775563399,
  "MAE_ffx": 0.9415069472789764,
  "mirror_better_rate": 0.3097222309311231,
  "mae_gain_if_mirrored": 0.022333358464141688,
  "MAE_low": 0.9423615952332814,
  "SHcoefL1": 0.3788790357899335,
  "sec_front": 0.9628701277573903,
  "sec_left": 0.9887459947665532,
  "sec_back": 1.0368907658259074,
  "sec_right": 0.9339128692944845,
  "sec_upper": 0.8622125475605329,
  "sec_lower": 0.4177887339393298
}