{
  "test": {
    "MAE": 0.9154587494002449,
    "MAE_plain": 0.7682991555002001,
    "RMSE": 1.4179891056622564,
    "AbsRel": 0.581090639034907,
    "delta1": 0.44423832409911684,
    "SILog": 0.5737892606523302,
    "MAE_ffx": 0.8739973249700335,
    "mirror_better_rate": 0.26666666666666666,
    "mae_gain_if_mirrored": 0.01433700342145231,
    "MAE_low": 0.8765234303474426,
    "SHcoefL1": 0.3526810313202441,
    "sec_front": 0.923816452688641,
    "sec_left": 0.891476678053538,
    "sec_back": 0.9587995852364434,
    "sec_right": 0.8877422580454084,
    "sec_upper": 0.8129433718985981,
    "sec_lower": 0.39521982371807096
  },
  "mono": {
    "MAE": 1.4497582451502482,
    "MAE_plain": 1.1674306885401409,
    "RMSE": 2.081510724660004,
    "AbsRel": 1.2038611578941345,
    "delta1": 0.34538358218140075,
    "SILog": 0.7499731128745609,
    "MAE_ffx": 1.4205567683113947,
    "mirror_better_rate": 0.5022222222222222,
    "mae_gain_if_mirrored": 0.006834461995297008,
    "MAE_low": 1.4137839158376058,
    "SHcoefL1": 0.5490868198540476,
    "sec_front": 1.1989821362495423,
    "sec_left": 1.6528278742896185,
    "sec_back": 1.2560075195630391,
    "sec_right": 1.6912154833475748,
    "sec_upper": 1.140364192393091,
    "sec_lower": 0.5169147115945816
  },
  "shuffle": {
    "MAE": 1.1234358170297412,
    "MAE_plain": 0.9219874285327063,
    "RMSE": 1.6526465515925355,
    "AbsRel": 0.7834770221180386,
    "delta1": 0.3664444182316462,
    "SILog": 0.7105615063508351,
    "MAE_ffx": 1.07993810945087,
    "mirror_better_rate": 0.5005555555555555,
    "mae_gain_if_mirrored": 0.05053486944900619,
    "MAE_low": 1.0855426960521275,
    "SHcoefL1": 0.4018590636779037,
    "sec_front": 1.1223937413427565,
    "sec_left": 1.1354795797665913,
    "sec_back": 1.1029590635829503,
    "sec_right": 1.132910860379537,
    "sec_upper": 0.9361042966445287,
    "sec_lower": 0.47686582297086716
  },
  "swap": {
    "MAE": 1.0938914634121788,
    "MAE_plain": 0.8956029676066505,
    "RMSE": 1.6227544004431562,
    "AbsRel": 0.750534764793184,
    "delta1": 0.38435553093751273,
    "SILog": 0.691987573173311,
    "MAE_ffx": 1.0508813914987776,
    "mirror_better_rate": 0.7411111111111112,
    "mae_gain_if_mirrored": 0.14168069265782834,
    "MAE_low": 1.0565156902207269,
    "SHcoefL1": 0.38933513913510576,
    "sec_front": 1.0013184495766958,
    "sec_left": 1.1810609380404153,
    "sec_back": 1.0300881179173786,
    "sec_right": 1.1630983731481763,
    "sec_upper": 0.895947060684363,
    "sec_lower": 0.46025638937950136
  }
}