{
  "test": {
    "MAE": 0.8853397315740585,
    "MAE_plain": 0.7477576092878977,
    "RMSE": 1.42507780481799,
    "AbsRel": 0.5053801280260086,
    "delta1": 0.4650939333438873,
    "SILog": 0.5750346819559733,
    "MAE_ffx": 0.8436450956265131,
    "mirror_better_rate": 0.24083334063490233,
    "mae_gain_if_mirrored": 0.013827061401874138,
    "MAE_low": 0.8484099215269089,
    "SHcoefL1": 0.3520933470885373,
    "sec_front": 0.8898255840937297,
    "sec_left": 0.8731248072783152,
    "sec_back": 0.9191072883208593,
    "sec_right": 0.8593012485901514,
    "sec_upper": 0.7969422287742297,
    "sec_lower": 0.38093666205803556
  }
}