{
  "test": {
    "MAE": 0.9402765012780825,
    "MAE_plain": 0.7960422894358635,
    "RMSE": 1.4658493729020339,
    "AbsRel": 0.5479391571879387,
    "delta1": 0.4286094951132933,
    "SILog": 0.5868154923121135,
    "MAE_ffx": 0.8969141482313474,
    "mirror_better_rate": 0.2630555618802706,
    "mae_gain_if_mirrored": 0.015503390670965018,
    "MAE_low": 0.9029345402121544,
    "SHcoefL1": 0.3633398567284975,
    "sec_front": 0.9534341665108998,
    "sec_left": 0.913568939169248,
    "sec_back": 0.9814450260003408,
    "sec_right": 0.9126578910152118,
    "sec_upper": 0.8605118811130523,
    "sec_lower": 0.3977391322950522
  }
}