{
  "test": {
    "MAE": 0.9527429179350535,
    "MAE_plain": 0.8051257429520289,
    "RMSE": 1.4754807411621953,
    "AbsRel": 0.5893290227651596,
    "delta1": 0.41188434650500616,
    "SILog": 0.6044086835781733,
    "MAE_ffx": 0.9098651333649953,
    "mirror_better_rate": 0.27805556361873945,
    "mae_gain_if_mirrored": 0.01608066335048837,
    "MAE_low": 0.9157610821723938,
    "SHcoefL1": 0.36375406962508955,
    "sec_front": 0.9785448817412058,
    "sec_left": 0.9211358187596003,
    "sec_back": 0.9898763978481293,
    "sec_right": 0.9214145787556967,
    "sec_upper": 0.8685879694422086,
    "sec_lower": 0.40808044850826264
  },
  "mono": {
    "MAE": 4.09368039449056,
    "MAE_plain": 3.8954115756352743,
    "RMSE": 4.821477938237216,
    "AbsRel": 3.5629140249888103,
    "delta1": 0.08537932233264049,
    "SILog": 0.7645210707187653,
    "MAE_ffx": 4.113953534762064,
    "mirror_better_rate": 0.4983333436648051,
    "mae_gain_if_mirrored": 0.004063234983671767,
    "MAE_low": 4.093278172810872,
    "SHcoefL1": 0.7667762110713455,
    "sec_front": 3.4555054918924966,
    "sec_left": 4.4713916126887,
    "sec_back": 3.723011008898417,
    "sec_right": 4.724813485145569,
    "sec_upper": 5.97382008711497,
    "sec_lower": 1.3635856735706329
  },
  "shuffle": {
    "MAE": 1.1396071008841198,
    "MAE_plain": 0.9430096636215846,
    "RMSE": 1.6844029278689097,
    "AbsRel": 0.7743275086085002,
    "delta1": 0.3505993948380152,
    "SILog": 0.7294945160547892,
    "MAE_ffx": 1.0950470968087513,
    "mirror_better_rate": 0.49250001410643257,
    "mae_gain_if_mirrored": 0.052110504958157736,
    "MAE_low": 1.1033867943286895,
    "SHcoefL1": 0.40504659544883503,
    "sec_front": 1.1498935544490814,
    "sec_left": 1.1462002038955688,
    "sec_back": 1.1113573559125265,
    "sec_right": 1.1509772670269012,
    "sec_upper": 0.9766331701477369,
    "sec_lower": 0.4862868161002795
  },
  "swap": {
    "MAE": 1.1406090152263642,
    "MAE_plain": 0.9444104556242625,
    "RMSE": 1.704603055100504,
    "AbsRel": 0.7296417558193207,
    "delta1": 0.34991340110699337,
    "SILog": 0.7233839486042658,
    "MAE_ffx": 1.0968722959359487,
    "mirror_better_rate": 0.7225000180800756,
    "mae_gain_if_mirrored": 0.129639691375196,
    "MAE_low": 1.1057363812128702,
    "SHcoefL1": 0.405215407460928,
    "sec_front": 1.0670806455612183,
    "sec_left": 1.1952910522619884,
    "sec_back": 1.0911019158363342,
    "sec_right": 1.2089624436696371,
    "sec_upper": 0.9718352194627126,
    "sec_lower": 0.4771679937839508,
    "swap_mirror_consistency": 0.41301666219872646
  }
}