{
  "test": {
    "MAE": 0.9596149762471516,
    "MAE_plain": 0.8033055973052978,
    "RMSE": 1.4735476671411885,
    "AbsRel": 0.6259379502137502,
    "delta1": 0.4217873442173004,
    "SILog": 0.6145692499478658,
    "MAE_ffx": 0.9196434235572815,
    "mirror_better_rate": 0.3097222313284874,
    "mae_gain_if_mirrored": 0.020218145077427228,
    "MAE_low": 0.9203853527704875,
    "SHcoefL1": 0.3727422596514225,
    "sec_front": 0.9571144596735637,
    "sec_left": 0.9696357099215189,
    "sec_back": 0.9893698175748189,
    "sec_right": 0.9223398812611898,
    "sec_upper": 0.8411794257164001,
    "sec_lower": 0.41205803453922274
  },
  "mono": {
    "MAE": 1.1212546396255494,
    "MAE_plain": 0.91973912636439,
    "RMSE": 1.6496358287394708,
    "AbsRel": 0.8628481952349345,
    "delta1": 0.39104884227116904,
    "SILog": 0.674386525551478,
    "MAE_ffx": 1.0868656762441,
    "mirror_better_rate": 0.49555557370185854,
    "mae_gain_if_mirrored": 0.03258664411803087,
    "MAE_low": 1.0822124648094178,
    "SHcoefL1": 0.43098476219922305,
    "sec_front": 1.013839959303538,
    "sec_left": 1.1306558322906495,
    "sec_back": 1.0443448321024578,
    "sec_right": 1.296177901426951,
    "sec_upper": 0.9143805128335952,
    "sec_lower": 0.44876543203989666
  },
  "shuffle": {
    "MAE": 1.12941162109375,
    "MAE_plain": 0.9293491987387339,
    "RMSE": 1.6708398831028246,
    "AbsRel": 0.793612399895986,
    "delta1": 0.3646420180797577,
    "SILog": 0.72416677236557,
    "MAE_ffx": 1.087799115975698,
    "mirror_better_rate": 0.49444446245829266,
    "mae_gain_if_mirrored": 0.05058329619467258,
    "MAE_low": 1.0909982577959696,
    "SHcoefL1": 0.41174898344816435,
    "sec_front": 1.104886679649353,
    "sec_left": 1.1236464031537374,
    "sec_back": 1.1045907441775005,
    "sec_right": 1.1845226216316223,
    "sec_upper": 0.9465739905834198,
    "sec_lower": 0.4695132108529409
  },
  "swap": {
    "MAE": 1.1103166143099468,
    "MAE_plain": 0.9117516712347666,
    "RMSE": 1.6436695747442194,
    "AbsRel": 0.7914407400290171,
    "delta1": 0.3748924501736959,
    "SILog": 0.711315324306488,
    "MAE_ffx": 1.0692986035346985,
    "mirror_better_rate": 0.6872222415606181,
    "mae_gain_if_mirrored": 0.11254619119067986,
    "MAE_low": 1.072027455965678,
    "SHcoefL1": 0.4034946687829991,
    "sec_front": 1.025740016301473,
    "sec_left": 1.1679804921150208,
    "sec_back": 1.0616873248418173,
    "sec_right": 1.1858586557706197,
    "sec_upper": 0.9164900602897008,
    "sec_lower": 0.4669226411978404
  }
}