{
  "test": {
    "MAE": 0.9405197490586175,
    "MAE_plain": 0.7890203245480856,
    "RMSE": 1.457022099581126,
    "AbsRel": 0.5994206088119083,
    "delta1": 0.42927378310097586,
    "SILog": 0.6015634947352939,
    "MAE_ffx": 0.897531476020813,
    "mirror_better_rate": 0.2658333333333333,
    "mae_gain_if_mirrored": 0.01441390562388632,
    "MAE_low": 0.9019939194785224,
    "SHcoefL1": 0.35842008345863885,
    "sec_front": 0.9716531806521945,
    "sec_left": 0.9072458012898763,
    "sec_back": 0.9857752678129408,
    "sec_right": 0.8974047078026666,
    "sec_upper": 0.8317131740517086,
    "sec_lower": 0.40414058321052126
  },
  "mono": {
    "MAE": 1.3292579094568888,
    "MAE_plain": 1.1742694822947184,
    "RMSE": 1.7797663289211507,
    "AbsRel": 1.1664274475309584,
    "delta1": 0.3308289788828956,
    "SILog": 0.6730197811126709,
    "MAE_ffx": 1.2951036887698704,
    "mirror_better_rate": 0.49916666666666665,
    "mae_gain_if_mirrored": 0.008121404283576541,
    "MAE_low": 1.2908817010455662,
    "SHcoefL1": 0.4421413345924682,
    "sec_front": 1.1953152879079183,
    "sec_left": 1.4743330245547825,
    "sec_back": 1.194284398290846,
    "sec_right": 1.4530989525053237,
    "sec_upper": 1.3755464972390068,
    "sec_lower": 0.5096690493159824
  },
  "shuffle": {
    "MAE": 1.1148718733257716,
    "MAE_plain": 0.9189270546701219,
    "RMSE": 1.6525822419983145,
    "AbsRel": 0.7621590827571021,
    "delta1": 0.3632028003533681,
    "SILog": 0.7125753572252062,
    "MAE_ffx": 1.0701747337977092,
    "mirror_better_rate": 0.49194444444444446,
    "mae_gain_if_mirrored": 0.05125739336013794,
    "MAE_low": 1.077257497575548,
    "SHcoefL1": 0.39838558936284646,
    "sec_front": 1.102386053668128,
    "sec_left": 1.1291412242253622,
    "sec_back": 1.089574972788493,
    "sec_right": 1.1383852783838908,
    "sec_upper": 0.9408272041214837,
    "sec_lower": 0.47142238881852894
  },
  "swap": {
    "MAE": 1.1211244747373792,
    "MAE_plain": 0.9185065664185418,
    "RMSE": 1.6580388646690525,
    "AbsRel": 0.7707418726550208,
    "delta1": 0.3669102969434526,
    "SILog": 0.7220776587062412,
    "MAE_ffx": 1.0765030765533448,
    "mirror_better_rate": 0.7291666666666666,
    "mae_gain_if_mirrored": 0.14164036561217572,
    "MAE_low": 1.0841868533028496,
    "SHcoefL1": 0.3927449323837128,
    "sec_front": 1.0524954562717015,
    "sec_left": 1.1878151819441054,
    "sec_back": 1.0592546251085069,
    "sec_right": 1.1849326282077366,
    "sec_upper": 0.9185229482915667,
    "sec_lower": 0.47510342121124266
  }
}