{
  "test": {
    "MAE": 0.9039679948488871,
    "MAE_plain": 0.7599996483325958,
    "RMSE": 1.4906564671705695,
    "AbsRel": 0.4648095893859863,
    "delta1": 0.45782626668612164,
    "SILog": 0.6008708250522613,
    "MAE_ffx": 0.8611831927299499,
    "mirror_better_rate": 0.2480555620789528,
    "mae_gain_if_mirrored": 0.015161924382361273,
    "MAE_low": 0.8680674767494202,
    "SHcoefL1": 0.3632984594483342,
    "sec_front": 0.9114698187510173,
    "sec_left": 0.8826393222808838,
    "sec_back": 0.9390175048510233,
    "sec_right": 0.8827453553676605,
    "sec_upper": 0.8077905076742172,
    "sec_lower": 0.38796200513839724
  }
}