{
  "run": "B_pvit_s1",
  "MAE": 0.9015670442581176,
  "MAE_plain": 0.7569970109727647,
  "RMSE": 1.416209793099992,
  "AbsRel": 0.5693206838766733,
  "delta1": 0.4591163781616423,
  "delta2": 0.6763370614581637,
  "delta3": 0.8021525888972812,
  "SILog": 0.5727045974466536,
  "MAE_ffx": 0.861575309700436,
  "mirror_better_rate": 0.2627777777777778,
  "mae_gain_if_mirrored": 0.013680193341440624,
  "MAE_low": 0.8629746901988983,
  "SHcoefL1": 0.3506233688775036,
  "sec_front": 0.9139956425295935,
  "sec_left": 0.8780518979496426,
  "sec_back": 0.9355202726523082,
  "sec_right": 0.8787003389994303,
  "sec_upper": 0.7976631249984105,
  "sec_lower": 0.39082157101896076
}