{
  "test": {
    "MAE": 0.9202638896306355,
    "MAE_plain": 0.7711601412296295,
    "RMSE": 1.4443067399169793,
    "AbsRel": 0.5457750010490418,
    "delta1": 0.4227263073126475,
    "SILog": 0.5886568705240885,
    "MAE_ffx": 0.8766899847984314,
    "mirror_better_rate": 0.32138889650503794,
    "mae_gain_if_mirrored": 0.013175660253812869,
    "MAE_low": 0.8820537479718527,
    "SHcoefL1": 0.35409103931859137,
    "sec_front": 0.9190351128578186,
    "sec_left": 0.9029827030499776,
    "sec_back": 0.9406571340560913,
    "sec_right": 0.918380598227183,
    "sec_upper": 0.8103854086001714,
    "sec_lower": 0.3973741799592972
  },
  "mono": {
    "MAE": 1.6585571336746217,
    "MAE_plain": 1.3912240235010782,
    "RMSE": 2.2713239637108797,
    "AbsRel": 1.4228209098180136,
    "delta1": 0.2970022316773733,
    "SILog": 0.7666728615760803,
    "MAE_ffx": 1.6283314355214438,
    "mirror_better_rate": 0.5002777926127115,
    "mae_gain_if_mirrored": 0.06273590055604776,
    "MAE_low": 1.625305150349935,
    "SHcoefL1": 0.5580469006631109,
    "sec_front": 1.9926464557647705,
    "sec_left": 2.054935065905253,
    "sec_back": 1.2376997439066568,
    "sec_right": 1.3489472119013468,
    "sec_upper": 1.9219651714960735,
    "sec_lower": 0.5104530723889669
  },
  "shuffle": {
    "MAE": 1.1152170300483704,
    "MAE_plain": 0.9184500972429911,
    "RMSE": 1.6585149926143337,
    "AbsRel": 0.7366533696651458,
    "delta1": 0.3545341217517853,
    "SILog": 0.7321327455838521,
    "MAE_ffx": 1.0698904879887898,
    "mirror_better_rate": 0.4930555725097656,
    "mae_gain_if_mirrored": 0.03890433253099521,
    "MAE_low": 1.078423654238383,
    "SHcoefL1": 0.3988532942926718,
    "sec_front": 1.1197114006678264,
    "sec_left": 1.112462081114451,
    "sec_back": 1.1065080372492473,
    "sec_right": 1.1221865955988566,
    "sec_upper": 0.9427381757895151,
    "sec_lower": 0.4762057010332743
  },
  "swap": {
    "MAE": 1.0508031423886617,
    "MAE_plain": 0.864888475338618,
    "RMSE": 1.5919256212606865,
    "AbsRel": 0.6732089694341024,
    "delta1": 0.37999987324078877,
    "SILog": 0.6889298570156097,
    "MAE_ffx": 1.0062349780400595,
    "mirror_better_rate": 0.6861111323038737,
    "mae_gain_if_mirrored": 0.10466169585784277,
    "MAE_low": 1.0138842407862345,
    "SHcoefL1": 0.3790479461517599,
    "sec_front": 0.9761777790387471,
    "sec_left": 1.1037192622820535,
    "sec_back": 0.9964524221420288,
    "sec_right": 1.1268631076812745,
    "sec_upper": 0.8770883347590764,
    "sec_lower": 0.45006193200747174
  }
}