{
  "test": {
    "MAE": 0.9071705142656962,
    "MAE_plain": 0.7638339819510778,
    "RMSE": 1.4264876693346298,
    "AbsRel": 0.5521749462683996,
    "delta1": 0.4478199525674184,
    "SILog": 0.5784097949663798,
    "MAE_ffx": 0.8655290762583415,
    "mirror_better_rate": 0.24611111861964066,
    "mae_gain_if_mirrored": 0.013959213691220308,
    "MAE_low": 0.868891232808431,
    "SHcoefL1": 0.35429263113066556,
    "sec_front": 0.9244265548388163,
    "sec_left": 0.8768389075994492,
    "sec_back": 0.9463631510734558,
    "sec_right": 0.8810534419616064,
    "sec_upper": 0.8159791693091393,
    "sec_lower": 0.3881705605983734
  }
}