{
  "test": {
    "MAE": 0.908700307475196,
    "MAE_plain": 0.7648378711276584,
    "RMSE": 1.4705901449129983,
    "AbsRel": 0.4865421251455943,
    "delta1": 0.45088083929485745,
    "SILog": 0.5936099498801761,
    "MAE_ffx": 0.8655245508088006,
    "mirror_better_rate": 0.2461111111111111,
    "mae_gain_if_mirrored": 0.01501058065228992,
    "MAE_low": 0.8718090396457249,
    "SHcoefL1": 0.3598283627173967,
    "sec_front": 0.9261836568514507,
    "sec_left": 0.8842154248555502,
    "sec_back": 0.943448851108551,
    "sec_right": 0.8809532968203226,
    "sec_upper": 0.8127752841843499,
    "sec_lower": 0.3863231423166063
  }
}