{
  "test": {
    "MAE": 0.9634357643127441,
    "MAE_plain": 0.8039969638983409,
    "RMSE": 1.4630704212098686,
    "AbsRel": 0.6266157547632853,
    "delta1": 0.4071663534641266,
    "SILog": 0.6113861660162608,
    "MAE_ffx": 0.9206841444969177,
    "mirror_better_rate": 0.49388890226682025,
    "mae_gain_if_mirrored": 0.005376914146666726,
    "MAE_low": 0.9247745656967163,
    "SHcoefL1": 0.36007054378382036,
    "sec_front": 0.9365610361099244,
    "sec_left": 0.9770760893821716,
    "sec_back": 0.9603231970469157,
    "sec_right": 0.979782734711965,
    "sec_upper": 0.8315018705526988,
    "sec_lower": 0.4199170072873433
  },
  "mono": {
    "MAE": 1.756108538309733,
    "MAE_plain": 1.6653983799616496,
    "RMSE": 2.2684448715220604,
    "AbsRel": 1.4292521063486736,
    "delta1": 0.20663246214389802,
    "SILog": 0.8044156606992086,
    "MAE_ffx": 1.725265154838562,
    "mirror_better_rate": 0.4991666845480601,
    "mae_gain_if_mirrored": 0.01730500123774012,
    "MAE_low": 1.722109800974528,
    "SHcoefL1": 0.5105155752640631,
    "sec_front": 2.1999037154515584,
    "sec_left": 1.8063255500793458,
    "sec_back": 1.3657957593599954,
    "sec_right": 1.6524091243743897,
    "sec_upper": 1.3325092482566834,
    "sec_lower": 1.4739560969670613
  },
  "shuffle": {
    "MAE": 1.0956636039415995,
    "MAE_plain": 0.9051943496863047,
    "RMSE": 1.615624613439671,
    "AbsRel": 0.7619523906707764,
    "delta1": 0.3636743422349294,
    "SILog": 0.7062399566173554,
    "MAE_ffx": 1.0516901810963948,
    "mirror_better_rate": 0.5030555709203084,
    "mae_gain_if_mirrored": 0.004429008718580008,
    "MAE_low": 1.0578119158744812,
    "SHcoefL1": 0.39000878889734547,
    "sec_front": 1.1117883531252544,
    "sec_left": 1.0958143639564515,
    "sec_back": 1.0876587732632954,
    "sec_right": 1.087392872174581,
    "sec_upper": 0.9242911730209986,
    "sec_lower": 0.4751098541418711
  },
  "swap": {
    "MAE": 0.9645410323143006,
    "MAE_plain": 0.8045839647452037,
    "RMSE": 1.4634014269812206,
    "AbsRel": 0.6303449436028798,
    "delta1": 0.40695801059405007,
    "SILog": 0.6121588822205861,
    "MAE_ffx": 0.921945816675822,
    "mirror_better_rate": 0.5008333472410837,
    "mae_gain_if_mirrored": 0.005434753304968278,
    "MAE_low": 0.925816826025645,
    "SHcoefL1": 0.36019840156659483,
    "sec_front": 0.9375130605697631,
    "sec_left": 0.9769627968470256,
    "sec_back": 0.9613414899508158,
    "sec_right": 0.982346747716268,
    "sec_upper": 0.8313649354378382,
    "sec_lower": 0.42040656963984174
  }
}