{
  "test": {
    "MAE": 0.9713248523076375,
    "MAE_plain": 0.8136320002873738,
    "RMSE": 1.5014543037591057,
    "AbsRel": 0.6365287466843923,
    "delta1": 0.4123018244902293,
    "SILog": 0.6261920964717865,
    "MAE_ffx": 0.9276543895403544,
    "mirror_better_rate": 0.3200000097354253,
    "mae_gain_if_mirrored": 0.01828005294005076,
    "MAE_low": 0.9327300675710042,
    "SHcoefL1": 0.3765241047615806,
    "sec_front": 0.9684533206621806,
    "sec_left": 0.9991673421859741,
    "sec_back": 1.0153119381268818,
    "sec_right": 0.9023668018976847,
    "sec_upper": 0.859449396332105,
    "sec_lower": 0.4231155167023341
  },
  "mono": {
    "MAE": 1.145896743138631,
    "MAE_plain": 0.9385384360949198,
    "RMSE": 1.7004713987565412,
    "AbsRel": 0.9120744355519612,
    "delta1": 0.38897183696428933,
    "SILog": 0.6945784938335419,
    "MAE_ffx": 1.1093669613202413,
    "mirror_better_rate": 0.48944445729255676,
    "mae_gain_if_mirrored": 0.03863853134214878,
    "MAE_low": 1.1069055573145548,
    "SHcoefL1": 0.44551567619873417,
    "sec_front": 1.0534538586934408,
    "sec_left": 1.161319617430369,
    "sec_back": 1.0757914463678995,
    "sec_right": 1.2930220937728882,
    "sec_upper": 0.9167173047860463,
    "sec_lower": 0.4633181850115458
  },
  "shuffle": {
    "MAE": 1.1116824460029602,
    "MAE_plain": 0.9171220775445302,
    "RMSE": 1.6595494892707061,
    "AbsRel": 0.7600262741247813,
    "delta1": 0.36279314001401264,
    "SILog": 0.7097291390101115,
    "MAE_ffx": 1.0668131446838378,
    "mirror_better_rate": 0.4897222363948822,
    "mae_gain_if_mirrored": 0.04280537170668443,
    "MAE_low": 1.0737756164868673,
    "SHcoefL1": 0.4091466327673859,
    "sec_front": 1.1124353806177776,
    "sec_left": 1.0903636598587036,
    "sec_back": 1.1087665764490764,
    "sec_right": 1.135164122581482,
    "sec_upper": 0.9406759868065516,
    "sec_lower": 0.4692027123769124
  },
  "swap": {
    "MAE": 1.0856913908322652,
    "MAE_plain": 0.8954548990726471,
    "RMSE": 1.6285498055611551,
    "AbsRel": 0.7416896013418833,
    "delta1": 0.3732778493563334,
    "SILog": 0.6926005951563518,
    "MAE_ffx": 1.0415406052271525,
    "mirror_better_rate": 0.6397222447395324,
    "mae_gain_if_mirrored": 0.08177164840201537,
    "MAE_low": 1.0479762387275695,
    "SHcoefL1": 0.40369370138893523,
    "sec_front": 1.0200903868675233,
    "sec_left": 1.1089693061510721,
    "sec_back": 1.0661142516136168,
    "sec_right": 1.1475916067759195,
    "sec_upper": 0.9126534388462703,
    "sec_lower": 0.46017065008481345
  }
}