{
  "test": {
    "MAE": 0.9095474767684937,
    "MAE_plain": 0.7642642788092295,
    "RMSE": 1.4300263888534304,
    "AbsRel": 0.5557251947455936,
    "delta1": 0.4480715937746896,
    "SILog": 0.5748185711436802,
    "MAE_ffx": 0.8677180559105343,
    "mirror_better_rate": 0.25972222222222224,
    "mae_gain_if_mirrored": 0.015755760599341657,
    "MAE_low": 0.8711206581857469,
    "SHcoefL1": 0.35532846941819624,
    "sec_front": 0.9205436766147613,
    "sec_left": 0.8848282145129309,
    "sec_back": 0.953113708363639,
    "sec_right": 0.8797043172518412,
    "sec_upper": 0.8153141797251171,
    "sec_lower": 0.3869991973373625
  },
  "mono": {
    "MAE": 1.3179745078086853,
    "MAE_plain": 1.161297585964203,
    "RMSE": 1.8099263054689196,
    "AbsRel": 1.0993561391035716,
    "delta1": 0.31308623287412857,
    "SILog": 0.6662762427330017,
    "MAE_ffx": 1.2802284696367052,
    "mirror_better_rate": 0.5008333333333334,
    "mae_gain_if_mirrored": 0.007970801244179407,
    "MAE_low": 1.2826750270525615,
    "SHcoefL1": 0.44569012731727625,
    "sec_front": 1.17937794552909,
    "sec_left": 1.495677735540602,
    "sec_back": 1.1753263937102423,
    "sec_right": 1.4215159564548068,
    "sec_upper": 1.2232038798597125,
    "sec_lower": 0.6428037084473504
  },
  "shuffle": {
    "MAE": 1.146086161136627,
    "MAE_plain": 0.9395944436391195,
    "RMSE": 1.6928098824898035,
    "AbsRel": 0.7775034622351329,
    "delta1": 0.35600140021906956,
    "SILog": 0.7309140871630775,
    "MAE_ffx": 1.1020813375049168,
    "mirror_better_rate": 0.4975,
    "mae_gain_if_mirrored": 0.056352594080898495,
    "MAE_low": 1.108761248588562,
    "SHcoefL1": 0.41091382621477046,
    "sec_front": 1.1418649903933207,
    "sec_left": 1.1531797613037957,
    "sec_back": 1.1236769382158915,
    "sec_right": 1.165622964700063,
    "sec_upper": 0.9552174855603112,
    "sec_lower": 0.48646131134695475
  },
  "swap": {
    "MAE": 1.1090988063812255,
    "MAE_plain": 0.9068710543049706,
    "RMSE": 1.65543269862397,
    "AbsRel": 0.7374654426839616,
    "delta1": 0.37774232963720955,
    "SILog": 0.7073032760620117,
    "MAE_ffx": 1.0656764851676093,
    "mirror_better_rate": 0.7380555555555556,
    "mae_gain_if_mirrored": 0.1549718616488907,
    "MAE_low": 1.0723374403847588,
    "SHcoefL1": 0.39583957510689893,
    "sec_front": 1.010639268292321,
    "sec_left": 1.193643789821201,
    "sec_back": 1.0317316934797498,
    "sec_right": 1.2003804500897726,
    "sec_upper": 0.9077746448251937,
    "sec_lower": 0.46411546034945383,
    "swap_mirror_consistency": 0.19160738298686844
  }
}