{
  "test": {
    "MAE": 0.9743845335642497,
    "MAE_plain": 0.8122886840502421,
    "RMSE": 1.4626022454664427,
    "AbsRel": 0.6755609126885732,
    "delta1": 0.4103378681341807,
    "SILog": 0.6167433631420135,
    "MAE_ffx": 0.9328954815864563,
    "mirror_better_rate": 0.5038889074325561,
    "mae_gain_if_mirrored": 0.00853900778417786,
    "MAE_low": 0.9349962798754374,
    "SHcoefL1": 0.3601286174874339,
    "sec_front": 0.9394765583674113,
    "sec_left": 0.9969453525543213,
    "sec_back": 0.9732086952527365,
    "sec_right": 0.987907485961914,
    "sec_upper": 0.8342398297786713,
    "sec_lower": 0.42847592910130816
  },
  "mono": {
    "MAE": 2.000616981188456,
    "MAE_plain": 2.1255492703119914,
    "RMSE": 2.380934399532345,
    "AbsRel": 1.6317365781466167,
    "delta1": 0.1583801969885826,
    "SILog": 0.762882744471232,
    "MAE_ffx": 1.9718851741154988,
    "mirror_better_rate": 0.48888890067736307,
    "mae_gain_if_mirrored": 0.007751972936093807,
    "MAE_low": 1.966385399500529,
    "SHcoefL1": 0.5148551635278595,
    "sec_front": 2.3392088476816815,
    "sec_left": 2.0832995001475014,
    "sec_back": 1.403172688484192,
    "sec_right": 2.1767868773142496,
    "sec_upper": 2.1413194529215493,
    "sec_lower": 1.9171065918604533
  },
  "shuffle": {
    "MAE": 1.101113916238149,
    "MAE_plain": 0.9088433901468913,
    "RMSE": 1.6131496075147465,
    "AbsRel": 0.802918719847997,
    "delta1": 0.3693967445691427,
    "SILog": 0.6993131808439891,
    "MAE_ffx": 1.0582616345087688,
    "mirror_better_rate": 0.5008333504199982,
    "mae_gain_if_mirrored": 0.007597884365047018,
    "MAE_low": 1.062816899617513,
    "SHcoefL1": 0.3898233963197304,
    "sec_front": 1.1055102642377217,
    "sec_left": 1.1024222954114278,
    "sec_back": 1.1065260759989421,
    "sec_right": 1.0899970491727193,
    "sec_upper": 0.9220194482803344,
    "sec_lower": 0.4763055245081584
  },
  "swap": {
    "MAE": 0.9746222098668417,
    "MAE_plain": 0.8127318946520488,
    "RMSE": 1.4626278578974763,
    "AbsRel": 0.6755316368738811,
    "delta1": 0.41008493026097614,
    "SILog": 0.6167684515317281,
    "MAE_ffx": 0.9330832409858704,
    "mirror_better_rate": 0.5019444624582926,
    "mae_gain_if_mirrored": 0.00854131353708605,
    "MAE_low": 0.9352813728650411,
    "SHcoefL1": 0.3604177271616128,
    "sec_front": 0.9399891591072083,
    "sec_left": 0.9970708131790161,
    "sec_back": 0.9742178002993266,
    "sec_right": 0.9872110478083292,
    "sec_upper": 0.8349745637178421,
    "sec_lower": 0.4291707634925842
  }
}