{
  "test": {
    "MAE": 0.8856380351384481,
    "MAE_plain": 0.7440904233853022,
    "RMSE": 1.422580663649668,
    "AbsRel": 0.5318618379036586,
    "delta1": 0.462172272503376,
    "SILog": 0.5723656143744786,
    "MAE_ffx": 0.8431902674833933,
    "mirror_better_rate": 0.24500000715255738,
    "mae_gain_if_mirrored": 0.013980425635818392,
    "MAE_low": 0.8479946156342825,
    "SHcoefL1": 0.3495346355355448,
    "sec_front": 0.8873793961604436,
    "sec_left": 0.8661343614260356,
    "sec_back": 0.9234451025724411,
    "sec_right": 0.8655932797988256,
    "sec_upper": 0.787999204893907,
    "sec_lower": 0.38201127578814825
  }
}