{
  "test": {
    "MAE": 0.888113863269488,
    "MAE_plain": 0.749661565621694,
    "RMSE": 1.4315046679685404,
    "AbsRel": 0.4922241888443629,
    "delta1": 0.4575505155324936,
    "SILog": 0.5694535811742146,
    "MAE_ffx": 0.8452037151654561,
    "mirror_better_rate": 0.24472223023573558,
    "mae_gain_if_mirrored": 0.013902038688538596,
    "MAE_low": 0.8507268373171488,
    "SHcoefL1": 0.3524715236760676,
    "sec_front": 0.8877170008420944,
    "sec_left": 0.8733983184893926,
    "sec_back": 0.9274145072698593,
    "sec_right": 0.8639256385962168,
    "sec_upper": 0.7961114172140757,
    "sec_lower": 0.38287879914045336
  }
}