{
  "test": {
    "MAE": 0.9102836782402463,
    "MAE_plain": 0.768723743226793,
    "RMSE": 1.4388193452751203,
    "AbsRel": 0.5336078766319486,
    "delta1": 0.44514376256201005,
    "SILog": 0.5760587979687585,
    "MAE_ffx": 0.867911668088701,
    "mirror_better_rate": 0.22722222222222221,
    "mae_gain_if_mirrored": 0.012496349977122413,
    "MAE_low": 0.8727441320154402,
    "SHcoefL1": 0.35635992765633595,
    "sec_front": 0.9282600054475996,
    "sec_left": 0.8796759610705905,
    "sec_back": 0.9540420889854431,
    "sec_right": 0.8791566533512539,
    "sec_upper": 0.827920087840822,
    "sec_lower": 0.38560732311672635
  }
}