{
  "test": {
    "MAE": 0.8820090091228485,
    "MAE_plain": 0.7420429372787476,
    "RMSE": 1.4145586917814958,
    "AbsRel": 0.523615384499232,
    "delta1": 0.46659747540950774,
    "SILog": 0.5732974656422933,
    "MAE_ffx": 0.8401709449291229,
    "mirror_better_rate": 0.24944445190330347,
    "mae_gain_if_mirrored": 0.014916259831976883,
    "MAE_low": 0.8443604882558187,
    "SHcoefL1": 0.3472173275995172,
    "sec_front": 0.8822877931594849,
    "sec_left": 0.8680799376964569,
    "sec_back": 0.9172679827610651,
    "sec_right": 0.860400312145551,
    "sec_upper": 0.7850367212295533,
    "sec_lower": 0.3811756214499474
  }
}