{
  "run": "B_presnet_s2",
  "MAE": 0.9848780047893524,
  "MAE_plain": 0.82654721001784,
  "RMSE": 1.4984403730518152,
  "AbsRel": 0.6481586615244548,
  "delta1": 0.41058508306741714,
  "delta2": 0.6300851752360662,
  "delta3": 0.7679592112700144,
  "SILog": 0.6183121752738953,
  "MAE_ffx": 0.9452331272761026,
  "mirror_better_rate": 0.3075000104308128,
  "mae_gain_if_mirrored": 0.024581633536145092,
  "MAE_low": 0.9468746872742971,
  "SHcoefL1": 0.38030668077990415,
  "sec_front": 0.977825714747111,
  "sec_left": 0.99119558095932,
  "sec_back": 1.0314269268512726,
  "sec_right": 0.939063804546992,
  "sec_upper": 0.8826200821002325,
  "sec_lower": 0.4252780126531919
}