{
  "test": {
    "MAE": 0.9145734084977044,
    "MAE_plain": 0.7660122595893012,
    "RMSE": 1.4410099035065265,
    "AbsRel": 0.5657302293512556,
    "delta1": 0.446819171640608,
    "SILog": 0.5913331933816274,
    "MAE_ffx": 0.8731183404392666,
    "mirror_better_rate": 0.27555555555555555,
    "mae_gain_if_mirrored": 0.016887081240614256,
    "MAE_low": 0.8769971349504259,
    "SHcoefL1": 0.35619404531808363,
    "sec_front": 0.9204983679453532,
    "sec_left": 0.8984501939349704,
    "sec_back": 0.9461461141374377,
    "sec_right": 0.8931989675097995,
    "sec_upper": 0.8039242070251041,
    "sec_lower": 0.3951490420103073
  },
  "mono": {
    "MAE": 1.0988748741149903,
    "MAE_plain": 0.9019304823875427,
    "RMSE": 1.6782160273102706,
    "AbsRel": 0.799651014275021,
    "delta1": 0.40155582745869955,
    "SILog": 0.6809080015288459,
    "MAE_ffx": 1.0620235368940565,
    "mirror_better_rate": 0.4825,
    "mae_gain_if_mirrored": 0.009443764926658736,
    "MAE_low": 1.062937037150065,
    "SHcoefL1": 0.4190692911276387,
    "sec_front": 1.031096826394399,
    "sec_left": 1.1473940081066556,
    "sec_back": 1.05267091539171,
    "sec_right": 1.164337730407715,
    "sec_upper": 0.8855449194378323,
    "sec_lower": 0.4437704903549618
  },
  "shuffle": {
    "MAE": 1.1312022055519952,
    "MAE_plain": 0.9276302896605597,
    "RMSE": 1.6819352997744386,
    "AbsRel": 0.7700028864542643,
    "delta1": 0.3636218894852532,
    "SILog": 0.7340664953655667,
    "MAE_ffx": 1.0872866402732002,
    "mirror_better_rate": 0.49333333333333335,
    "mae_gain_if_mirrored": 0.053432888529366916,
    "MAE_low": 1.0944871923658583,
    "SHcoefL1": 0.40680443207836814,
    "sec_front": 1.1311139143837823,
    "sec_left": 1.132098193698459,
    "sec_back": 1.116133943663703,
    "sec_right": 1.145462785826789,
    "sec_upper": 0.9402728097968631,
    "sec_lower": 0.48081850740644666
  },
  "swap": {
    "MAE": 1.0960441409216988,
    "MAE_plain": 0.8958377567927043,
    "RMSE": 1.6449932445194066,
    "AbsRel": 0.7344586573706733,
    "delta1": 0.3828072988986969,
    "SILog": 0.7133715356720819,
    "MAE_ffx": 1.0526465005344814,
    "mirror_better_rate": 0.7216666666666667,
    "mae_gain_if_mirrored": 0.14548542708158493,
    "MAE_low": 1.059843983385298,
    "SHcoefL1": 0.39312621964762606,
    "sec_front": 1.001814608309004,
    "sec_left": 1.1743392933739556,
    "sec_back": 1.0244988807042439,
    "sec_right": 1.1835237773259482,
    "sec_upper": 0.8915324956840939,
    "sec_lower": 0.46365899788008796
  }
}