{
  "test": {
    "MAE": 0.896817399263382,
    "MAE_plain": 0.753455617427826,
    "RMSE": 1.4146593436733075,
    "AbsRel": 0.5572686729828517,
    "delta1": 0.45853830774625143,
    "SILog": 0.5762502088149388,
    "MAE_ffx": 0.856125401655833,
    "mirror_better_rate": 0.2625000073512395,
    "mae_gain_if_mirrored": 0.013777973161777481,
    "MAE_low": 0.8581288812557856,
    "SHcoefL1": 0.34886376913843886,
    "sec_front": 0.901149940888087,
    "sec_left": 0.8815812186400096,
    "sec_back": 0.9293399490912755,
    "sec_right": 0.8751984532674154,
    "sec_upper": 0.8006884682178498,
    "sec_lower": 0.38608025898536047
  }
}