{
  "test": {
    "MAE": 0.9012840886910757,
    "MAE_plain": 0.7544024352232616,
    "RMSE": 1.4274205109546452,
    "AbsRel": 0.5469800074895222,
    "delta1": 0.4499579620361328,
    "SILog": 0.5764745442072551,
    "MAE_ffx": 0.8590563436349233,
    "mirror_better_rate": 0.2852777865280708,
    "mae_gain_if_mirrored": 0.015375279116560704,
    "MAE_low": 0.8634419924020768,
    "SHcoefL1": 0.353318542825679,
    "sec_front": 0.9010934911171595,
    "sec_left": 0.8890435492992401,
    "sec_back": 0.9272268531719844,
    "sec_right": 0.8877724339564641,
    "sec_upper": 0.7879242245356242,
    "sec_lower": 0.3911629977822304
  }
}