{
  "test": {
    "MAE": 0.8914837104082107,
    "MAE_plain": 0.7507923350731531,
    "RMSE": 1.4090141704660792,
    "AbsRel": 0.5513417704900105,
    "delta1": 0.4580892528096835,
    "SILog": 0.570252138376236,
    "MAE_ffx": 0.8505315512418747,
    "mirror_better_rate": 0.2563888967037201,
    "mae_gain_if_mirrored": 0.014502581116588165,
    "MAE_low": 0.8530274560054143,
    "SHcoefL1": 0.34864986832357114,
    "sec_front": 0.8939359104633331,
    "sec_left": 0.8766233839591344,
    "sec_back": 0.9298806015650432,
    "sec_right": 0.8654949581623077,
    "sec_upper": 0.7965940908590953,
    "sec_lower": 0.3838437659541766
  }
}