{
  "mean_of_K": 0.8499788835313585,
  "best_of_K": 0.6827541044023302,
  "best_of_K_ctrl": 0.7187664137946235,
  "oracle_gain": 0.16722477912902833,
  "oracle_gain_ctrl": 0.13121246973673503,
  "real_multimodal_gain": 0.036012309392293294,
  "per_head_mae": [
    0.9866742248005337,
    0.9198148279719882,
    0.9462069328625997,
    0.9568063232633802,
    0.9689496776792739
  ],
  "diversity": 0.6200177947680156,
  "uncert_corr": 0.7031032043088168,
  "baseline_det": 0.78,
  "vs_baseline_meanK": 0.0699788835313585,
  "vs_baseline_bestK": -0.09724589559766983,
  "calib_bins": [
    0.2315218862067125,
    0.7323730721836441,
    1.1674841940087708,
    1.4138410537445898,
    1.6830290130360177,
    1.9160595748431823,
    2.05934601828882,
    2.1600462603570723,
    2.222569921570723,
    2.367038420063045
  ]
}