{
  "test": {
    "MAE": 0.9229028277926975,
    "MAE_plain": 0.7748533927732044,
    "RMSE": 1.414430443688916,
    "AbsRel": 0.5758618101477623,
    "delta1": 0.43752761469946966,
    "SILog": 0.5632508709695604,
    "MAE_ffx": 0.8822831264469359,
    "mirror_better_rate": 0.24166666666666667,
    "mae_gain_if_mirrored": 0.01282578342076805,
    "MAE_low": 0.8843474677536223,
    "SHcoefL1": 0.3551885444319083,
    "sec_front": 0.9467299815681246,
    "sec_left": 0.8933041194412443,
    "sec_back": 0.9663598249355952,
    "sec_right": 0.885217365026474,
    "sec_upper": 0.8194616873396767,
    "sec_lower": 0.3949032755858368
  }
}