{
  "test": {
    "MAE": 0.9020682207743327,
    "MAE_plain": 0.758024639553494,
    "RMSE": 1.4418254809608413,
    "AbsRel": 0.5286763637595706,
    "delta1": 0.45166532662179737,
    "SILog": 0.5819465242491828,
    "MAE_ffx": 0.8600940587785509,
    "mirror_better_rate": 0.2708333333333333,
    "mae_gain_if_mirrored": 0.015863529311286078,
    "MAE_low": 0.8647650411393908,
    "SHcoefL1": 0.3559013334578938,
    "sec_front": 0.9040565405951606,
    "sec_left": 0.8867782023217943,
    "sec_back": 0.9314214197794596,
    "sec_right": 0.8860167453024123,
    "sec_upper": 0.7969434140788184,
    "sec_lower": 0.3879269787338045
  },
  "mono": {
    "MAE": 1.0827382681104871,
    "MAE_plain": 0.8905567842059665,
    "RMSE": 1.685108696019149,
    "AbsRel": 0.754479419125451,
    "delta1": 0.40555158601866825,
    "SILog": 0.6637390915552775,
    "MAE_ffx": 1.047749309539795,
    "mirror_better_rate": 0.5066666666666667,
    "mae_gain_if_mirrored": 0.012326720025804308,
    "MAE_low": 1.0478686650594076,
    "SHcoefL1": 0.4194927269530793,
    "sec_front": 1.0137236754099528,
    "sec_left": 1.1485200378629896,
    "sec_back": 1.023915057182312,
    "sec_right": 1.1447942929797703,
    "sec_upper": 0.8761047095722623,
    "sec_lower": 0.43381202803717717
  },
  "shuffle": {
    "MAE": 1.1257297473483616,
    "MAE_plain": 0.9253328916761611,
    "RMSE": 1.6857311308537661,
    "AbsRel": 0.7454813265800476,
    "delta1": 0.3629955486456553,
    "SILog": 0.7353724588288201,
    "MAE_ffx": 1.0818499506844415,
    "mirror_better_rate": 0.48194444444444445,
    "mae_gain_if_mirrored": 0.052905270084738734,
    "MAE_low": 1.0893762636184692,
    "SHcoefL1": 0.40693544544279575,
    "sec_front": 1.1197808694839477,
    "sec_left": 1.1283226823806762,
    "sec_back": 1.1095376941892836,
    "sec_right": 1.1452777454588148,
    "sec_upper": 0.93813923491372,
    "sec_lower": 0.4813921874099308
  },
  "swap": {
    "MAE": 1.0876861725913154,
    "MAE_plain": 0.8907502841949463,
    "RMSE": 1.6492976271766473,
    "AbsRel": 0.7020896061261495,
    "delta1": 0.38393787105878197,
    "SILog": 0.7117201269997491,
    "MAE_ffx": 1.0440260375870598,
    "mirror_better_rate": 0.7275,
    "mae_gain_if_mirrored": 0.1475362577703264,
    "MAE_low": 1.0519741921954684,
    "SHcoefL1": 0.3932233927937018,
    "sec_front": 0.9885321712493896,
    "sec_left": 1.1792022286521064,
    "sec_back": 1.008078724808163,
    "sec_right": 1.174931582874722,
    "sec_upper": 0.8859849899344974,
    "sec_lower": 0.4616722932126787
  }
}