{
  "test": {
    "MAE": 0.9597468429141575,
    "MAE_plain": 0.8028598120477465,
    "RMSE": 1.4673243888440923,
    "AbsRel": 0.6193120698134105,
    "delta1": 0.40733398755391437,
    "SILog": 0.604488017823961,
    "MAE_ffx": 0.9160306678877936,
    "mirror_better_rate": 0.3047222222222222,
    "mae_gain_if_mirrored": 0.018221710589196947,
    "MAE_low": 0.9209453500641717,
    "SHcoefL1": 0.3604704391397536,
    "sec_front": 0.9843279608090718,
    "sec_left": 0.9361422406302558,
    "sec_back": 0.9935998270246718,
    "sec_right": 0.9249173368348016,
    "sec_upper": 0.8458977635701498,
    "sec_lower": 0.4103427626689275
  },
  "mono": {
    "MAE": 1.3999522071414523,
    "MAE_plain": 1.1295635011461047,
    "RMSE": 2.0549346264828303,
    "AbsRel": 0.9933470572365655,
    "delta1": 0.3093527740902371,
    "SILog": 0.8969639044337803,
    "MAE_ffx": 1.3651475800408257,
    "mirror_better_rate": 0.4975,
    "mae_gain_if_mirrored": 0.02871772033472856,
    "MAE_low": 1.364901065826416,
    "SHcoefL1": 0.514469726011157,
    "sec_front": 1.3825565152698094,
    "sec_left": 1.595651199022929,
    "sec_back": 1.1531869459152222,
    "sec_right": 1.4684141312705146,
    "sec_upper": 1.078060323132409,
    "sec_lower": 0.575398686726888
  },
  "shuffle": {
    "MAE": 1.1080665143330892,
    "MAE_plain": 0.913065612051222,
    "RMSE": 1.6386427452625136,
    "AbsRel": 0.7717432890997993,
    "delta1": 0.36081623276074726,
    "SILog": 0.7053450626797146,
    "MAE_ffx": 1.063020759953393,
    "mirror_better_rate": 0.49833333333333335,
    "mae_gain_if_mirrored": 0.05362681232392788,
    "MAE_low": 1.070340525839064,
    "SHcoefL1": 0.3943051831941638,
    "sec_front": 1.0962927073902553,
    "sec_left": 1.1323987918429905,
    "sec_back": 1.0794145515229967,
    "sec_right": 1.1241599437925551,
    "sec_upper": 0.9395628302627139,
    "sec_lower": 0.4682948754893409
  },
  "swap": {
    "MAE": 1.1067087666193645,
    "MAE_plain": 0.9117263884014554,
    "RMSE": 1.633249087113032,
    "AbsRel": 0.7792599327034421,
    "delta1": 0.3632870709896088,
    "SILog": 0.7030723508199056,
    "MAE_ffx": 1.062018735938602,
    "mirror_better_rate": 0.6466666666666666,
    "mae_gain_if_mirrored": 0.10359546672966745,
    "MAE_low": 1.0692962039841547,
    "SHcoefL1": 0.3906658843718469,
    "sec_front": 1.053402267297109,
    "sec_left": 1.1671719768312243,
    "sec_back": 1.061310234864553,
    "sec_right": 1.1449506198035346,
    "sec_upper": 0.9275598475668165,
    "sec_lower": 0.4654219252533383
  },
  "alpha": 0.6280227899551392
}