{
  "test": {
    "MAE": 0.9490393106142679,
    "MAE_plain": 0.7955535851584541,
    "RMSE": 1.4648059872764596,
    "AbsRel": 0.6178060489230686,
    "delta1": 0.418112374941508,
    "SILog": 0.6087096971935696,
    "MAE_ffx": 0.9067034056451586,
    "mirror_better_rate": 0.3025,
    "mae_gain_if_mirrored": 0.01891897278527419,
    "MAE_low": 0.9104174666934544,
    "SHcoefL1": 0.3651066293236282,
    "sec_front": 0.9649679281976488,
    "sec_left": 0.952341706222958,
    "sec_back": 0.9784033550156488,
    "sec_right": 0.9004442161983914,
    "sec_upper": 0.831616583665212,
    "sec_lower": 0.4156406941016515
  },
  "mono": {
    "MAE": 1.0812612345483568,
    "MAE_plain": 0.889481299718221,
    "RMSE": 1.5946539518548914,
    "AbsRel": 0.8197117784288195,
    "delta1": 0.3927883962790171,
    "SILog": 0.6664873033099704,
    "MAE_ffx": 1.0441018801265294,
    "mirror_better_rate": 0.49416666666666664,
    "mae_gain_if_mirrored": 0.03030624577568637,
    "MAE_low": 1.0422107474009197,
    "SHcoefL1": 0.40976968916133044,
    "sec_front": 1.0167118265893724,
    "sec_left": 1.1118483787112765,
    "sec_back": 1.030510148472256,
    "sec_right": 1.1659745528962877,
    "sec_upper": 0.8871805130110847,
    "sec_lower": 0.45127662592464024
  },
  "shuffle": {
    "MAE": 1.1101019790437487,
    "MAE_plain": 0.9155994870927598,
    "RMSE": 1.6523931642863305,
    "AbsRel": 0.7707947511143155,
    "delta1": 0.36482321977615356,
    "SILog": 0.7112997857729594,
    "MAE_ffx": 1.0660356590482924,
    "mirror_better_rate": 0.5030555555555556,
    "mae_gain_if_mirrored": 0.04981452562742763,
    "MAE_low": 1.072372374004788,
    "SHcoefL1": 0.40327917671865887,
    "sec_front": 1.1029343128204345,
    "sec_left": 1.0997033998701307,
    "sec_back": 1.0794500494003296,
    "sec_right": 1.158320082028707,
    "sec_upper": 0.9345493051740859,
    "sec_lower": 0.47131404373380875
  },
  "swap": {
    "MAE": 1.100620953771803,
    "MAE_plain": 0.905140843656328,
    "RMSE": 1.632721458651854,
    "AbsRel": 0.7764350157313876,
    "delta1": 0.37052911784913806,
    "SILog": 0.7031126072671678,
    "MAE_ffx": 1.0570942531691656,
    "mirror_better_rate": 0.6936111111111111,
    "mae_gain_if_mirrored": 0.10604871398872799,
    "MAE_low": 1.0631102665265402,
    "SHcoefL1": 0.3970372500353389,
    "sec_front": 1.0419406700134277,
    "sec_left": 1.1480176904466417,
    "sec_back": 1.045818764898512,
    "sec_right": 1.1667066754235162,
    "sec_upper": 0.9138840842247009,
    "sec_lower": 0.46982150766584607
  }
}