{
  "test": {
    "MAE": 0.8900380976994833,
    "MAE_plain": 0.7468606781959534,
    "RMSE": 1.455369820931842,
    "AbsRel": 0.4856968128681183,
    "delta1": 0.45735180099805195,
    "SILog": 0.5803193624814351,
    "MAE_ffx": 0.8463784742355347,
    "mirror_better_rate": 0.27555556416511534,
    "mae_gain_if_mirrored": 0.014401135679023961,
    "MAE_low": 0.853461329539617,
    "SHcoefL1": 0.3554297679207391,
    "sec_front": 0.8961746581395467,
    "sec_left": 0.867128385702769,
    "sec_back": 0.920055181980133,
    "sec_right": 0.8767941689491272,
    "sec_upper": 0.7850778500239054,
    "sec_lower": 0.38419474601745607
  }
}