{
  "test": {
    "MAE": 0.9888610545794169,
    "MAE_plain": 0.828861088487837,
    "RMSE": 1.5217104196047075,
    "AbsRel": 0.6499719497892592,
    "delta1": 0.4067712320221795,
    "SILog": 0.6355734593338437,
    "MAE_ffx": 0.9471634769439697,
    "mirror_better_rate": 0.32666666666666666,
    "mae_gain_if_mirrored": 0.022531247304545508,
    "MAE_low": 0.9504156449106005,
    "SHcoefL1": 0.3858596717938781,
    "sec_front": 0.9822250273492601,
    "sec_left": 1.0157146798239813,
    "sec_back": 1.0312907653384737,
    "sec_right": 0.9262137050098843,
    "sec_upper": 0.871131054825253,
    "sec_lower": 0.4335044937663608
  },
  "mono": {
    "MAE": 1.1420553668340048,
    "MAE_plain": 0.9350276901986864,
    "RMSE": 1.7050336736505702,
    "AbsRel": 0.8536924899948968,
    "delta1": 0.3804608702659607,
    "SILog": 0.6964645825492011,
    "MAE_ffx": 1.1049830402268304,
    "mirror_better_rate": 0.485,
    "mae_gain_if_mirrored": 0.044788764814535774,
    "MAE_low": 1.1040000632074145,
    "SHcoefL1": 0.4479252653237846,
    "sec_front": 1.0285879347059461,
    "sec_left": 1.1230680418014527,
    "sec_back": 1.0674909247292412,
    "sec_right": 1.349074550734626,
    "sec_upper": 0.9137185960345798,
    "sec_lower": 0.4661952385637495
  },
  "shuffle": {
    "MAE": 1.1371573850843641,
    "MAE_plain": 0.9386982933680217,
    "RMSE": 1.691997283129747,
    "AbsRel": 0.7893608155515459,
    "delta1": 0.35826307270261976,
    "SILog": 0.7283039286401537,
    "MAE_ffx": 1.0939611201816135,
    "mirror_better_rate": 0.48777777777777775,
    "mae_gain_if_mirrored": 0.04966656989521451,
    "MAE_low": 1.0994909985860188,
    "SHcoefL1": 0.4186508874553773,
    "sec_front": 1.1214722681045532,
    "sec_left": 1.113219969007704,
    "sec_back": 1.1300272454155815,
    "sec_right": 1.1839100641674465,
    "sec_upper": 0.9605295326974657,
    "sec_lower": 0.48357404867808024
  },
  "swap": {
    "MAE": 1.11382898595598,
    "MAE_plain": 0.918580674595303,
    "RMSE": 1.6637881933812353,
    "AbsRel": 0.7820273896058401,
    "delta1": 0.36868545068634884,
    "SILog": 0.7063927041159735,
    "MAE_ffx": 1.0716434945000544,
    "mirror_better_rate": 0.6402777777777777,
    "mae_gain_if_mirrored": 0.09034019947052002,
    "MAE_low": 1.0761241303549873,
    "SHcoefL1": 0.4147547163731522,
    "sec_front": 1.0351123770078023,
    "sec_left": 1.1462090306811863,
    "sec_back": 1.0871705945332846,
    "sec_right": 1.1868239715364244,
    "sec_upper": 0.9298748596509298,
    "sec_lower": 0.473546984328164
  }
}