{
  "run": "Aunet_s0",
  "MAE": 0.9888610514005025,
  "MAE_plain": 0.8288610927263895,
  "RMSE": 1.521710419945391,
  "AbsRel": 0.6499719476699829,
  "delta1": 0.4067712293730842,
  "delta2": 0.6247120597627428,
  "delta3": 0.7638376983006795,
  "SILog": 0.6355734592013889,
  "MAE_ffx": 0.9471634727054172,
  "mirror_better_rate": 0.32666666666666666,
  "mae_gain_if_mirrored": 0.022531247238318126,
  "MAE_low": 0.9504156385527717,
  "SHcoefL1": 0.38585967225540013,
  "sec_front": 0.9822250294685364,
  "sec_left": 1.0157146787643432,
  "sec_back": 1.031290766398112,
  "sec_right": 0.9262137081887987,
  "sec_upper": 0.8711310495270623,
  "sec_lower": 0.4335044946935442
}