{
  "test": {
    "MAE": 0.9617183065414429,
    "MAE_plain": 0.8003246974945069,
    "RMSE": 1.470766003213569,
    "AbsRel": 0.6096838643815783,
    "delta1": 0.4076726512114207,
    "SILog": 0.6051185788048639,
    "MAE_ffx": 0.9179693630006578,
    "mirror_better_rate": 0.33416666666666667,
    "mae_gain_if_mirrored": 0.016876620393660332,
    "MAE_low": 0.9237061603864034,
    "SHcoefL1": 0.36167158112757736,
    "sec_front": 0.9839175756772359,
    "sec_left": 0.9386018223232693,
    "sec_back": 0.9900135903888279,
    "sec_right": 0.934340217643314,
    "sec_upper": 0.8346871813138326,
    "sec_lower": 0.41143813325299156
  },
  "mono": {
    "MAE": 1.3235517920388116,
    "MAE_plain": 1.08989987399843,
    "RMSE": 1.9269896326731428,
    "AbsRel": 0.8149299258655972,
    "delta1": 0.2890449531873067,
    "SILog": 0.960022833082411,
    "MAE_ffx": 1.2809071175257365,
    "mirror_better_rate": 0.5061111111111111,
    "mae_gain_if_mirrored": 0.12744359605842168,
    "MAE_low": 1.2901369105445013,
    "SHcoefL1": 0.4487964159871141,
    "sec_front": 1.1882267581091988,
    "sec_left": 1.3449938593970405,
    "sec_back": 1.2086175309287177,
    "sec_right": 1.5523690091239082,
    "sec_upper": 1.1006195984946356,
    "sec_lower": 0.6220347001817491
  },
  "shuffle": {
    "MAE": 1.0890394491619535,
    "MAE_plain": 0.8965357753965589,
    "RMSE": 1.6156923917481425,
    "AbsRel": 0.743256266646915,
    "delta1": 0.36674622469478185,
    "SILog": 0.6962811393207974,
    "MAE_ffx": 1.0441869974136353,
    "mirror_better_rate": 0.49694444444444447,
    "mae_gain_if_mirrored": 0.04970774302052127,
    "MAE_low": 1.0516701271798876,
    "SHcoefL1": 0.3877462044254773,
    "sec_front": 1.071872029569414,
    "sec_left": 1.101546623441908,
    "sec_back": 1.068166614373525,
    "sec_right": 1.1145725446277195,
    "sec_upper": 0.9242888401614295,
    "sec_lower": 0.46162288149197894
  },
  "swap": {
    "MAE": 1.1047195800145466,
    "MAE_plain": 0.9057722486390007,
    "RMSE": 1.6313770836662893,
    "AbsRel": 0.765854018661711,
    "delta1": 0.36522058526674905,
    "SILog": 0.7037740829255846,
    "MAE_ffx": 1.0597446084022522,
    "mirror_better_rate": 0.6666666666666666,
    "mae_gain_if_mirrored": 0.10796084601846007,
    "MAE_low": 1.0681347465515136,
    "SHcoefL1": 0.38850908728316425,
    "sec_front": 1.0553453954060872,
    "sec_left": 1.1460915173424615,
    "sec_back": 1.0585909332169428,
    "sec_right": 1.1588504648208617,
    "sec_upper": 0.9166294848918914,
    "sec_lower": 0.4686471472846137
  }
}