{
  "test": {
    "MAE": 0.8880747000376383,
    "MAE_plain": 0.7458681418498357,
    "RMSE": 1.4104232642556866,
    "AbsRel": 0.5422142781813939,
    "delta1": 0.4612393231193225,
    "delta2": 0.6770482947429021,
    "delta3": 0.8037146278222402,
    "SILog": 0.5688497867186865,
    "MAE_ffx": 0.8464786978562673,
    "mirror_better_rate": 0.2616666741669178,
    "mae_gain_if_mirrored": 0.015338073168531991,
    "MAE_low": 0.849509723385175,
    "SHcoefL1": 0.34691599243424004,
    "sec_front": 0.8870688674847285,
    "sec_left": 0.8686515480279923,
    "sec_back": 0.9214304504791896,
    "sec_right": 0.8751479434967041,
    "sec_upper": 0.792233403523763,
    "sec_lower": 0.38486370583375296
  }
}