{
  "test": {
    "MAE": 0.9090791659884983,
    "MAE_plain": 0.7605602444542778,
    "RMSE": 1.4434324576682396,
    "AbsRel": 0.5387529913584391,
    "delta1": 0.44104830344518026,
    "delta2": 0.6609159641795688,
    "delta3": 0.7944238432248434,
    "SILog": 0.5839634501934051,
    "MAE_ffx": 0.8665683401955498,
    "mirror_better_rate": 0.2997222222222222,
    "mae_gain_if_mirrored": 0.016184767389463055,
    "MAE_low": 0.8713610135184394,
    "SHcoefL1": 0.3560779677062399,
    "sec_front": 0.908400444454617,
    "sec_left": 0.9006078033977085,
    "sec_back": 0.934257312350803,
    "sec_right": 0.893051139248742,
    "sec_upper": 0.792021623717414,
    "sec_lower": 0.3914732132355372
  }
}