{
  "run": "B2_batvis_s1",
  "MAE": 0.9090791670481364,
  "MAE_plain": 0.7605602463086446,
  "RMSE": 1.4434324562937746,
  "AbsRel": 0.5387529921531677,
  "delta1": 0.44104830026626585,
  "delta2": 0.6609159731864929,
  "delta3": 0.794423840575748,
  "SILog": 0.5839634504583147,
  "MAE_ffx": 0.8665683380762736,
  "mirror_better_rate": 0.2997222222222222,
  "mae_gain_if_mirrored": 0.01618476725700829,
  "MAE_low": 0.8713610145780776,
  "SHcoefL1": 0.35607796783248585,
  "sec_front": 0.9084004433949788,
  "sec_left": 0.9006078049871656,
  "sec_back": 0.9342573118209839,
  "sec_right": 0.8930511344803704,
  "sec_upper": 0.7920216258366902,
  "sec_lower": 0.3914732132355372
}