{
  "test": {
    "MAE": 0.8885473203659058,
    "MAE_plain": 0.749426708817482,
    "RMSE": 1.4274983532509133,
    "AbsRel": 0.49415692110856374,
    "delta1": 0.45526508569717405,
    "SILog": 0.5681062042713165,
    "MAE_ffx": 0.847122978369395,
    "mirror_better_rate": 0.2502777849137783,
    "mae_gain_if_mirrored": 0.014568478449461205,
    "MAE_low": 0.8507739412784576,
    "SHcoefL1": 0.35277965005901124,
    "sec_front": 0.8962451229492824,
    "sec_left": 0.8709218945105871,
    "sec_back": 0.9186439992984136,
    "sec_right": 0.8683782688776652,
    "sec_upper": 0.7970336469014486,
    "sec_lower": 0.379531388481458
  }
}