{
  "test": {
    "MAE": 0.8888906959692637,
    "MAE_plain": 0.7498175291220347,
    "RMSE": 1.4249901394888844,
    "AbsRel": 0.5163609391450882,
    "delta1": 0.46113604893287025,
    "delta2": 0.6767690924803416,
    "delta3": 0.8028874270121257,
    "SILog": 0.5737850560744604,
    "MAE_ffx": 0.8466660646597545,
    "mirror_better_rate": 0.2600000068793694,
    "mae_gain_if_mirrored": 0.015650861089040215,
    "MAE_low": 0.8511678000291188,
    "SHcoefL1": 0.3504064484085474,
    "sec_front": 0.8855303984880447,
    "sec_left": 0.8724392155806223,
    "sec_back": 0.924706375002861,
    "sec_right": 0.8728867771228155,
    "sec_upper": 0.7974993919332822,
    "sec_lower": 0.3820142610867818
  }
}