{
  "test": {
    "MAE": 0.7909786302513546,
    "MAE_plain": 0.6687972218460507,
    "RMSE": 1.2182710422409906,
    "AbsRel": 0.6101730111572478,
    "delta1": 0.43959248469935525,
    "delta2": 0.660090241962009,
    "delta3": 0.790594856871499,
    "SILog": 0.5228686779075199,
    "MAE_ffx": 0.7640312792195214,
    "mirror_better_rate": 0.2875,
    "mae_gain_if_mirrored": 0.014780156769686276,
    "MAE_low": 0.7508301089869606,
    "SHcoefL1": 0.3067932127147085,
    "sec_front": 0.7822505688667297,
    "sec_left": 0.7627469347582922,
    "sec_back": 0.8101762160989974,
    "sec_right": 0.7820412486129337,
    "sec_upper": 0.6581815057992935,
    "sec_lower": 0.30810216039419175
  }
}