{
  "test": {
    "MAE": 0.9169209606117672,
    "MAE_plain": 0.7746437373426226,
    "RMSE": 1.43245247979258,
    "AbsRel": 0.5600506475898954,
    "delta1": 0.4406876977947023,
    "SILog": 0.5749787837929196,
    "MAE_ffx": 0.8753993105888367,
    "mirror_better_rate": 0.24944444444444444,
    "mae_gain_if_mirrored": 0.014867419637739658,
    "MAE_low": 0.8786956650680966,
    "SHcoefL1": 0.35506263308640984,
    "sec_front": 0.9336915948655871,
    "sec_left": 0.8922552990913392,
    "sec_back": 0.9547658169269562,
    "sec_right": 0.8869711385832892,
    "sec_upper": 0.8318066929446326,
    "sec_lower": 0.39119748241371577
  },
  "mono": {
    "MAE": 1.2070968209372626,
    "MAE_plain": 1.0036743675337898,
    "RMSE": 1.7703439446588836,
    "AbsRel": 0.9320895670519935,
    "delta1": 0.362726118101014,
    "SILog": 0.6831909085644616,
    "MAE_ffx": 1.1695455148484972,
    "mirror_better_rate": 0.5011111111111111,
    "mae_gain_if_mirrored": 0.0068219799217250614,
    "MAE_low": 1.1717807099554274,
    "SHcoefL1": 0.4556849753049513,
    "sec_front": 1.0551928464571636,
    "sec_left": 1.3340099671151904,
    "sec_back": 1.0630610956086053,
    "sec_right": 1.3761233817206489,
    "sec_upper": 0.9680805215570661,
    "sec_lower": 0.5323375318447748
  },
  "left": {
    "MAE": 1.2868557262420655,
    "MAE_plain": 1.0738299891683791,
    "RMSE": 1.8680399780274053,
    "AbsRel": 1.0164444190926023,
    "delta1": 0.3455026045110491,
    "SILog": 0.6994220089912414,
    "MAE_ffx": 1.2504484807120428,
    "mirror_better_rate": 0.505,
    "mae_gain_if_mirrored": 0.0061224565654993054,
    "MAE_low": 1.2521743551890054,
    "SHcoefL1": 0.4793314584241145,
    "sec_front": 1.102149362564087,
    "sec_left": 1.470198746787177,
    "sec_back": 1.0933241120974222,
    "sec_right": 1.481750753455692,
    "sec_upper": 1.0271971879402797,
    "sec_lower": 0.5840260334147347
  },
  "right": {
    "MAE": 1.299618656900194,
    "MAE_plain": 1.082229092915853,
    "RMSE": 1.8937831271778145,
    "AbsRel": 1.0320650074217055,
    "delta1": 0.34409042861726546,
    "SILog": 0.7003840776284536,
    "MAE_ffx": 1.2628282899326748,
    "mirror_better_rate": 0.49916666666666665,
    "mae_gain_if_mirrored": 0.005391973762048616,
    "MAE_low": 1.2653038064638773,
    "SHcoefL1": 0.4828264242493444,
    "sec_front": 1.1017849609586927,
    "sec_left": 1.457749678823683,
    "sec_back": 1.1053492909007603,
    "sec_right": 1.5335907133420308,
    "sec_upper": 1.0344892615742154,
    "sec_lower": 0.5835744274987115
  },
  "shuffle": {
    "MAE": 1.1395702197816637,
    "MAE_plain": 0.9392242214414809,
    "RMSE": 1.6837359863175532,
    "AbsRel": 0.7781326123078665,
    "delta1": 0.3577430014477836,
    "SILog": 0.7241933733887143,
    "MAE_ffx": 1.0958662430445354,
    "mirror_better_rate": 0.49083333333333334,
    "mae_gain_if_mirrored": 0.05698413501183192,
    "MAE_low": 1.102264130115509,
    "SHcoefL1": 0.4068614283328255,
    "sec_front": 1.1292522136370342,
    "sec_left": 1.1489783422152202,
    "sec_back": 1.1179012836350335,
    "sec_right": 1.1621490596400368,
    "sec_upper": 0.9625286874506208,
    "sec_lower": 0.4835310264428457
  },
  "swap": {
    "MAE": 1.1171643906169468,
    "MAE_plain": 0.9169501095347934,
    "RMSE": 1.6588328601636253,
    "AbsRel": 0.7476704304085837,
    "delta1": 0.3712739502721363,
    "SILog": 0.7067626769012875,
    "MAE_ffx": 1.0736473939153883,
    "mirror_better_rate": 0.7461111111111111,
    "mae_gain_if_mirrored": 0.157752773149146,
    "MAE_low": 1.080562238295873,
    "SHcoefL1": 0.39447124405453604,
    "sec_front": 1.0169470230738322,
    "sec_left": 1.1953105629814995,
    "sec_back": 1.0395749951733484,
    "sec_right": 1.216824987464481,
    "sec_upper": 0.9214391963018311,
    "sec_lower": 0.4685176056623459,
    "swap_mirror_consistency": 0.14460651823589696
  }
}