{
  "test": {
    "MAE": 0.8908524725834529,
    "MAE_plain": 0.750775700211525,
    "RMSE": 1.409124429846127,
    "AbsRel": 0.5460750202337901,
    "delta1": 0.4542196633418401,
    "delta2": 0.6733257565895716,
    "delta3": 0.8007109061876932,
    "SILog": 0.5723936843872071,
    "MAE_ffx": 0.8485057737429936,
    "mirror_better_rate": 0.25527778536081314,
    "mae_gain_if_mirrored": 0.013193738542031496,
    "MAE_low": 0.8521838319301606,
    "SHcoefL1": 0.3467467097151611,
    "sec_front": 0.8903779385487238,
    "sec_left": 0.8709013712406158,
    "sec_back": 0.9279124097029368,
    "sec_right": 0.8742181694507599,
    "sec_upper": 0.7951088260610898,
    "sec_lower": 0.38988338818152746
  }
}