{
  "test": {
    "MAE": 0.8953657666842143,
    "MAE_plain": 0.7540802935759227,
    "RMSE": 1.4523253956703734,
    "AbsRel": 0.4935625326633453,
    "delta1": 0.4493086091677348,
    "SILog": 0.5813550798098246,
    "MAE_ffx": 0.8527315290768941,
    "mirror_better_rate": 0.26750000774860383,
    "mae_gain_if_mirrored": 0.015353548318768541,
    "MAE_low": 0.8586250189940134,
    "SHcoefL1": 0.3563002280539109,
    "sec_front": 0.902108059724172,
    "sec_left": 0.8785957908630371,
    "sec_back": 0.9246769372622172,
    "sec_right": 0.876082268555959,
    "sec_upper": 0.800920318365097,
    "sec_lower": 0.3856165647506714
  }
}