{
  "test": {
    "MAE": 0.8935198803742727,
    "MAE_plain": 0.7542078554630279,
    "RMSE": 1.464297319961621,
    "AbsRel": 0.463714880545934,
    "delta1": 0.4595679674545924,
    "SILog": 0.5835497738917669,
    "MAE_ffx": 0.8500745685895285,
    "mirror_better_rate": 0.2525000063329935,
    "mae_gain_if_mirrored": 0.01449100196413686,
    "MAE_low": 0.85705650806427,
    "SHcoefL1": 0.3569606113506274,
    "sec_front": 0.8972935271263123,
    "sec_left": 0.8748689111073812,
    "sec_back": 0.9256279480457306,
    "sec_right": 0.87628912905852,
    "sec_upper": 0.803055606285731,
    "sec_lower": 0.3824409639835358
  }
}