{
  "test": {
    "MAE": 0.9187865149974823,
    "MAE_plain": 0.7723615775505702,
    "RMSE": 1.4469406664496145,
    "AbsRel": 0.5452508642276128,
    "delta1": 0.43692239860693616,
    "SILog": 0.5848117556174596,
    "MAE_ffx": 0.8773904768625895,
    "mirror_better_rate": 0.24138889595866203,
    "mae_gain_if_mirrored": 0.014507880188369503,
    "MAE_low": 0.8811324510971705,
    "SHcoefL1": 0.35825411714096034,
    "sec_front": 0.9315199156602224,
    "sec_left": 0.8889937663078308,
    "sec_back": 0.9660147225856781,
    "sec_right": 0.8886176731189092,
    "sec_upper": 0.8234684059023857,
    "sec_lower": 0.3930824355284373
  },
  "mono": {
    "MAE": 1.1237886782487234,
    "MAE_plain": 0.9352573653062185,
    "RMSE": 1.694440037855098,
    "AbsRel": 0.7584663768609364,
    "delta1": 0.3625834768017133,
    "SILog": 0.685387372970581,
    "MAE_ffx": 1.0832168877124786,
    "mirror_better_rate": 0.492222234805425,
    "mae_gain_if_mirrored": 0.00878605771344155,
    "MAE_low": 1.0881083230177562,
    "SHcoefL1": 0.4321726590022445,
    "sec_front": 1.0292435419559478,
    "sec_left": 1.1964529756704967,
    "sec_back": 1.0567060895760854,
    "sec_right": 1.2127521089712778,
    "sec_upper": 0.9795734721422196,
    "sec_lower": 0.4482732369502385
  },
  "left": {
    "MAE": 1.139548221429189,
    "MAE_plain": 0.9533300463358562,
    "RMSE": 1.7152934920088152,
    "AbsRel": 0.7481475843985875,
    "delta1": 0.3514454291264216,
    "SILog": 0.7045207824309667,
    "MAE_ffx": 1.0971820910771688,
    "mirror_better_rate": 0.49666667977968854,
    "mae_gain_if_mirrored": 0.007947269196932515,
    "MAE_low": 1.1044394779205322,
    "SHcoefL1": 0.43346108932255045,
    "sec_front": 1.0787194673220317,
    "sec_left": 1.2157418262958526,
    "sec_back": 1.0831032045682272,
    "sec_right": 1.1806284042199453,
    "sec_upper": 1.010065559744835,
    "sec_lower": 0.46051970799763997
  },
  "right": {
    "MAE": 1.1382935996850332,
    "MAE_plain": 0.9525403646628062,
    "RMSE": 1.7212817534530276,
    "AbsRel": 0.7511160778999328,
    "delta1": 0.35509999891122185,
    "SILog": 0.7023456138372421,
    "MAE_ffx": 1.0956418164571127,
    "mirror_better_rate": 0.4994444557030996,
    "mae_gain_if_mirrored": 0.008300902200862765,
    "MAE_low": 1.1034157534440359,
    "SHcoefL1": 0.43464781758065024,
    "sec_front": 1.0620774924755096,
    "sec_left": 1.1731391195456187,
    "sec_back": 1.077972819407781,
    "sec_right": 1.239984940290451,
    "sec_upper": 1.010231203039487,
    "sec_lower": 0.4561161993940671
  },
  "shuffle": {
    "MAE": 1.149395805199941,
    "MAE_plain": 0.9437369610865911,
    "RMSE": 1.7059496330559416,
    "AbsRel": 0.7760543654362361,
    "delta1": 0.3536180152495702,
    "SILog": 0.7431821636358897,
    "MAE_ffx": 1.1055171664555867,
    "mirror_better_rate": 0.4886111263434092,
    "mae_gain_if_mirrored": 0.05798148935039838,
    "MAE_low": 1.1127984861532847,
    "SHcoefL1": 0.4108746667847865,
    "sec_front": 1.1544864217440287,
    "sec_left": 1.1511316347122191,
    "sec_back": 1.1243434528509775,
    "sec_right": 1.1676217051347098,
    "sec_upper": 0.9657777695854505,
    "sec_lower": 0.4856583622097969
  },
  "swap": {
    "MAE": 1.1206331761678059,
    "MAE_plain": 0.9165240267912547,
    "RMSE": 1.665273543534792,
    "AbsRel": 0.7538511323928833,
    "delta1": 0.36675451189279556,
    "SILog": 0.7133053896824518,
    "MAE_ffx": 1.077387077411016,
    "mirror_better_rate": 0.7405555776755015,
    "mae_gain_if_mirrored": 0.1390631167218089,
    "MAE_low": 1.0836046302318574,
    "SHcoefL1": 0.3975626494383646,
    "sec_front": 1.0281674740711848,
    "sec_left": 1.2053440419832866,
    "sec_back": 1.0568046573797862,
    "sec_right": 1.192216565211614,
    "sec_upper": 0.9202058492104213,
    "sec_lower": 0.46610482782125473,
    "swap_mirror_consistency": 0.34333058169690206
  }
}