{
  "test": {
    "MAE": 0.8959774043162664,
    "MAE_plain": 0.7520701565345128,
    "RMSE": 1.4211437594102183,
    "AbsRel": 0.5434756249189376,
    "delta1": 0.45038998782634737,
    "SILog": 0.5745789402723313,
    "MAE_ffx": 0.8540437604983647,
    "mirror_better_rate": 0.25333333991467955,
    "mae_gain_if_mirrored": 0.01344573917100206,
    "MAE_low": 0.8577105569839477,
    "SHcoefL1": 0.3517143619991839,
    "sec_front": 0.9039078293244044,
    "sec_left": 0.876472893555959,
    "sec_back": 0.9282214975357056,
    "sec_right": 0.8753073934714,
    "sec_upper": 0.795029674867789,
    "sec_lower": 0.38481089373429617
  }
}