{
  "test": {
    "MAE": 0.9169825232028961,
    "MAE_plain": 0.7737867351373037,
    "RMSE": 1.4624910654602479,
    "AbsRel": 0.5119015610218048,
    "delta1": 0.4343112897872925,
    "SILog": 0.5834746261437734,
    "MAE_ffx": 0.8729034705956777,
    "mirror_better_rate": 0.24333334021270275,
    "mae_gain_if_mirrored": 0.014194108978069078,
    "MAE_low": 0.8800759577751159,
    "SHcoefL1": 0.36010240502241586,
    "sec_front": 0.9331389959653219,
    "sec_left": 0.8918887114524842,
    "sec_back": 0.9580103105306625,
    "sec_right": 0.8848920834064483,
    "sec_upper": 0.8339126923680306,
    "sec_lower": 0.38918426642815274
  },
  "mono": {
    "MAE": 1.220003000497818,
    "MAE_plain": 1.0083528697490691,
    "RMSE": 1.8803420562340196,
    "AbsRel": 0.8424105914433797,
    "delta1": 0.3622608451048533,
    "SILog": 0.7118965536355972,
    "MAE_ffx": 1.1841525944073994,
    "mirror_better_rate": 0.48833334664503736,
    "mae_gain_if_mirrored": 0.007226018790776531,
    "MAE_low": 1.1855832346280415,
    "SHcoefL1": 0.4891576963601013,
    "sec_front": 1.0518300195535024,
    "sec_left": 1.3664466893672944,
    "sec_back": 1.069978748957316,
    "sec_right": 1.3917565536499024,
    "sec_upper": 0.986660897731781,
    "sec_lower": 0.47149839739004773
  },
  "left": {
    "MAE": 1.1660627750555674,
    "MAE_plain": 0.9808051025867462,
    "RMSE": 1.7652883814725622,
    "AbsRel": 0.7568731598059336,
    "delta1": 0.34956453055143355,
    "SILog": 0.7148819144566854,
    "MAE_ffx": 1.1242687276999155,
    "mirror_better_rate": 0.4977777906258901,
    "mae_gain_if_mirrored": 0.0069667412604515755,
    "MAE_low": 1.1314677826563517,
    "SHcoefL1": 0.44969245605584646,
    "sec_front": 1.0808540761470795,
    "sec_left": 1.2599709526697795,
    "sec_back": 1.1023411079247794,
    "sec_right": 1.221084975004196,
    "sec_upper": 1.0214994531869888,
    "sec_lower": 0.47816682447989783
  },
  "right": {
    "MAE": 1.18027636607488,
    "MAE_plain": 0.9890033626556396,
    "RMSE": 1.8064254953638306,
    "AbsRel": 0.7747443306446076,
    "delta1": 0.3521993710597356,
    "SILog": 0.7194377511739731,
    "MAE_ffx": 1.1385246761639913,
    "mirror_better_rate": 0.49194445768992107,
    "mae_gain_if_mirrored": 0.007213445047382265,
    "MAE_low": 1.1462367590268452,
    "SHcoefL1": 0.45816550810510914,
    "sec_front": 1.0744013067086537,
    "sec_left": 1.2395883786678314,
    "sec_back": 1.0997304753462473,
    "sec_right": 1.307385265827179,
    "sec_upper": 1.0188340522845587,
    "sec_lower": 0.47567853609720867
  },
  "shuffle": {
    "MAE": 1.139618050654729,
    "MAE_plain": 0.9389336641629537,
    "RMSE": 1.705155063699174,
    "AbsRel": 0.7328825982411703,
    "delta1": 0.35006622930367787,
    "SILog": 0.7445272692044576,
    "MAE_ffx": 1.0935344000657399,
    "mirror_better_rate": 0.4908333492279053,
    "mae_gain_if_mirrored": 0.057791816073780256,
    "MAE_low": 1.1034625124931337,
    "SHcoefL1": 0.40993905724750623,
    "sec_front": 1.1353776446978252,
    "sec_left": 1.153037942647934,
    "sec_back": 1.1035997148354848,
    "sec_right": 1.1664569290479023,
    "sec_upper": 0.9627757288018862,
    "sec_lower": 0.4841616638501485
  },
  "swap": {
    "MAE": 1.1208342035611472,
    "MAE_plain": 0.9201064070065816,
    "RMSE": 1.677394837764678,
    "AbsRel": 0.7172921045621237,
    "delta1": 0.36050475160280865,
    "SILog": 0.7194083732366562,
    "MAE_ffx": 1.0755453244845072,
    "mirror_better_rate": 0.7372222435474396,
    "mae_gain_if_mirrored": 0.13532869685441257,
    "MAE_low": 1.0846716169516246,
    "SHcoefL1": 0.39982479422042766,
    "sec_front": 1.0412050779660542,
    "sec_left": 1.2032880767186482,
    "sec_back": 1.0487737337748209,
    "sec_right": 1.1900699241956074,
    "sec_upper": 0.9304784931739172,
    "sec_lower": 0.46916262914737067,
    "swap_mirror_consistency": 0.3322183355293792
  }
}