{
  "test": {
    "MAE": 0.9058440295855205,
    "MAE_plain": 0.7563473089536031,
    "RMSE": 1.4313794306114904,
    "AbsRel": 0.5668560794989268,
    "delta1": 0.4496103835105896,
    "SILog": 0.5882204401493073,
    "MAE_ffx": 0.8647114102045695,
    "mirror_better_rate": 0.28527778526147207,
    "mae_gain_if_mirrored": 0.016190936539011696,
    "MAE_low": 0.8674697971343994,
    "SHcoefL1": 0.3521920289968451,
    "sec_front": 0.9024910195668538,
    "sec_left": 0.8946958573659262,
    "sec_back": 0.9360467799504598,
    "sec_right": 0.8901424225171407,
    "sec_upper": 0.7870296959082286,
    "sec_lower": 0.3910173139969508
  }
}