{
  "test": {
    "MAE": 0.888368191520373,
    "MAE_plain": 0.7478567393620809,
    "RMSE": 1.4056663149286694,
    "AbsRel": 0.5534224363168081,
    "delta1": 0.4619845628738403,
    "SILog": 0.5712791939576467,
    "MAE_ffx": 0.8476480893294016,
    "mirror_better_rate": 0.24583333981533845,
    "mae_gain_if_mirrored": 0.012730262968658887,
    "MAE_low": 0.8501785037914912,
    "SHcoefL1": 0.34728615742694174,
    "sec_front": 0.885321334997813,
    "sec_left": 0.8729995898405711,
    "sec_back": 0.928297276099523,
    "sec_right": 0.8668545544147491,
    "sec_upper": 0.7975440878669421,
    "sec_lower": 0.3817733192443848
  }
}