{
  "test": {
    "MAE": 0.904473362631268,
    "MAE_plain": 0.7608316825495826,
    "RMSE": 1.4218542340494886,
    "AbsRel": 0.5565309791432487,
    "delta1": 0.4537101094590293,
    "SILog": 0.5757865683237712,
    "MAE_ffx": 0.8634119176864624,
    "mirror_better_rate": 0.2513888888888889,
    "mae_gain_if_mirrored": 0.015760237380034393,
    "MAE_low": 0.8661680796411302,
    "SHcoefL1": 0.3524798682445867,
    "sec_front": 0.9187807279162937,
    "sec_left": 0.8840517891777886,
    "sec_back": 0.9414314447508918,
    "sec_right": 0.873629484044181,
    "sec_upper": 0.8123644023802545,
    "sec_lower": 0.3870967270930608
  },
  "mono": {
    "MAE": 1.2846352386474609,
    "MAE_plain": 1.0934548258781434,
    "RMSE": 1.7761897911481677,
    "AbsRel": 1.0628575750192006,
    "delta1": 0.3286586058139801,
    "SILog": 0.6830568970574273,
    "MAE_ffx": 1.2468170057402717,
    "mirror_better_rate": 0.4963888888888889,
    "mae_gain_if_mirrored": 0.004885430758198102,
    "MAE_low": 1.246692600250244,
    "SHcoefL1": 0.4371319466084242,
    "sec_front": 1.1492006174723308,
    "sec_left": 1.3902369205156961,
    "sec_back": 1.1953316198454962,
    "sec_right": 1.4037718076176113,
    "sec_upper": 1.3341781805621253,
    "sec_lower": 0.46952664050791
  },
  "shuffle": {
    "MAE": 1.1483590910169814,
    "MAE_plain": 0.941271098057429,
    "RMSE": 1.6943032468531167,
    "AbsRel": 0.787081966135237,
    "delta1": 0.3585493789778815,
    "SILog": 0.7337155502372318,
    "MAE_ffx": 1.1045199995570714,
    "mirror_better_rate": 0.5,
    "mae_gain_if_mirrored": 0.05693133653038078,
    "MAE_low": 1.1111041898197598,
    "SHcoefL1": 0.41115627471357585,
    "sec_front": 1.1483062828911674,
    "sec_left": 1.1612885551982455,
    "sec_back": 1.1263752026028104,
    "sec_right": 1.1574663276142545,
    "sec_upper": 0.9574621892637677,
    "sec_lower": 0.4861194735765457
  },
  "swap": {
    "MAE": 1.1092259136835734,
    "MAE_plain": 0.9060870379871793,
    "RMSE": 1.6552307167191644,
    "AbsRel": 0.7439216965436936,
    "delta1": 0.3810085216495726,
    "SILog": 0.7102065510219998,
    "MAE_ffx": 1.0661404493119981,
    "mirror_better_rate": 0.7480555555555556,
    "mae_gain_if_mirrored": 0.16056607038610513,
    "MAE_low": 1.0724750712182787,
    "SHcoefL1": 0.39433179427145254,
    "sec_front": 1.007511885828442,
    "sec_left": 1.2020577088991802,
    "sec_back": 1.0282290169927808,
    "sec_right": 1.1991050362586975,
    "sec_upper": 0.9050272232956357,
    "sec_lower": 0.4654507044951121
  }
}