{
  "test": {
    "MAE": 0.8919061044851939,
    "MAE_plain": 0.7533568908770879,
    "RMSE": 1.406810854823904,
    "AbsRel": 0.5450390221675238,
    "delta1": 0.45176592469215393,
    "delta2": 0.673688926299413,
    "delta3": 0.8026299540201823,
    "SILog": 0.567195767958959,
    "MAE_ffx": 0.8492552163203557,
    "mirror_better_rate": 0.261388897895813,
    "mae_gain_if_mirrored": 0.013991178171321129,
    "MAE_low": 0.8536699873208999,
    "SHcoefL1": 0.3471515776651601,
    "sec_front": 0.8959790972868601,
    "sec_left": 0.873543351093928,
    "sec_back": 0.9269637576738994,
    "sec_right": 0.8711381916205089,
    "sec_upper": 0.8000787916779518,
    "sec_lower": 0.39184480349222817
  }
}