{
  "test": {
    "MAE": 0.8907308083772659,
    "MAE_plain": 0.7497743803262711,
    "RMSE": 1.4388706180753537,
    "AbsRel": 0.4904222383101781,
    "delta1": 0.4585614776611328,
    "SILog": 0.5720203000307084,
    "MAE_ffx": 0.8491664810975392,
    "mirror_better_rate": 0.2522222296645244,
    "mae_gain_if_mirrored": 0.01562371837014022,
    "MAE_low": 0.8535719456275305,
    "SHcoefL1": 0.35471996017835206,
    "sec_front": 0.894018619855245,
    "sec_left": 0.8705114948749543,
    "sec_back": 0.9294539244969686,
    "sec_right": 0.8689391539494197,
    "sec_upper": 0.7930915835499763,
    "sec_lower": 0.37955419888099035
  }
}