{
  "test": {
    "MAE": 0.906813016931216,
    "MAE_plain": 0.7634192971388499,
    "RMSE": 1.4428284438955585,
    "AbsRel": 0.5262846817572912,
    "delta1": 0.44627093960841496,
    "delta2": 0.668635936776797,
    "delta3": 0.797751106818517,
    "SILog": 0.5790803821881613,
    "MAE_ffx": 0.8629095510641733,
    "mirror_better_rate": 0.2722222297141949,
    "mae_gain_if_mirrored": 0.013542984644106278,
    "MAE_low": 0.8698227818806966,
    "SHcoefL1": 0.35555070294274227,
    "sec_front": 0.9185623474915823,
    "sec_left": 0.8864946724971136,
    "sec_back": 0.9391824587186177,
    "sec_right": 0.8830125979582468,
    "sec_upper": 0.8040503226717313,
    "sec_lower": 0.39176487902800244
  }
}