{
  "test": {
    "MAE": 1.0727822822332382,
    "MAE_plain": 0.9100889443688922,
    "RMSE": 1.5666389774898029,
    "AbsRel": 0.7142642398675283,
    "delta1": 0.3567082789871428,
    "SILog": 0.6331079260508219,
    "MAE_ffx": 1.027443778845999,
    "mirror_better_rate": 0.5016666666666667,
    "mae_gain_if_mirrored": 0.0018206192056337992,
    "MAE_low": 1.035321236319012,
    "SHcoefL1": 0.38357911025484404,
    "sec_front": 1.068549200627539,
    "sec_left": 1.0744494160016378,
    "sec_back": 1.0729932058519787,
    "sec_right": 1.075137308968438,
    "sec_upper": 1.0057696383860377,
    "sec_lower": 0.4475560292601585
  },
  "mono": {
    "MAE": 2.8432755903402964,
    "MAE_plain": 2.5983421038256753,
    "RMSE": 3.382009871885606,
    "AbsRel": 2.6242022924290764,
    "delta1": 0.15513019254638089,
    "SILog": 0.6950062137842178,
    "MAE_ffx": 2.835279867251714,
    "mirror_better_rate": 0.49444444444444446,
    "mae_gain_if_mirrored": 0.008698836531904008,
    "MAE_low": 2.8225919114218816,
    "SHcoefL1": 0.6142362522582213,
    "sec_front": 2.716759023004108,
    "sec_left": 3.061295756763882,
    "sec_back": 2.720635692410999,
    "sec_right": 2.87441187898318,
    "sec_upper": 3.581461232238346,
    "sec_lower": 0.9962737755642996
  },
  "shuffle": {
    "MAE": 1.09691366745366,
    "MAE_plain": 0.9285785795582665,
    "RMSE": 1.5994374935279076,
    "AbsRel": 0.7367327356007364,
    "delta1": 0.3519402343697018,
    "SILog": 0.6469223504596286,
    "MAE_ffx": 1.0516043955087662,
    "mirror_better_rate": 0.4905555555555556,
    "mae_gain_if_mirrored": 0.0017522417298621602,
    "MAE_low": 1.0595102996958627,
    "SHcoefL1": 0.387784806970093,
    "sec_front": 1.0969461133744982,
    "sec_left": 1.0952206728193494,
    "sec_back": 1.0959854809443157,
    "sec_right": 1.0995023910866843,
    "sec_upper": 1.0282133331894874,
    "sec_lower": 0.45188462615013125
  },
  "swap": {
    "MAE": 1.073222322265307,
    "MAE_plain": 0.9111488758193123,
    "RMSE": 1.5669356719431886,
    "AbsRel": 0.7113969184623824,
    "delta1": 0.354777989519967,
    "SILog": 0.632731727792157,
    "MAE_ffx": 1.0278299609157775,
    "mirror_better_rate": 0.4986111111111111,
    "mae_gain_if_mirrored": 0.0017910310708814197,
    "MAE_low": 1.0355319857597352,
    "SHcoefL1": 0.38376608534405626,
    "sec_front": 1.0703352332115172,
    "sec_left": 1.0757003721925948,
    "sec_back": 1.0727134646309746,
    "sec_right": 1.0741402233971489,
    "sec_upper": 1.008615569902791,
    "sec_lower": 0.4466010216209624
  }
}