{
  "test": {
    "MAE": 0.9441443578402201,
    "MAE_plain": 0.793873647650083,
    "RMSE": 1.474262385096423,
    "AbsRel": 0.5694663896163304,
    "delta1": 0.4209810568888982,
    "delta2": 0.6427954312165578,
    "delta3": 0.7809791223208109,
    "SILog": 0.6007608379920324,
    "MAE_ffx": 0.9009097437063853,
    "mirror_better_rate": 0.30722223078211147,
    "mae_gain_if_mirrored": 0.020706524876101563,
    "MAE_low": 0.9065868896245957,
    "SHcoefL1": 0.3695866631074912,
    "sec_front": 0.9227116348346075,
    "sec_left": 0.9510737101236979,
    "sec_back": 0.9993207935492198,
    "sec_right": 0.9034712926546733,
    "sec_upper": 0.8456494365135828,
    "sec_lower": 0.40552657345930737
  }
}