{
  "run": "Bnode2_unet8_5chflip_s2",
  "MAE": 0.900284055074056,
  "MAE_plain": 0.7559814012050629,
  "RMSE": 1.4457254336708625,
  "AbsRel": 0.5450955255826314,
  "delta1": 0.45646753350893654,
  "delta2": 0.6722235373655955,
  "delta3": 0.7993083477020264,
  "SILog": 0.58624711672465,
  "MAE_ffx": 0.8597861591974895,
  "mirror_better_rate": 0.2750000085433324,
  "mae_gain_if_mirrored": 0.015578115480020643,
  "MAE_low": 0.8629590932528178,
  "SHcoefL1": 0.35576617674902083,
  "sec_front": 0.9005267413457235,
  "sec_left": 0.8821729532877605,
  "sec_back": 0.9286642503738404,
  "sec_right": 0.8897722403208415,
  "sec_upper": 0.7989660225311915,
  "sec_lower": 0.3881305934985479
}