{
  "test": {
    "MAE": 0.9002840566635132,
    "MAE_plain": 0.7559813980261485,
    "RMSE": 1.4457254345579726,
    "AbsRel": 0.5450955291589101,
    "delta1": 0.4564675450325012,
    "SILog": 0.5862471163272858,
    "MAE_ffx": 0.8597861544291179,
    "mirror_better_rate": 0.2750000085433324,
    "mae_gain_if_mirrored": 0.015578115787357093,
    "MAE_low": 0.862959090868632,
    "SHcoefL1": 0.3557661772891879,
    "sec_front": 0.9005267405509949,
    "sec_left": 0.8821729548772176,
    "sec_back": 0.9286642495791118,
    "sec_right": 0.889772245089213,
    "sec_upper": 0.798966024518013,
    "sec_lower": 0.3881305905183156
  }
}