{
  "test": {
    "MAE": 0.9095424824953079,
    "MAE_plain": 0.761289576292038,
    "RMSE": 1.4267314208072144,
    "AbsRel": 0.5895530897378921,
    "delta1": 0.45173343280951184,
    "SILog": 0.5849575956662496,
    "MAE_ffx": 0.868714272181193,
    "mirror_better_rate": 0.28250000841915607,
    "mae_gain_if_mirrored": 0.015233624327617388,
    "MAE_low": 0.8713600114981334,
    "SHcoefL1": 0.35363771287103496,
    "sec_front": 0.9089175550142924,
    "sec_left": 0.8994327922662099,
    "sec_back": 0.9336054521799088,
    "sec_right": 0.8962141654888789,
    "sec_upper": 0.7939541363716125,
    "sec_lower": 0.39488874157269793
  }
}