{
  "test": {
    "MAE": 0.8952932387590409,
    "MAE_plain": 0.7531959801912308,
    "RMSE": 1.4116104328857235,
    "AbsRel": 0.5609655272960663,
    "delta1": 0.45497149964173633,
    "SILog": 0.5717560335000356,
    "MAE_ffx": 0.8543844564755758,
    "mirror_better_rate": 0.24972223035991192,
    "mae_gain_if_mirrored": 0.012896502647781744,
    "MAE_low": 0.8571369407574335,
    "SHcoefL1": 0.3504528633836243,
    "sec_front": 0.8991136397918066,
    "sec_left": 0.8789485758543014,
    "sec_back": 0.928750425974528,
    "sec_right": 0.8743603046735128,
    "sec_upper": 0.7965740974744161,
    "sec_lower": 0.38719791899124784
  }
}