{
  "test": {
    "MAE": 0.8824424054225286,
    "MAE_plain": 0.7422561949491501,
    "RMSE": 1.4215773601630046,
    "AbsRel": 0.4956452127297719,
    "delta1": 0.4622935766975085,
    "SILog": 0.5691025865077972,
    "MAE_ffx": 0.8407780983050664,
    "mirror_better_rate": 0.24833334115644295,
    "mae_gain_if_mirrored": 0.013665530453824128,
    "MAE_low": 0.8448130522171656,
    "SHcoefL1": 0.3498777441908088,
    "sec_front": 0.888662741581599,
    "sec_left": 0.8651761506001154,
    "sec_back": 0.9179530763626098,
    "sec_right": 0.8579776412248612,
    "sec_upper": 0.7891963014006614,
    "sec_lower": 0.3770743415753047
  }
}