{
  "test": {
    "MAE": 0.920516572992007,
    "MAE_plain": 0.7773333438237509,
    "RMSE": 1.478440500803444,
    "AbsRel": 0.47461545169353486,
    "delta1": 0.4348182290792465,
    "SILog": 0.5739572042226792,
    "MAE_ffx": 0.8758004240194956,
    "mirror_better_rate": 0.2661111176510652,
    "mae_gain_if_mirrored": 0.014905164126345577,
    "MAE_low": 0.8842770124475161,
    "SHcoefL1": 0.3626374273478157,
    "sec_front": 0.9347161716222763,
    "sec_left": 0.9028684547543526,
    "sec_back": 0.9484594495097796,
    "sec_right": 0.8960222359498342,
    "sec_upper": 0.8282015799234311,
    "sec_lower": 0.3921610565980275
  }
}