{
  "test": {
    "MAE": 0.888203988869985,
    "MAE_plain": 0.7455457135041554,
    "RMSE": 1.424839609139088,
    "AbsRel": 0.5230427191654841,
    "delta1": 0.46562184949715935,
    "delta2": 0.6794248425960541,
    "delta3": 0.8035008279482524,
    "SILog": 0.5723132719596227,
    "MAE_ffx": 0.8463360555966695,
    "mirror_better_rate": 0.25694445200264454,
    "mae_gain_if_mirrored": 0.01487507914561623,
    "MAE_low": 0.8505632770061493,
    "SHcoefL1": 0.3500512139602668,
    "sec_front": 0.8951687469085058,
    "sec_left": 0.8710595075289408,
    "sec_back": 0.9149907839298248,
    "sec_right": 0.8715969204902649,
    "sec_upper": 0.7898598113656043,
    "sec_lower": 0.3835033632318179
  }
}