{
  "test": {
    "MAE": 0.9038247895240784,
    "MAE_plain": 0.7611913279692332,
    "RMSE": 1.42602077608469,
    "AbsRel": 0.5491577649116516,
    "delta1": 0.4501606273651123,
    "SILog": 0.5779751271009446,
    "MAE_ffx": 0.8620963617165883,
    "mirror_better_rate": 0.22972222946584225,
    "mae_gain_if_mirrored": 0.012622586237606204,
    "MAE_low": 0.865914785861969,
    "SHcoefL1": 0.3533133298262126,
    "sec_front": 0.9211340936024984,
    "sec_left": 0.877713469862938,
    "sec_back": 0.9446813070774078,
    "sec_right": 0.8717702869574229,
    "sec_upper": 0.8135784605145454,
    "sec_lower": 0.38712622702121735
  }
}