{
  "test": {
    "MAE": 0.9130991258223852,
    "MAE_plain": 0.7686750882201725,
    "RMSE": 1.42406844562798,
    "AbsRel": 0.5316067273418109,
    "delta1": 0.440444641245736,
    "SILog": 0.5606909908188714,
    "MAE_ffx": 0.8701781431171629,
    "mirror_better_rate": 0.2452777777777778,
    "mae_gain_if_mirrored": 0.014512315028243595,
    "MAE_low": 0.8749292423327764,
    "SHcoefL1": 0.3552885288683077,
    "sec_front": 0.9268497990899616,
    "sec_left": 0.8850074240234163,
    "sec_back": 0.9544430718157026,
    "sec_right": 0.8860961874988345,
    "sec_upper": 0.824307576848401,
    "sec_lower": 0.38852527714437907
  }
}