{
  "test": {
    "MAE": 0.9148369518915812,
    "MAE_plain": 0.7663278619448344,
    "RMSE": 1.5027841689087895,
    "AbsRel": 0.4553841085235278,
    "delta1": 0.4503196746110916,
    "delta2": 0.6685857743024826,
    "delta3": 0.7933435420195262,
    "SILog": 0.5952795447905859,
    "MAE_ffx": 0.8696673691272736,
    "mirror_better_rate": 0.25250000730156896,
    "mae_gain_if_mirrored": 0.015601616933126934,
    "MAE_low": 0.878944089214007,
    "SHcoefL1": 0.3640873239986185,
    "sec_front": 0.9264553121725718,
    "sec_left": 0.892647060751915,
    "sec_back": 0.9523778605461121,
    "sec_right": 0.8878675657510757,
    "sec_upper": 0.807176236708959,
    "sec_lower": 0.38950701415538785
  }
}