{
  "test": {
    "MAE": 0.9047206338246664,
    "MAE_plain": 0.7586585140228271,
    "RMSE": 1.481249018007268,
    "AbsRel": 0.4860430864493052,
    "delta1": 0.45917426665623984,
    "SILog": 0.605084320306778,
    "MAE_ffx": 0.8622524277369181,
    "mirror_better_rate": 0.2575000072518984,
    "mae_gain_if_mirrored": 0.016744178376781445,
    "MAE_low": 0.8684137789408366,
    "SHcoefL1": 0.36205794147319265,
    "sec_front": 0.9070615323384603,
    "sec_left": 0.8814689381917318,
    "sec_back": 0.9442294692993164,
    "sec_right": 0.8861225982507069,
    "sec_upper": 0.7969648216168086,
    "sec_lower": 0.3916810248295466
  }
}