{
  "test": {
    "MAE": 0.8927935181061427,
    "MAE_plain": 0.7487484161059061,
    "RMSE": 1.3984369488308197,
    "AbsRel": 0.5749954024950663,
    "delta1": 0.4599865824977557,
    "SILog": 0.5708938779433569,
    "MAE_ffx": 0.8526318601767222,
    "mirror_better_rate": 0.25388889643053214,
    "mae_gain_if_mirrored": 0.012489102619195667,
    "MAE_low": 0.8543134067455928,
    "SHcoefL1": 0.34735859289040993,
    "sec_front": 0.8955709721644719,
    "sec_left": 0.8764320079485576,
    "sec_back": 0.9329313693443934,
    "sec_right": 0.8662397402524948,
    "sec_upper": 0.7890019757548968,
    "sec_lower": 0.3866942854722341
  }
}