{
  "test": {
    "MAE": 0.8990991067886352,
    "MAE_plain": 0.7564439481496811,
    "RMSE": 1.461674172136534,
    "AbsRel": 0.48104500502347947,
    "delta1": 0.45529973725477857,
    "SILog": 0.5791953299442927,
    "MAE_ffx": 0.8553485743204753,
    "mirror_better_rate": 0.2552777855098248,
    "mae_gain_if_mirrored": 0.015653917437108856,
    "MAE_low": 0.8621486208836238,
    "SHcoefL1": 0.3572381942967574,
    "sec_front": 0.9132005802790324,
    "sec_left": 0.8816349089145661,
    "sec_back": 0.929719167749087,
    "sec_right": 0.8718417652448018,
    "sec_upper": 0.8011953095595042,
    "sec_lower": 0.38283294141292573
  }
}