{
  "test": {
    "MAE": 0.8971882756551107,
    "MAE_plain": 0.7537600070238113,
    "RMSE": 1.4364315602154185,
    "AbsRel": 0.4946440247694651,
    "delta1": 0.45359048028786975,
    "SILog": 0.5786346606413524,
    "MAE_ffx": 0.8555387979745865,
    "mirror_better_rate": 0.2525000066806873,
    "mae_gain_if_mirrored": 0.016890140643323927,
    "MAE_low": 0.8593662099043529,
    "SHcoefL1": 0.3546290023169584,
    "sec_front": 0.9086382389068604,
    "sec_left": 0.8731046152114869,
    "sec_back": 0.9294630012909572,
    "sec_right": 0.8775472561518352,
    "sec_upper": 0.7967263195912043,
    "sec_lower": 0.38097369223833083
  }
}