{
  "test": {
    "MAE": 0.9079061985015869,
    "MAE_plain": 0.7638088128964107,
    "RMSE": 1.4752149581714553,
    "AbsRel": 0.46369883755842844,
    "delta1": 0.44731574376424155,
    "SILog": 0.5868069968620936,
    "MAE_ffx": 0.8639024062951406,
    "mirror_better_rate": 0.2500000064820051,
    "mae_gain_if_mirrored": 0.015439544179049941,
    "MAE_low": 0.8715441793203353,
    "SHcoefL1": 0.36077870515899524,
    "sec_front": 0.9215930060545603,
    "sec_left": 0.8827138155698776,
    "sec_back": 0.9449640627702077,
    "sec_right": 0.8823538837830226,
    "sec_upper": 0.8114085012674331,
    "sec_lower": 0.38625346660614013
  }
}