{
  "test": {
    "MAE": 0.887454304099083,
    "MAE_plain": 0.7433550415436426,
    "RMSE": 1.410526434825972,
    "AbsRel": 0.5306843930482864,
    "delta1": 0.4580575900276502,
    "delta2": 0.6773649509747823,
    "delta3": 0.8036830500761668,
    "SILog": 0.5655495518445969,
    "MAE_ffx": 0.8467392381032308,
    "mirror_better_rate": 0.27305556426445643,
    "mae_gain_if_mirrored": 0.01539962035836652,
    "MAE_low": 0.8493882866700491,
    "SHcoefL1": 0.3482210614035527,
    "sec_front": 0.8926045958201091,
    "sec_left": 0.8675095407168071,
    "sec_back": 0.9172313380241394,
    "sec_right": 0.8724717289209366,
    "sec_upper": 0.786839445233345,
    "sec_lower": 0.3820390381415685
  }
}