{
  "test": {
    "MAE": 0.9187822116745843,
    "MAE_plain": 0.7746870027648078,
    "RMSE": 1.438500718599212,
    "AbsRel": 0.5604149293899536,
    "delta1": 0.4380746221542358,
    "SILog": 0.5841466205649906,
    "MAE_ffx": 0.8761487921079,
    "mirror_better_rate": 0.26416666666666666,
    "mae_gain_if_mirrored": 0.013530205235713058,
    "MAE_low": 0.8800359998808966,
    "SHcoefL1": 0.35462212743858496,
    "sec_front": 0.9331766812006632,
    "sec_left": 0.8990093877580431,
    "sec_back": 0.9581957009103563,
    "sec_right": 0.8847470916642083,
    "sec_upper": 0.8260669027434455,
    "sec_lower": 0.39244876073466406
  },
  "mono": {
    "MAE": 1.219339967303806,
    "MAE_plain": 1.0314532584614224,
    "RMSE": 1.66981794081504,
    "AbsRel": 1.0522441297107272,
    "delta1": 0.3585300772719913,
    "SILog": 0.667577747768826,
    "MAE_ffx": 1.182984462844001,
    "mirror_better_rate": 0.49972222222222223,
    "mae_gain_if_mirrored": 0.00534205990533034,
    "MAE_low": 1.1806487364239162,
    "SHcoefL1": 0.41017242822382183,
    "sec_front": 1.151219016710917,
    "sec_left": 1.2926447031233046,
    "sec_back": 1.1748438310623168,
    "sec_right": 1.2586523257361517,
    "sec_upper": 1.0788337598906623,
    "sec_lower": 0.5228455682595571
  },
  "shuffle": {
    "MAE": 1.1326314126120673,
    "MAE_plain": 0.9333540982670254,
    "RMSE": 1.6777153792840351,
    "AbsRel": 0.7722809141212039,
    "delta1": 0.35873217264811197,
    "SILog": 0.731621520254347,
    "MAE_ffx": 1.088018726242913,
    "mirror_better_rate": 0.4938888888888889,
    "mae_gain_if_mirrored": 0.050450965729024674,
    "MAE_low": 1.0952128058009678,
    "SHcoefL1": 0.4043546264349586,
    "sec_front": 1.1264838157759773,
    "sec_left": 1.1397990565829808,
    "sec_back": 1.1130389420191447,
    "sec_right": 1.151203801367018,
    "sec_upper": 0.9561736075083415,
    "sec_lower": 0.4812176854080624
  },
  "swap": {
    "MAE": 1.1002349138259888,
    "MAE_plain": 0.9043284583091736,
    "RMSE": 1.6411963087249481,
    "AbsRel": 0.7354896414279938,
    "delta1": 0.3753526998890771,
    "SILog": 0.7102726727061801,
    "MAE_ffx": 1.0560753620995416,
    "mirror_better_rate": 0.7383333333333333,
    "mae_gain_if_mirrored": 0.14365218113693926,
    "MAE_low": 1.0631578850746155,
    "SHcoefL1": 0.39008849979481763,
    "sec_front": 1.012302058007982,
    "sec_left": 1.1781100251939562,
    "sec_back": 1.0296978290875753,
    "sec_right": 1.1808297480477228,
    "sec_upper": 0.9116326475143433,
    "sec_lower": 0.4636953277058072
  }
}