{
  "test": {
    "MAE": 0.7782864499092103,
    "MAE_plain": 0.665001809000969,
    "RMSE": 1.2254912769794464,
    "AbsRel": 0.4995146520932515,
    "delta1": 0.4359886846939723,
    "delta2": 0.6579187991221745,
    "delta3": 0.7930188695589702,
    "SILog": 0.5133668758471807,
    "MAE_ffx": 0.7482985572020213,
    "mirror_better_rate": 0.26527778528630735,
    "mae_gain_if_mirrored": 0.012606851451176529,
    "MAE_low": 0.7368710718552272,
    "SHcoefL1": 0.30683300531676244,
    "sec_front": 0.7763773419459661,
    "sec_left": 0.7517730947335561,
    "sec_back": 0.7985651497046152,
    "sec_right": 0.7500967387358347,
    "sec_upper": 0.6563869976003964,
    "sec_lower": 0.3033491197228432
  }
}