{
  "test": {
    "MAE": 0.810856673585044,
    "MAE_plain": 0.6830133660634359,
    "RMSE": 1.2451983592245315,
    "AbsRel": 0.5805572985278236,
    "delta1": 0.41101567573017544,
    "delta2": 0.6355628432167901,
    "delta3": 0.7778795798619588,
    "SILog": 0.5331488369570838,
    "MAE_ffx": 0.7816275729073419,
    "mirror_better_rate": 0.30916666666666665,
    "mae_gain_if_mirrored": 0.015494018987649016,
    "MAE_low": 0.7696095718277826,
    "SHcoefL1": 0.3113580515132182,
    "sec_front": 0.8039243238502078,
    "sec_left": 0.7843466595808665,
    "sec_back": 0.8286111181312137,
    "sec_right": 0.7966576014624701,
    "sec_upper": 0.6747118676702182,
    "sec_lower": 0.3106264521016015
  }
}