{
  "test": {
    "MAE": 0.7802532492743598,
    "MAE_plain": 0.6590441809760199,
    "RMSE": 1.225436593691508,
    "AbsRel": 0.5425999567243788,
    "delta1": 0.4413778857390086,
    "delta2": 0.6615443817774455,
    "delta3": 0.7937001294559902,
    "SILog": 0.5181057972378201,
    "MAE_ffx": 0.7498869469430711,
    "mirror_better_rate": 0.30277777777777776,
    "mae_gain_if_mirrored": 0.013173271090620093,
    "MAE_low": 0.7380530609024896,
    "SHcoefL1": 0.30801978494351107,
    "sec_front": 0.7690582209163241,
    "sec_left": 0.7659723639488221,
    "sec_back": 0.7908936209148831,
    "sec_right": 0.7564962069193523,
    "sec_upper": 0.6399627702765994,
    "sec_lower": 0.2990485157569249
  }
}