{
  "test": {
    "MAE": 0.9279019304116567,
    "MAE_plain": 0.77863301217556,
    "RMSE": 1.4523558578523825,
    "AbsRel": 0.5589187679688136,
    "delta1": 0.4351565416653951,
    "SILog": 0.591735814611117,
    "MAE_ffx": 0.8848949603239695,
    "mirror_better_rate": 0.25361111894249916,
    "mae_gain_if_mirrored": 0.015842031748810163,
    "MAE_low": 0.8895334333181382,
    "SHcoefL1": 0.3586239294604295,
    "sec_front": 0.9440534138679504,
    "sec_left": 0.8959119733174642,
    "sec_back": 0.9661600309610366,
    "sec_right": 0.9054822997252147,
    "sec_upper": 0.8283465007940928,
    "sec_lower": 0.3951900331179301
  },
  "mono": {
    "MAE": 1.2119160894552867,
    "MAE_plain": 1.0031941390037538,
    "RMSE": 1.7943634670501616,
    "AbsRel": 0.9109751001993815,
    "delta1": 0.362108986278375,
    "SILog": 0.6995858840147654,
    "MAE_ffx": 1.1747709814707439,
    "mirror_better_rate": 0.5044444582859675,
    "mae_gain_if_mirrored": 0.008515528187466164,
    "MAE_low": 1.1764329008261363,
    "SHcoefL1": 0.4631154341623187,
    "sec_front": 1.0614268763860066,
    "sec_left": 1.366100378036499,
    "sec_back": 1.058437215089798,
    "sec_right": 1.3616998898983002,
    "sec_upper": 0.9890117321411769,
    "sec_lower": 0.4999188313881556
  },
  "left": {
    "MAE": 1.2533938594659169,
    "MAE_plain": 1.0471318618456522,
    "RMSE": 1.8444009858587838,
    "AbsRel": 0.9309002502759298,
    "delta1": 0.34571767757336297,
    "SILog": 0.7250141529242198,
    "MAE_ffx": 1.21446022550265,
    "mirror_better_rate": 0.5100000119209289,
    "mae_gain_if_mirrored": 0.008734248859497407,
    "MAE_low": 1.218762489159902,
    "SHcoefL1": 0.4717743794475165,
    "sec_front": 1.110996785958608,
    "sec_left": 1.4312547234694164,
    "sec_back": 1.0904749031861622,
    "sec_right": 1.3808490347862243,
    "sec_upper": 1.0525165659189224,
    "sec_lower": 0.5350276791055997
  },
  "right": {
    "MAE": 1.2663286781311036,
    "MAE_plain": 1.0552340316772462,
    "RMSE": 1.874968448640693,
    "AbsRel": 0.9429715536038081,
    "delta1": 0.34534992386897406,
    "SILog": 0.7251440997918447,
    "MAE_ffx": 1.2276274832089742,
    "mirror_better_rate": 0.47611112395922345,
    "mae_gain_if_mirrored": 0.006360687619696061,
    "MAE_low": 1.2320487546920775,
    "SHcoefL1": 0.4777526389290061,
    "sec_front": 1.1077098774909973,
    "sec_left": 1.418296323219935,
    "sec_back": 1.0961552739143372,
    "sec_right": 1.4431532692909241,
    "sec_upper": 1.0626499631007513,
    "sec_lower": 0.5299793429176013
  },
  "shuffle": {
    "MAE": 1.1399626755714416,
    "MAE_plain": 0.9357222207387288,
    "RMSE": 1.6859362752165061,
    "AbsRel": 0.7803981814781825,
    "delta1": 0.3587476004163424,
    "SILog": 0.7396866468588511,
    "MAE_ffx": 1.0954713539282481,
    "mirror_better_rate": 0.49444445888201394,
    "mae_gain_if_mirrored": 0.05484926652473708,
    "MAE_low": 1.102606153090795,
    "SHcoefL1": 0.40657606697537835,
    "sec_front": 1.1404757038752238,
    "sec_left": 1.1446610045433045,
    "sec_back": 1.1223202395439147,
    "sec_right": 1.1523937578996022,
    "sec_upper": 0.950336247086525,
    "sec_lower": 0.4854625838001569
  },
  "swap": {
    "MAE": 1.1147197592258453,
    "MAE_plain": 0.9136072727044423,
    "RMSE": 1.6543949793146795,
    "AbsRel": 0.7587991007169088,
    "delta1": 0.3699012536803881,
    "SILog": 0.7175965122381847,
    "MAE_ffx": 1.0704453392823536,
    "mirror_better_rate": 0.721666685740153,
    "mae_gain_if_mirrored": 0.12623629419753948,
    "MAE_low": 1.0774840939044952,
    "SHcoefL1": 0.39496214671474367,
    "sec_front": 1.0447193892796833,
    "sec_left": 1.1788485697905222,
    "sec_back": 1.0550214350223541,
    "sec_right": 1.1802896642684937,
    "sec_upper": 0.917576906979084,
    "sec_lower": 0.4703042090932528,
    "swap_mirror_consistency": 0.36782532180501937
  }
}