{
  "test": {
    "MAE": 0.8963461550076802,
    "MAE_plain": 0.7518165000279744,
    "RMSE": 1.4739998425021705,
    "AbsRel": 0.47538975993792215,
    "delta1": 0.4633783845106761,
    "SILog": 0.5972843201955159,
    "MAE_ffx": 0.8536807139714558,
    "mirror_better_rate": 0.2561111189921697,
    "mae_gain_if_mirrored": 0.01568821301839004,
    "MAE_low": 0.859903804063797,
    "SHcoefL1": 0.3591879080153174,
    "sec_front": 0.9061095237731933,
    "sec_left": 0.8725958915551504,
    "sec_back": 0.9261171205838521,
    "sec_right": 0.8805620884895324,
    "sec_upper": 0.791295136809349,
    "sec_lower": 0.3876322118441264
  }
}