{
  "test": {
    "MAE": 0.9620603330930074,
    "MAE_plain": 0.8081819685300191,
    "RMSE": 1.4726209167730488,
    "AbsRel": 0.6410640474160513,
    "delta1": 0.42124109347661337,
    "SILog": 0.6155601139863333,
    "MAE_ffx": 0.9218311627705892,
    "mirror_better_rate": 0.30972223142782845,
    "mae_gain_if_mirrored": 0.019373665874203045,
    "MAE_low": 0.922967205842336,
    "SHcoefL1": 0.37391788251284097,
    "sec_front": 0.9611359802881877,
    "sec_left": 0.9699088478088379,
    "sec_back": 0.9953425916035971,
    "sec_right": 0.9218538959821065,
    "sec_upper": 0.8501556700468064,
    "sec_lower": 0.4160213313500086
  },
  "mono": {
    "MAE": 1.1086489804585775,
    "MAE_plain": 0.9157800722122192,
    "RMSE": 1.6362376013829756,
    "AbsRel": 0.8398167645931244,
    "delta1": 0.3849427366256714,
    "SILog": 0.6787300634384156,
    "MAE_ffx": 1.0715714160601297,
    "mirror_better_rate": 0.4897222352027893,
    "mae_gain_if_mirrored": 0.035040981955826285,
    "MAE_low": 1.0703033272425333,
    "SHcoefL1": 0.4297119058875574,
    "sec_front": 1.022993524869283,
    "sec_left": 1.0945956881841024,
    "sec_back": 1.0541257969538371,
    "sec_right": 1.2628809356689452,
    "sec_upper": 0.9295733177661896,
    "sec_lower": 0.4581191114584605
  },
  "shuffle": {
    "MAE": 1.1288670857747396,
    "MAE_plain": 0.9318607389926911,
    "RMSE": 1.6697828274912343,
    "AbsRel": 0.8023930676778157,
    "delta1": 0.3660763382911682,
    "SILog": 0.718851124048233,
    "MAE_ffx": 1.0868905584017436,
    "mirror_better_rate": 0.48888890067736307,
    "mae_gain_if_mirrored": 0.04735830845932166,
    "MAE_low": 1.0907121769587198,
    "SHcoefL1": 0.4136604578337736,
    "sec_front": 1.1151461346944174,
    "sec_left": 1.1104712287584941,
    "sec_back": 1.1051809652646383,
    "sec_right": 1.1846699738502502,
    "sec_upper": 0.954165672659874,
    "sec_lower": 0.4708133614063263
  },
  "swap": {
    "MAE": 1.101230985323588,
    "MAE_plain": 0.9073417957623799,
    "RMSE": 1.6336415211992426,
    "AbsRel": 0.7900998457272848,
    "delta1": 0.3773673681418101,
    "SILog": 0.7025953682263693,
    "MAE_ffx": 1.0597071464856465,
    "mirror_better_rate": 0.67555557568868,
    "mae_gain_if_mirrored": 0.10054855073491732,
    "MAE_low": 1.0633085187276203,
    "SHcoefL1": 0.4043544705522557,
    "sec_front": 1.0340932194391887,
    "sec_left": 1.1412687023480734,
    "sec_back": 1.0592684324582418,
    "sec_right": 1.1702935608228047,
    "sec_upper": 0.9155664590994517,
    "sec_lower": 0.4651091448465983
  }
}