{
  "test": {
    "MAE": 0.9668649315834046,
    "MAE_plain": 0.8111898318926494,
    "RMSE": 1.4718885582892816,
    "AbsRel": 0.6208563603957494,
    "delta1": 0.4045169494549433,
    "SILog": 0.6062280533711115,
    "MAE_ffx": 0.9231139647960663,
    "mirror_better_rate": 0.3208333428700765,
    "mae_gain_if_mirrored": 0.01599392921819041,
    "MAE_low": 0.9288325087229411,
    "SHcoefL1": 0.3630941317727168,
    "sec_front": 0.9929829382896423,
    "sec_left": 0.9401573745409647,
    "sec_back": 0.9966042399406433,
    "sec_right": 0.9377151838938396,
    "sec_upper": 0.8593157410621644,
    "sec_lower": 0.4131541720032692
  },
  "mono": {
    "MAE": 1.2658075217405955,
    "MAE_plain": 1.0401839838425317,
    "RMSE": 1.8688585257756323,
    "AbsRel": 0.9642741191387176,
    "delta1": 0.36116753935813906,
    "SILog": 0.7150065982341767,
    "MAE_ffx": 1.2355463282267252,
    "mirror_better_rate": 0.4869444582859675,
    "mae_gain_if_mirrored": 0.017713612033985554,
    "MAE_low": 1.2327129276593527,
    "SHcoefL1": 0.43682704873176087,
    "sec_front": 1.2270279824733734,
    "sec_left": 1.3466624693075815,
    "sec_back": 1.2074631865819294,
    "sec_right": 1.2820764311154684,
    "sec_upper": 1.0978870536883671,
    "sec_lower": 0.4550627685586611
  },
  "left": {
    "MAE": 1.2977699625492096,
    "MAE_plain": 1.0642471241950988,
    "RMSE": 1.924569819116022,
    "AbsRel": 1.0382511152823766,
    "delta1": 0.35498359819253283,
    "SILog": 0.7327228039503098,
    "MAE_ffx": 1.2618379787604015,
    "mirror_better_rate": 0.5327777942021688,
    "mae_gain_if_mirrored": 0.015841291149457294,
    "MAE_low": 1.2642487712701163,
    "SHcoefL1": 0.44557614736879864,
    "sec_front": 1.2524205474058787,
    "sec_left": 1.380176683664322,
    "sec_back": 1.2185201227664948,
    "sec_right": 1.3399625023206074,
    "sec_upper": 1.0965394035975138,
    "sec_lower": 0.46296831727027893
  },
  "right": {
    "MAE": 1.259743843873342,
    "MAE_plain": 1.0334549069404602,
    "RMSE": 1.876350044623968,
    "AbsRel": 0.9977927333116532,
    "delta1": 0.3604352657000224,
    "SILog": 0.7220406492551168,
    "MAE_ffx": 1.2231857411066691,
    "mirror_better_rate": 0.4630555687348048,
    "mae_gain_if_mirrored": 0.012758736136990289,
    "MAE_low": 1.2257905324300131,
    "SHcoefL1": 0.4373944992530677,
    "sec_front": 1.2214478782812754,
    "sec_left": 1.2811354196071625,
    "sec_back": 1.19854851603508,
    "sec_right": 1.3378435254096985,
    "sec_upper": 1.0590940018494923,
    "sec_lower": 0.4579744465152423
  },
  "shuffle": {
    "MAE": 1.0909988009929656,
    "MAE_plain": 0.9040715696414312,
    "RMSE": 1.6160121108734051,
    "AbsRel": 0.7511590397357941,
    "delta1": 0.36619902263085047,
    "SILog": 0.6924276640017827,
    "MAE_ffx": 1.0462585333983103,
    "mirror_better_rate": 0.49555556893348696,
    "mae_gain_if_mirrored": 0.0463755108974874,
    "MAE_low": 1.053318876028061,
    "SHcoefL1": 0.3888849916122854,
    "sec_front": 1.0737995771567026,
    "sec_left": 1.0943564291795094,
    "sec_back": 1.0804739991823833,
    "sec_right": 1.1153651940822602,
    "sec_upper": 0.94226359496514,
    "sec_lower": 0.45891763508319855
  },
  "swap": {
    "MAE": 1.1051003833611805,
    "MAE_plain": 0.9091769905885061,
    "RMSE": 1.6294385134889475,
    "AbsRel": 0.7698408134778341,
    "delta1": 0.36633955081303915,
    "SILog": 0.6991294016440709,
    "MAE_ffx": 1.0600760428110758,
    "mirror_better_rate": 0.6719444626569748,
    "mae_gain_if_mirrored": 0.09928369296093782,
    "MAE_low": 1.0681101787090301,
    "SHcoefL1": 0.38938777202533353,
    "sec_front": 1.0622299738725027,
    "sec_left": 1.136780527830124,
    "sec_back": 1.0680164515972137,
    "sec_right": 1.1533745912710827,
    "sec_upper": 0.9238814599315326,
    "sec_lower": 0.46547216405471165,
    "swap_mirror_consistency": 0.27278886727755647
  }
}