{
  "test": {
    "MAE": 0.8819107258319855,
    "MAE_plain": 0.7429542563358943,
    "RMSE": 1.4230554471176726,
    "AbsRel": 0.5002505817015965,
    "delta1": 0.45659074078003564,
    "delta2": 0.6773029416799545,
    "delta3": 0.8038706604639689,
    "SILog": 0.5625168593724569,
    "MAE_ffx": 0.8381323270003,
    "mirror_better_rate": 0.25083334018786746,
    "mae_gain_if_mirrored": 0.013567992448612736,
    "MAE_low": 0.8444308046499888,
    "SHcoefL1": 0.3491398161215087,
    "sec_front": 0.8837845232089361,
    "sec_left": 0.863670392036438,
    "sec_back": 0.919374502102534,
    "sec_right": 0.8608134837945303,
    "sec_upper": 0.7879893828431765,
    "sec_lower": 0.38143557419379553
  }
}