{
  "test": {
    "MAE": 0.8971886444091797,
    "MAE_plain": 0.7579657185077667,
    "RMSE": 1.4361249066658475,
    "AbsRel": 0.5278086654345194,
    "delta1": 0.4428774074713389,
    "SILog": 0.5785177675882975,
    "MAE_ffx": 0.8550439500808715,
    "mirror_better_rate": 0.27472222844759625,
    "mae_gain_if_mirrored": 0.013052924067402879,
    "MAE_low": 0.8594983585675557,
    "SHcoefL1": 0.3517592784896907,
    "sec_front": 0.9001197520891825,
    "sec_left": 0.8845535365740458,
    "sec_back": 0.9269472519556682,
    "sec_right": 0.8771340139706929,
    "sec_upper": 0.8023757417996724,
    "sec_lower": 0.39291514456272125
  }
}