{
  "test": {
    "MAE": 0.8877316004037857,
    "MAE_plain": 0.7468546754121781,
    "RMSE": 1.4119382487807426,
    "AbsRel": 0.5379983985424042,
    "delta1": 0.4633520996570587,
    "delta2": 0.6790040298302968,
    "delta3": 0.8039800369739533,
    "SILog": 0.5721013607581457,
    "MAE_ffx": 0.8466815278927485,
    "mirror_better_rate": 0.25166667414208255,
    "mae_gain_if_mirrored": 0.01435019109514542,
    "MAE_low": 0.8492328592141469,
    "SHcoefL1": 0.34719385829340255,
    "sec_front": 0.8865835128227869,
    "sec_left": 0.871031134724617,
    "sec_back": 0.9263658863306046,
    "sec_right": 0.8669458868106207,
    "sec_upper": 0.7894008712967236,
    "sec_lower": 0.38591443121433255
  }
}