{
  "test": {
    "MAE": 0.9652045705583361,
    "MAE_plain": 0.81311410996649,
    "RMSE": 1.5580702515096432,
    "AbsRel": 0.44609027485052744,
    "delta1": 0.41328397651513415,
    "SILog": 0.6145471370220185,
    "MAE_ffx": 0.9194962265756396,
    "mirror_better_rate": 0.2825,
    "mae_gain_if_mirrored": 0.019609645108381906,
    "MAE_low": 0.9299195920096504,
    "SHcoefL1": 0.37486894560874334,
    "sec_front": 0.9706472448507945,
    "sec_left": 0.9462579615910848,
    "sec_back": 1.007378880182902,
    "sec_right": 0.9365341779920789,
    "sec_upper": 0.8762232095665402,
    "sec_lower": 0.40428742428620656
  }
}