{
  "test": {
    "MAE": 0.8880061453580856,
    "MAE_plain": 0.7476587611436843,
    "RMSE": 1.416451278384286,
    "AbsRel": 0.5243937335411708,
    "delta1": 0.4609498878320058,
    "delta2": 0.6775301235914231,
    "delta3": 0.803118557135264,
    "SILog": 0.5712327402830124,
    "MAE_ffx": 0.8461657522122065,
    "mirror_better_rate": 0.2633333410819372,
    "mae_gain_if_mirrored": 0.013896495680868004,
    "MAE_low": 0.8503667320807775,
    "SHcoefL1": 0.35012497510554064,
    "sec_front": 0.8895210361480713,
    "sec_left": 0.8718386822938919,
    "sec_back": 0.9201954674720764,
    "sec_right": 0.8704693591594697,
    "sec_upper": 0.7913803963859876,
    "sec_lower": 0.3856332023938497
  }
}