{
  "test": {
    "MAE": 0.9660778657595317,
    "MAE_plain": 0.8191382322708766,
    "RMSE": 1.487754132476958,
    "AbsRel": 0.5678208100795746,
    "delta1": 0.3937231308221817,
    "SILog": 0.6092761031786601,
    "MAE_ffx": 0.9223877624670664,
    "mirror_better_rate": 0.30138889779647193,
    "mae_gain_if_mirrored": 0.021226920645373563,
    "MAE_low": 0.9285092063744863,
    "SHcoefL1": 0.3639250969534947,
    "sec_front": 0.9794209778308869,
    "sec_left": 0.9433461904525757,
    "sec_back": 1.0010906449953716,
    "sec_right": 0.9404536553223928,
    "sec_upper": 0.8942261837919553,
    "sec_lower": 0.4099553789695104
  },
  "mono": {
    "MAE": 4.156546274820964,
    "MAE_plain": 3.9307844543457033,
    "RMSE": 5.159681689511622,
    "AbsRel": 3.3508706370989483,
    "delta1": 0.0865640432635943,
    "SILog": 1.7889778145154318,
    "MAE_ffx": 4.176272460619608,
    "mirror_better_rate": 0.5063889006773631,
    "mae_gain_if_mirrored": 0.00931076346275707,
    "MAE_low": 4.14768081665039,
    "SHcoefL1": 1.0772637769579887,
    "sec_front": 3.1286777448654175,
    "sec_left": 4.480734694798787,
    "sec_back": 4.336642923355103,
    "sec_right": 4.680129758516947,
    "sec_upper": 6.608163741429647,
    "sec_lower": 1.2498249725500743
  },
  "shuffle": {
    "MAE": 1.1343592850367228,
    "MAE_plain": 0.9415457306305567,
    "RMSE": 1.6852932041785964,
    "AbsRel": 0.7391753226518631,
    "delta1": 0.34461071848869324,
    "SILog": 0.7387714213132859,
    "MAE_ffx": 1.089059732357661,
    "mirror_better_rate": 0.4977777922153473,
    "mae_gain_if_mirrored": 0.05490257631366451,
    "MAE_low": 1.0983341185251871,
    "SHcoefL1": 0.4033270469535556,
    "sec_front": 1.1236571276187897,
    "sec_left": 1.1463669780890147,
    "sec_back": 1.112588005065918,
    "sec_right": 1.1548250595728555,
    "sec_upper": 0.9824609729647636,
    "sec_lower": 0.4761376704772313
  },
  "swap": {
    "MAE": 1.123402932882309,
    "MAE_plain": 0.9306903111934662,
    "RMSE": 1.6807962929611093,
    "AbsRel": 0.6968757873773574,
    "delta1": 0.34112928211689,
    "SILog": 0.7224448337157567,
    "MAE_ffx": 1.077797662417094,
    "mirror_better_rate": 0.650833354194959,
    "mae_gain_if_mirrored": 0.10939226063589255,
    "MAE_low": 1.088181839386622,
    "SHcoefL1": 0.39685507550214727,
    "sec_front": 1.0565898700555165,
    "sec_left": 1.1672835993766784,
    "sec_back": 1.0835281761487325,
    "sec_right": 1.1862100648880005,
    "sec_upper": 0.9574803176522255,
    "sec_lower": 0.4730235304435094,
    "swap_mirror_consistency": 0.44428482752361964
  }
}