{
  "test": {
    "MAE": 0.9003121468755934,
    "MAE_plain": 0.7577432960271835,
    "RMSE": 1.4435976870698766,
    "AbsRel": 0.5274371878968345,
    "delta1": 0.4513443950149748,
    "SILog": 0.5878536323706309,
    "MAE_ffx": 0.8582997229364183,
    "mirror_better_rate": 0.26722222732173073,
    "mae_gain_if_mirrored": 0.015428209220731837,
    "MAE_low": 0.8622728837860956,
    "SHcoefL1": 0.3534611703434752,
    "sec_front": 0.8999090717898475,
    "sec_left": 0.8871991674105326,
    "sec_back": 0.9369494212998284,
    "sec_right": 0.8771909409099155,
    "sec_upper": 0.8130201208922598,
    "sec_lower": 0.3846021326051818
  }
}