{
  "test": {
    "MAE": 0.9071397786670261,
    "MAE_plain": 0.7604687150319417,
    "RMSE": 1.4511730291272666,
    "AbsRel": 0.5398987714449565,
    "delta1": 0.4418561575147841,
    "SILog": 0.5867529743247561,
    "MAE_ffx": 0.8641410409079657,
    "mirror_better_rate": 0.2816666666666667,
    "mae_gain_if_mirrored": 0.01602545191016462,
    "MAE_low": 0.8692509129312304,
    "SHcoefL1": 0.35654825176008875,
    "sec_front": 0.9061907098028394,
    "sec_left": 0.8948288777139451,
    "sec_back": 0.9404015726513333,
    "sec_right": 0.887137922445933,
    "sec_upper": 0.7978653071986305,
    "sec_lower": 0.39234511070781286
  },
  "mono": {
    "MAE": 0.9814755288759868,
    "MAE_plain": 0.8160886187023587,
    "RMSE": 1.5209008350522195,
    "AbsRel": 0.6425819321473439,
    "delta1": 0.4130131189028422,
    "SILog": 0.6330774997340308,
    "MAE_ffx": 0.9386849244435628,
    "mirror_better_rate": 0.49916666666666665,
    "mae_gain_if_mirrored": 0.028928525464402305,
    "MAE_low": 0.9440248685412936,
    "SHcoefL1": 0.37471222806101045,
    "sec_front": 0.9463054776191712,
    "sec_left": 0.9953418623076545,
    "sec_back": 0.9684829616546631,
    "sec_right": 1.0157717900806003,
    "sec_upper": 0.8404642573992411,
    "sec_lower": 0.41942921691470675
  },
  "shuffle": {
    "MAE": 1.1149033323923747,
    "MAE_plain": 0.9153875239690145,
    "RMSE": 1.6781478611847283,
    "AbsRel": 0.742440337340037,
    "delta1": 0.36363605207867095,
    "SILog": 0.730138247013092,
    "MAE_ffx": 1.0700192266040378,
    "mirror_better_rate": 0.4930555555555556,
    "mae_gain_if_mirrored": 0.04851771182484097,
    "MAE_low": 1.0781435961193508,
    "SHcoefL1": 0.4037802166553835,
    "sec_front": 1.1257771841684978,
    "sec_left": 1.1031002309587268,
    "sec_back": 1.0956195587582058,
    "sec_right": 1.1351163646909925,
    "sec_upper": 0.9295608740382725,
    "sec_lower": 0.4741809309853448
  },
  "swap": {
    "MAE": 1.0762674103842842,
    "MAE_plain": 0.8825839429431491,
    "RMSE": 1.6390079837915523,
    "AbsRel": 0.7029774170451694,
    "delta1": 0.3820725421110789,
    "SILog": 0.7025177341037326,
    "MAE_ffx": 1.031716317070855,
    "mirror_better_rate": 0.7116666666666667,
    "mae_gain_if_mirrored": 0.12611171295245488,
    "MAE_low": 1.0398777900801766,
    "SHcoefL1": 0.3916064711577362,
    "sec_front": 0.9900638699531555,
    "sec_left": 1.1434499878353543,
    "sec_back": 1.0140467770894368,
    "sec_right": 1.157509012752109,
    "sec_upper": 0.8835542085435656,
    "sec_lower": 0.45690986461109584
  }
}