{
  "test": {
    "MAE": 0.8831419094403585,
    "MAE_plain": 0.7416469798485438,
    "RMSE": 1.4330020909242378,
    "AbsRel": 0.4915908709168434,
    "delta1": 0.46414390792449317,
    "delta2": 0.6795833440621694,
    "delta3": 0.804080951611201,
    "SILog": 0.5715441103776296,
    "MAE_ffx": 0.8403224352995554,
    "mirror_better_rate": 0.2508333412061135,
    "mae_gain_if_mirrored": 0.013774736157696072,
    "MAE_low": 0.8462824946641923,
    "SHcoefL1": 0.35296064861636195,
    "sec_front": 0.8822565172115961,
    "sec_left": 0.8674660734335582,
    "sec_back": 0.9193170245488484,
    "sec_right": 0.863528001109759,
    "sec_upper": 0.7874233918388684,
    "sec_lower": 0.37885321855545045
  }
}