{
  "test": {
    "MAE": 0.9141135615772671,
    "MAE_plain": 0.7692945551872253,
    "RMSE": 1.429329238080201,
    "AbsRel": 0.5799930308924781,
    "delta1": 0.4508376091718674,
    "SILog": 0.5815521437591976,
    "MAE_ffx": 0.873320834769143,
    "mirror_better_rate": 0.2586111111111111,
    "mae_gain_if_mirrored": 0.014472021535038949,
    "MAE_low": 0.8754966644446055,
    "SHcoefL1": 0.3553147175287207,
    "sec_front": 0.9278321744336022,
    "sec_left": 0.8866040727827285,
    "sec_back": 0.9560556831624772,
    "sec_right": 0.8859623097048865,
    "sec_upper": 0.8192531608541807,
    "sec_lower": 0.3916276493999693
  },
  "mono": {
    "MAE": 1.3543796910179986,
    "MAE_plain": 1.100684434307946,
    "RMSE": 1.9730090712595647,
    "AbsRel": 1.164852281279034,
    "delta1": 0.35617349843184154,
    "SILog": 0.7078821901480357,
    "MAE_ffx": 1.32177392244339,
    "mirror_better_rate": 0.5008333333333334,
    "mae_gain_if_mirrored": 0.0040566197286049524,
    "MAE_low": 1.3194008080164592,
    "SHcoefL1": 0.5080857966177993,
    "sec_front": 1.0883432308832803,
    "sec_left": 1.5616580814785428,
    "sec_back": 1.1837742492887708,
    "sec_right": 1.583743199772305,
    "sec_upper": 1.1048735090759065,
    "sec_lower": 0.4811908006005817
  },
  "shuffle": {
    "MAE": 1.1441102149751452,
    "MAE_plain": 0.9393732481532626,
    "RMSE": 1.6863804659023791,
    "AbsRel": 0.7884948433770074,
    "delta1": 0.3601686685615116,
    "SILog": 0.7295536692937216,
    "MAE_ffx": 1.1011031002468532,
    "mirror_better_rate": 0.4891666666666667,
    "mae_gain_if_mirrored": 0.05436434081031216,
    "MAE_low": 1.1065560332934061,
    "SHcoefL1": 0.4105274513612191,
    "sec_front": 1.1418098123868305,
    "sec_left": 1.1544583484861586,
    "sec_back": 1.1211891471015083,
    "sec_right": 1.1589835453033448,
    "sec_upper": 0.9546110760503345,
    "sec_lower": 0.48378794650236767
  },
  "swap": {
    "MAE": 1.1117448310057323,
    "MAE_plain": 0.9105942345990075,
    "RMSE": 1.6543575686962504,
    "AbsRel": 0.7520841626326243,
    "delta1": 0.37888525115119087,
    "SILog": 0.7080985146098667,
    "MAE_ffx": 1.069050938155916,
    "mirror_better_rate": 0.745,
    "mae_gain_if_mirrored": 0.1542936724010441,
    "MAE_low": 1.0746228624714746,
    "SHcoefL1": 0.39540768172798885,
    "sec_front": 1.013678455485238,
    "sec_left": 1.1990479363335504,
    "sec_back": 1.0394531489743126,
    "sec_right": 1.194799792766571,
    "sec_upper": 0.9127474289139111,
    "sec_lower": 0.46503009729915196
  }
}