{
  "test": {
    "MAE": 0.8948495682080587,
    "MAE_plain": 0.7536069905757904,
    "RMSE": 1.437463027649271,
    "AbsRel": 0.5126729261875153,
    "delta1": 0.4569080605109533,
    "SILog": 0.5755062739054362,
    "MAE_ffx": 0.8525783723592758,
    "mirror_better_rate": 0.259444451952974,
    "mae_gain_if_mirrored": 0.015017780050208481,
    "MAE_low": 0.8573586732149124,
    "SHcoefL1": 0.3546665335663905,
    "sec_front": 0.9037205819288889,
    "sec_left": 0.8761887951691946,
    "sec_back": 0.9271785358587901,
    "sec_right": 0.8723103515307109,
    "sec_upper": 0.7963105694452921,
    "sec_lower": 0.3862143996357918
  }
}