{
  "test": {
    "MAE": 0.9555320363574558,
    "MAE_plain": 0.7992080479198032,
    "RMSE": 1.4783819850309465,
    "AbsRel": 0.5817357317606608,
    "delta1": 0.40743224501609804,
    "SILog": 0.6042459850841099,
    "MAE_ffx": 0.9106230590078566,
    "mirror_better_rate": 0.3030555555555556,
    "mae_gain_if_mirrored": 0.016979707843727536,
    "MAE_low": 0.9179443838861253,
    "SHcoefL1": 0.3619393321457836,
    "sec_front": 0.9831535259882609,
    "sec_left": 0.9259433637724982,
    "sec_back": 0.9927073873413934,
    "sec_right": 0.9203238847520616,
    "sec_upper": 0.8437002926402621,
    "sec_lower": 0.40945978350109524
  },
  "mono": {
    "MAE": 1.3490555392371284,
    "MAE_plain": 1.1113138182957967,
    "RMSE": 1.978587761784445,
    "AbsRel": 0.8731287423769633,
    "delta1": 0.28976844085587394,
    "SILog": 0.8669688256581625,
    "MAE_ffx": 1.308950277964274,
    "mirror_better_rate": 0.5047222222222222,
    "mae_gain_if_mirrored": 0.015623849324054188,
    "MAE_low": 1.3145969931284587,
    "SHcoefL1": 0.4862085553548402,
    "sec_front": 1.3794208060370552,
    "sec_left": 1.4080021905899047,
    "sec_back": 1.279475555949741,
    "sec_right": 1.3293236266242132,
    "sec_upper": 1.1652282606230842,
    "sec_lower": 0.5590344863467747
  },
  "shuffle": {
    "MAE": 1.10168975909551,
    "MAE_plain": 0.9087524792883132,
    "RMSE": 1.6424554969774654,
    "AbsRel": 0.7295707176791297,
    "delta1": 0.3578246802753872,
    "SILog": 0.7089256683985392,
    "MAE_ffx": 1.0553511227501764,
    "mirror_better_rate": 0.4905555555555556,
    "mae_gain_if_mirrored": 0.05172075740165181,
    "MAE_low": 1.0649461568726433,
    "SHcoefL1": 0.3937185834762123,
    "sec_front": 1.086370791859097,
    "sec_left": 1.122411036491394,
    "sec_back": 1.0714481327268812,
    "sec_right": 1.1265290700064765,
    "sec_upper": 0.9376616064707438,
    "sec_lower": 0.4701079142093658
  },
  "swap": {
    "MAE": 1.113214849366082,
    "MAE_plain": 0.915695141421424,
    "RMSE": 1.6511007453177133,
    "AbsRel": 0.7443323704931472,
    "delta1": 0.3563542644182841,
    "SILog": 0.7127898354000516,
    "MAE_ffx": 1.0671447939342922,
    "mirror_better_rate": 0.6816666666666666,
    "mae_gain_if_mirrored": 0.11313612538907263,
    "MAE_low": 1.0770919365353055,
    "SHcoefL1": 0.39234212566167115,
    "sec_front": 1.059749914540185,
    "sec_left": 1.159714002609253,
    "sec_back": 1.0640982015927634,
    "sec_right": 1.1692971987194485,
    "sec_upper": 0.9314695607291328,
    "sec_lower": 0.47463807000054253
  }
}