{
  "run": "A9_fullmap_s0",
  "MAE": 0.9555320363574558,
  "MAE_plain": 0.7992080479198032,
  "RMSE": 1.4783819850309465,
  "AbsRel": 0.5817357317606608,
  "delta1": 0.40743224501609804,
  "delta2": 0.6347880903879801,
  "delta3": 0.7790135741233826,
  "SILog": 0.6042459850841099,
  "MAE_ffx": 0.9106230590078566,
  "mirror_better_rate": 0.3030555555555556,
  "mae_gain_if_mirrored": 0.016979707843727536,
  "MAE_low": 0.9179443838861253,
  "SHcoefL1": 0.3619393321457836,
  "sec_front": 0.9831535259882609,
  "sec_left": 0.9259433637724982,
  "sec_back": 0.9927073873413934,
  "sec_right": 0.9203238847520616,
  "sec_upper": 0.8437002926402621,
  "sec_lower": 0.40945978350109524
}