{
  "test": {
    "MAE": 0.8909408038854599,
    "MAE_plain": 0.747715811530749,
    "RMSE": 1.4225131936029292,
    "AbsRel": 0.5320786983768145,
    "delta1": 0.45283656487862267,
    "delta2": 0.6714915055036544,
    "delta3": 0.8001331818103791,
    "SILog": 0.5691222969690959,
    "MAE_ffx": 0.8480339723825455,
    "mirror_better_rate": 0.2686111186693112,
    "mae_gain_if_mirrored": 0.014216836642008275,
    "MAE_low": 0.8533355979124705,
    "SHcoefL1": 0.35144019070598814,
    "sec_front": 0.8935045609871547,
    "sec_left": 0.8750335637728374,
    "sec_back": 0.9180390890439352,
    "sec_right": 0.8771860162417094,
    "sec_upper": 0.7900931801398595,
    "sec_lower": 0.38726911226908367
  }
}