{
  "test": {
    "MAE": 0.8949426754315695,
    "MAE_plain": 0.7520951453844706,
    "RMSE": 1.428912039764133,
    "AbsRel": 0.5480871828397115,
    "delta1": 0.45478282690048216,
    "SILog": 0.5859294227759043,
    "MAE_ffx": 0.8533600560824076,
    "mirror_better_rate": 0.26888889690240225,
    "mae_gain_if_mirrored": 0.015582797030607859,
    "MAE_low": 0.8575554712613424,
    "SHcoefL1": 0.35231773879896433,
    "sec_front": 0.8946277864774068,
    "sec_left": 0.8876480734348298,
    "sec_back": 0.9301489639282227,
    "sec_right": 0.8673458774884542,
    "sec_upper": 0.7903064515193303,
    "sec_lower": 0.3931555626789729
  }
}