{
  "test": {
    "MAE": 0.8970848254362742,
    "MAE_plain": 0.7505899355808894,
    "RMSE": 1.3943103676989763,
    "AbsRel": 0.5879086830218633,
    "delta1": 0.4579040053486824,
    "SILog": 0.5752161628007889,
    "MAE_ffx": 0.8571196703116098,
    "mirror_better_rate": 0.2605555620789528,
    "mae_gain_if_mirrored": 0.012198745247830326,
    "MAE_low": 0.8572061463197073,
    "SHcoefL1": 0.34505528014981085,
    "sec_front": 0.9003516399860382,
    "sec_left": 0.8784279888868332,
    "sec_back": 0.9313742377360662,
    "sec_right": 0.8781854263941447,
    "sec_upper": 0.7891210542122523,
    "sec_lower": 0.38585237791140875
  }
}