{
  "test": {
    "MAE": 0.9831922070185344,
    "MAE_plain": 0.826157516638438,
    "RMSE": 1.4949207027804985,
    "AbsRel": 0.6748830926418304,
    "delta1": 0.41052846630414325,
    "SILog": 0.6300129075845082,
    "MAE_ffx": 0.9417584292093912,
    "mirror_better_rate": 0.33527778923511503,
    "mae_gain_if_mirrored": 0.021406421971817812,
    "MAE_low": 0.9441033220291137,
    "SHcoefL1": 0.37842148784341084,
    "sec_front": 0.9711764319737752,
    "sec_left": 1.0086750483512879,
    "sec_back": 1.037131406466166,
    "sec_right": 0.9157859142621358,
    "sec_upper": 0.8722398144006729,
    "sec_lower": 0.4311505047480265
  },
  "mono": {
    "MAE": 1.1207885313034058,
    "MAE_plain": 0.9245983997980753,
    "RMSE": 1.6622514701001065,
    "AbsRel": 0.8532217109203338,
    "delta1": 0.38606550415356955,
    "SILog": 0.6823482143878937,
    "MAE_ffx": 1.0844554281234742,
    "mirror_better_rate": 0.49416668017705284,
    "mae_gain_if_mirrored": 0.04514457573493322,
    "MAE_low": 1.0819623430569967,
    "SHcoefL1": 0.43521608138663903,
    "sec_front": 1.0135088237126668,
    "sec_left": 1.0804836209615072,
    "sec_back": 1.082679634888967,
    "sec_right": 1.3064820917447408,
    "sec_upper": 0.9364813510576884,
    "sec_lower": 0.45557897329330443
  },
  "shuffle": {
    "MAE": 1.123912398815155,
    "MAE_plain": 0.9302776543299357,
    "RMSE": 1.6574876867928896,
    "AbsRel": 0.8002568610509236,
    "delta1": 0.3650799123446147,
    "SILog": 0.7101838970184327,
    "MAE_ffx": 1.0811555655797322,
    "mirror_better_rate": 0.48194446007410685,
    "mae_gain_if_mirrored": 0.04651350495715936,
    "MAE_low": 1.08545938650767,
    "SHcoefL1": 0.4107974050173329,
    "sec_front": 1.118080535729726,
    "sec_left": 1.100492103099823,
    "sec_back": 1.1270013570785522,
    "sec_right": 1.1500755262374878,
    "sec_upper": 0.9615507944424947,
    "sec_lower": 0.47279462615648904
  },
  "swap": {
    "MAE": 1.10147616147995,
    "MAE_plain": 0.9107723144690195,
    "RMSE": 1.631841287168808,
    "AbsRel": 0.7860554949442545,
    "delta1": 0.3743646482626597,
    "SILog": 0.6947002907594045,
    "MAE_ffx": 1.0592954993247985,
    "mirror_better_rate": 0.656944465637207,
    "mae_gain_if_mirrored": 0.08831373752405246,
    "MAE_low": 1.0631475234031678,
    "SHcoefL1": 0.4057197420257661,
    "sec_front": 1.0329439600308736,
    "sec_left": 1.1183605440457662,
    "sec_back": 1.0910483884811402,
    "sec_right": 1.1635517724355062,
    "sec_upper": 0.9307486989100774,
    "sec_lower": 0.46581291675567627
  }
}