{
  "test": {
    "MAE": 1.1149721542994182,
    "MAE_plain": 0.9012107662359874,
    "RMSE": 1.6412389577277156,
    "AbsRel": 0.978543863495191,
    "delta1": 0.4310349202156067,
    "SILog": 0.6300487434864044,
    "MAE_ffx": 1.088638459444046,
    "mirror_better_rate": 0.2791666748126348,
    "mae_gain_if_mirrored": 0.010656923296240468,
    "MAE_low": 1.076268618106842,
    "SHcoefL1": 0.40808692291378973,
    "sec_front": 1.1348549409707387,
    "sec_left": 1.0634705273310343,
    "sec_back": 1.1833385900656381,
    "sec_right": 1.0782245576381684,
    "sec_upper": 0.8630085715651512,
    "sec_lower": 0.4235897238055865
  }
}