{
  "run": "B2_presnet_s1",
  "MAE": 0.9374268341064453,
  "MAE_plain": 0.785658152103424,
  "RMSE": 1.46692649461639,
  "AbsRel": 0.5835119187831879,
  "delta1": 0.4323769183953603,
  "delta2": 0.654124721288681,
  "delta3": 0.7864824211597443,
  "SILog": 0.5988475314776103,
  "MAE_ffx": 0.8976058002312978,
  "mirror_better_rate": 0.2675000086426735,
  "mae_gain_if_mirrored": 0.020287595426974198,
  "MAE_low": 0.9000819194316864,
  "SHcoefL1": 0.3702900829166174,
  "sec_front": 0.9367437728246053,
  "sec_left": 0.9241790811220805,
  "sec_back": 0.9957380882898966,
  "sec_right": 0.8930463892221451,
  "sec_upper": 0.8298099645972252,
  "sec_lower": 0.40203430453936256
}