{
  "test": {
    "MAE": 0.966684103012085,
    "MAE_plain": 0.8062598506609598,
    "RMSE": 1.4855468755122867,
    "AbsRel": 0.6206947692235311,
    "delta1": 0.4092405104637146,
    "SILog": 0.6173113528887431,
    "MAE_ffx": 0.9233394034703573,
    "mirror_better_rate": 0.4900000154972076,
    "mae_gain_if_mirrored": 0.004528138761719068,
    "MAE_low": 0.9285099991162618,
    "SHcoefL1": 0.36370539870113133,
    "sec_front": 0.9379783280690511,
    "sec_left": 0.9691961598396301,
    "sec_back": 0.9707707413037618,
    "sec_right": 0.9887911693255107,
    "sec_upper": 0.8387609606981278,
    "sec_lower": 0.41361614326636
  },
  "mono": {
    "MAE": 1.3417485483487448,
    "MAE_plain": 1.0927395470937094,
    "RMSE": 1.970914515193208,
    "AbsRel": 1.0546728626887003,
    "delta1": 0.3382124574979146,
    "SILog": 0.7720288952191671,
    "MAE_ffx": 1.3011755681037902,
    "mirror_better_rate": 0.5116666809717814,
    "mae_gain_if_mirrored": 0.004466287692387899,
    "MAE_low": 1.3080124036471048,
    "SHcoefL1": 0.5036398195889261,
    "sec_front": 1.3828418382008871,
    "sec_left": 1.4248108243942261,
    "sec_back": 1.1588822277386983,
    "sec_right": 1.400459345181783,
    "sec_upper": 1.0238749011357626,
    "sec_lower": 0.5219156352678934
  },
  "shuffle": {
    "MAE": 1.108150646686554,
    "MAE_plain": 0.9128352582454682,
    "RMSE": 1.647199426507988,
    "AbsRel": 0.7550499637921652,
    "delta1": 0.3615319514274597,
    "SILog": 0.710026087363561,
    "MAE_ffx": 1.0632094152768452,
    "mirror_better_rate": 0.5038889034589131,
    "mae_gain_if_mirrored": 0.004001451659326752,
    "MAE_low": 1.070986811319987,
    "SHcoefL1": 0.3967492885266741,
    "sec_front": 1.1291352756818136,
    "sec_left": 1.1053680857022603,
    "sec_back": 1.1149752140045166,
    "sec_right": 1.083124008178711,
    "sec_upper": 0.9301586385567983,
    "sec_lower": 0.46749076843261717
  },
  "swap": {
    "MAE": 0.9676293261845906,
    "MAE_plain": 0.8068883669376373,
    "RMSE": 1.4866096746430626,
    "AbsRel": 0.6227433931827545,
    "delta1": 0.40877469142278033,
    "SILog": 0.6182858808835348,
    "MAE_ffx": 0.9242972604433696,
    "mirror_better_rate": 0.5097222371896108,
    "mae_gain_if_mirrored": 0.004878565029551586,
    "MAE_low": 0.9294734251499176,
    "SHcoefL1": 0.3638126390427351,
    "sec_front": 0.9370903555552165,
    "sec_left": 0.9798472658793131,
    "sec_back": 0.9734872476259867,
    "sec_right": 0.9800924722353618,
    "sec_upper": 0.8386787839730581,
    "sec_lower": 0.4138775926828384
  }
}