{
  "test": {
    "MAE": 0.9297391924262047,
    "MAE_plain": 0.7796737831830979,
    "RMSE": 1.445128984497831,
    "AbsRel": 0.5741908860206604,
    "delta1": 0.4408290224770705,
    "SILog": 0.58945490082105,
    "MAE_ffx": 0.8881286579370499,
    "mirror_better_rate": 0.26333334028720856,
    "mae_gain_if_mirrored": 0.017484988387259363,
    "MAE_low": 0.8922564437985421,
    "SHcoefL1": 0.3610280070433186,
    "sec_front": 0.9396661300460497,
    "sec_left": 0.9009257842103641,
    "sec_back": 0.9815504811207454,
    "sec_right": 0.8968143845597903,
    "sec_upper": 0.8270762191216151,
    "sec_lower": 0.3961502202103535
  }
}