{
  "test": {
    "MAE": 0.9409233649571737,
    "MAE_plain": 0.7946161117156346,
    "RMSE": 1.4609610206464598,
    "AbsRel": 0.579731195171674,
    "delta1": 0.4248427407940229,
    "SILog": 0.5938503883282343,
    "MAE_ffx": 0.8989935640494029,
    "mirror_better_rate": 0.265833341528972,
    "mae_gain_if_mirrored": 0.014957797191261004,
    "MAE_low": 0.9034281275669733,
    "SHcoefL1": 0.3612525840827988,
    "sec_front": 0.9619123832384745,
    "sec_left": 0.9043103526035945,
    "sec_back": 0.9846599825223287,
    "sec_right": 0.9128107353051503,
    "sec_upper": 0.8604843577742577,
    "sec_lower": 0.3983879793683688
  },
  "mono": {
    "MAE": 3.043828763961792,
    "MAE_plain": 2.6620684202512104,
    "RMSE": 3.789252578795636,
    "AbsRel": 2.71601078470548,
    "delta1": 0.15581017417212328,
    "SILog": 0.757253231604894,
    "MAE_ffx": 3.046000947157542,
    "mirror_better_rate": 0.5080555705229441,
    "mae_gain_if_mirrored": 0.0034928922846059625,
    "MAE_low": 3.0284083954493206,
    "SHcoefL1": 0.7209636489219136,
    "sec_front": 2.6689587092399596,
    "sec_left": 3.5501493056615194,
    "sec_back": 2.440200420220693,
    "sec_right": 3.51600661277771,
    "sec_upper": 3.7669296058019004,
    "sec_lower": 0.9889898534615834
  },
  "shuffle": {
    "MAE": 1.147491270303726,
    "MAE_plain": 0.9453777807950974,
    "RMSE": 1.6970169989180588,
    "AbsRel": 0.7893138289451599,
    "delta1": 0.355908100605011,
    "SILog": 0.7324580055475235,
    "MAE_ffx": 1.1038085190455118,
    "mirror_better_rate": 0.49027778923511506,
    "mae_gain_if_mirrored": 0.05615129871293902,
    "MAE_low": 1.111151903072993,
    "SHcoefL1": 0.4098486548062,
    "sec_front": 1.150071530342102,
    "sec_left": 1.150462878147761,
    "sec_back": 1.110434695482254,
    "sec_right": 1.1789959196249644,
    "sec_upper": 0.9706550599137942,
    "sec_lower": 0.4782802445689837
  },
  "swap": {
    "MAE": 1.157559795777003,
    "MAE_plain": 0.9537235409021377,
    "RMSE": 1.7297713554215144,
    "AbsRel": 0.751470441420873,
    "delta1": 0.3536392013231913,
    "SILog": 0.7347049649556477,
    "MAE_ffx": 1.1150882470607757,
    "mirror_better_rate": 0.7177777945995331,
    "mae_gain_if_mirrored": 0.13196747868011396,
    "MAE_low": 1.122263122399648,
    "SHcoefL1": 0.4132502829738789,
    "sec_front": 1.0856051099300386,
    "sec_left": 1.2186734298865,
    "sec_back": 1.0940693136056263,
    "sec_right": 1.2318913141886394,
    "sec_upper": 0.9629447937011719,
    "sec_lower": 0.4733260811368624,
    "swap_mirror_consistency": 0.4411781346846839
  }
}