{
  "test": {
    "MAE": 0.8932342113388909,
    "MAE_plain": 0.7491562872462803,
    "RMSE": 1.415529198939287,
    "AbsRel": 0.5555964693758223,
    "delta1": 0.4536556776364644,
    "SILog": 0.5740422566731771,
    "MAE_ffx": 0.8522824411922031,
    "mirror_better_rate": 0.2586111111111111,
    "mae_gain_if_mirrored": 0.014148513798912367,
    "MAE_low": 0.8549604882134332,
    "SHcoefL1": 0.3491549127673109,
    "sec_front": 0.9001434744728936,
    "sec_left": 0.8732670977380541,
    "sec_back": 0.9208894528283014,
    "sec_right": 0.8786368295881484,
    "sec_upper": 0.7896406262450748,
    "sec_lower": 0.39082687073283723
  }
}