{
  "run": "F_champion_s1",
  "MAE": 0.9028199954827627,
  "MAE_plain": 0.7662519387404124,
  "RMSE": 1.468309769695518,
  "AbsRel": 0.47597993512948356,
  "delta1": 0.4409400510787964,
  "delta2": 0.6614220428466797,
  "delta3": 0.7939257184664409,
  "SILog": 0.5696715809901556,
  "MAE_ffx": 0.8579758139451344,
  "mirror_better_rate": 0.2513888973246018,
  "mae_gain_if_mirrored": 0.01409567479150913,
  "MAE_low": 0.8668782486518224,
  "SHcoefL1": 0.3586664780291418,
  "sec_front": 0.9075050516923269,
  "sec_left": 0.8800389770666758,
  "sec_back": 0.9399110817909241,
  "sec_right": 0.8838248499234518,
  "sec_upper": 0.825168952246507,
  "sec_lower": 0.38794989307721456
}