{
  "run": "B2_pvit_s1",
  "MAE": 0.8975462472438812,
  "MAE_plain": 0.7549071941110823,
  "RMSE": 1.4146389770028298,
  "AbsRel": 0.5679658131466971,
  "delta1": 0.4557864212989807,
  "delta2": 0.6731052401330736,
  "delta3": 0.8011831006738874,
  "SILog": 0.5729771831300523,
  "MAE_ffx": 0.8558533481756846,
  "mirror_better_rate": 0.23805555555555555,
  "mae_gain_if_mirrored": 0.012534088273015288,
  "MAE_low": 0.8594950770007239,
  "SHcoefL1": 0.35053659616245164,
  "sec_front": 0.9094915731747946,
  "sec_left": 0.8804789874288771,
  "sec_back": 0.933007114066018,
  "sec_right": 0.8672073315249549,
  "sec_upper": 0.8008195549580785,
  "sec_lower": 0.388840621776051
}