{
  "test": {
    "MAE": 0.8899260073900223,
    "MAE_plain": 0.74791545967261,
    "RMSE": 1.4104895813695266,
    "AbsRel": 0.547399730682373,
    "delta1": 0.4598285984992981,
    "delta2": 0.6762509938081106,
    "delta3": 0.8022784972190857,
    "SILog": 0.5720491564273834,
    "MAE_ffx": 0.8482263348499934,
    "mirror_better_rate": 0.2552777853359779,
    "mae_gain_if_mirrored": 0.014768347844171028,
    "MAE_low": 0.8515387394030889,
    "SHcoefL1": 0.34817362480279473,
    "sec_front": 0.887622053027153,
    "sec_left": 0.8726380129655202,
    "sec_back": 0.9304020011425018,
    "sec_right": 0.869041939775149,
    "sec_upper": 0.7900098563234011,
    "sec_lower": 0.3887946770588557
  }
}