{
  "test": {
    "MAE": 0.7852968772252401,
    "MAE_plain": 0.6675184651215871,
    "RMSE": 1.2414382497469585,
    "AbsRel": 0.5147852983077367,
    "delta1": 0.44472237626711525,
    "delta2": 0.6654697229464849,
    "delta3": 0.7943688178062439,
    "SILog": 0.5212610606352488,
    "MAE_ffx": 0.755725226799647,
    "mirror_better_rate": 0.25027778521180155,
    "mae_gain_if_mirrored": 0.012597783174909031,
    "MAE_low": 0.7442981326580047,
    "SHcoefL1": 0.31122209997640715,
    "sec_front": 0.7892490124702454,
    "sec_left": 0.7602571813265483,
    "sec_back": 0.8048863130807876,
    "sec_right": 0.7509807340304057,
    "sec_upper": 0.6633708991110325,
    "sec_lower": 0.2996978336572647
  }
}