{
  "test": {
    "MAE": 0.958014907307095,
    "MAE_plain": 0.8038723423745897,
    "RMSE": 1.4688198108322614,
    "AbsRel": 0.6031312351756626,
    "delta1": 0.41010788758595784,
    "SILog": 0.6043328238858117,
    "MAE_ffx": 0.9142070190111796,
    "mirror_better_rate": 0.29444444444444445,
    "mae_gain_if_mirrored": 0.01612811345193121,
    "MAE_low": 0.9200847040282355,
    "SHcoefL1": 0.3615970932816466,
    "sec_front": 0.9792697546217176,
    "sec_left": 0.9288200190332201,
    "sec_back": 0.9970713639259339,
    "sec_right": 0.9268985078069899,
    "sec_upper": 0.8528013214800093,
    "sec_lower": 0.41147751563125184
  },
  "mono": {
    "MAE": 1.3390006971359254,
    "MAE_plain": 1.0906914422247145,
    "RMSE": 2.009837694655581,
    "AbsRel": 0.895799855656094,
    "delta1": 0.3135405116611057,
    "SILog": 0.8292072208722433,
    "MAE_ffx": 1.3004343546761408,
    "mirror_better_rate": 0.49194444444444446,
    "mae_gain_if_mirrored": 0.014915130767557357,
    "MAE_low": 1.3062999492221408,
    "SHcoefL1": 0.49848674479458066,
    "sec_front": 1.2590813816918267,
    "sec_left": 1.4263751729329428,
    "sec_back": 1.25031182024214,
    "sec_right": 1.420234432220459,
    "sec_upper": 1.0616024899482728,
    "sec_lower": 0.535067372057173
  },
  "shuffle": {
    "MAE": 1.1094915593994987,
    "MAE_plain": 0.9177200309435527,
    "RMSE": 1.6432664515643125,
    "AbsRel": 0.7568787368138631,
    "delta1": 0.3608236997657352,
    "SILog": 0.7100795446501837,
    "MAE_ffx": 1.0642471559842428,
    "mirror_better_rate": 0.4922222222222222,
    "mae_gain_if_mirrored": 0.051172421698768934,
    "MAE_low": 1.072457471953498,
    "SHcoefL1": 0.3953641860269838,
    "sec_front": 1.0997708185513815,
    "sec_left": 1.129835965898302,
    "sec_back": 1.0825900432798599,
    "sec_right": 1.1257694154315525,
    "sec_upper": 0.9507286976443396,
    "sec_lower": 0.47286343971888223
  },
  "swap": {
    "MAE": 1.1128867117563883,
    "MAE_plain": 0.9152048211627536,
    "RMSE": 1.643551046253211,
    "AbsRel": 0.7622899758815765,
    "delta1": 0.363495266172621,
    "SILog": 0.7098512302504646,
    "MAE_ffx": 1.0677647625075446,
    "mirror_better_rate": 0.6808333333333333,
    "mae_gain_if_mirrored": 0.11355867253409492,
    "MAE_low": 1.0764065541161432,
    "SHcoefL1": 0.3910107556068235,
    "sec_front": 1.0596066768964132,
    "sec_left": 1.1618143224716186,
    "sec_back": 1.068971910211775,
    "sec_right": 1.1611539734734428,
    "sec_upper": 0.9249576932854122,
    "sec_lower": 0.47600525961981877
  }
}