{
  "test": {
    "MAE": 0.9067810290389591,
    "MAE_plain": 0.7598680426677068,
    "RMSE": 1.448907654728729,
    "AbsRel": 0.5430351932843526,
    "delta1": 0.45151025421089597,
    "SILog": 0.5901762207349142,
    "MAE_ffx": 0.8648919939994812,
    "mirror_better_rate": 0.262222226212422,
    "mae_gain_if_mirrored": 0.016035869072139677,
    "MAE_low": 0.8689772685368856,
    "SHcoefL1": 0.35450459306749205,
    "sec_front": 0.9100781586435106,
    "sec_left": 0.8897076163027021,
    "sec_back": 0.9405497961574131,
    "sec_right": 0.8867885337935554,
    "sec_upper": 0.8026615232229233,
    "sec_lower": 0.3905176834927665
  },
  "mono": {
    "MAE": 1.4619381063514285,
    "MAE_plain": 1.1504351364241705,
    "RMSE": 2.340095767646956,
    "AbsRel": 0.9904688629839156,
    "delta1": 0.35041852676206164,
    "SILog": 0.794122150209215,
    "MAE_ffx": 1.4393249498473273,
    "mirror_better_rate": 0.5050000101327896,
    "mae_gain_if_mirrored": 0.021368289687153368,
    "MAE_low": 1.4273879660500421,
    "SHcoefL1": 0.5894917978201475,
    "sec_front": 1.2049624151653713,
    "sec_left": 1.7708197149965499,
    "sec_back": 1.252982011768553,
    "sec_right": 1.6189882841375138,
    "sec_upper": 0.9868706870410178,
    "sec_lower": 0.45576948291725583
  },
  "shuffle": {
    "MAE": 1.1642307592762842,
    "MAE_plain": 0.9561935904953215,
    "RMSE": 1.742245391450388,
    "AbsRel": 0.7806427164210213,
    "delta1": 0.35695174485445025,
    "SILog": 0.7465260793765386,
    "MAE_ffx": 1.1201915906535254,
    "mirror_better_rate": 0.49972223341464994,
    "mae_gain_if_mirrored": 0.056879174481663436,
    "MAE_low": 1.1283748951223163,
    "SHcoefL1": 0.4228042335435748,
    "sec_front": 1.1747040410836538,
    "sec_left": 1.1606657220257652,
    "sec_back": 1.147585008541743,
    "sec_right": 1.1739683091640472,
    "sec_upper": 0.980969079832236,
    "sec_lower": 0.48028047680854796
  },
  "swap": {
    "MAE": 1.0863634910848405,
    "MAE_plain": 0.8881674183739556,
    "RMSE": 1.6467885932237614,
    "AbsRel": 0.706657142109341,
    "delta1": 0.3855087305108706,
    "SILog": 0.7116009884410435,
    "MAE_ffx": 1.0427083339956071,
    "mirror_better_rate": 0.7244444602065616,
    "mae_gain_if_mirrored": 0.141938173212111,
    "MAE_low": 1.0500584973229303,
    "SHcoefL1": 0.39146329243150024,
    "sec_front": 0.9866714066929287,
    "sec_left": 1.176183216439353,
    "sec_back": 1.0165838340918223,
    "sec_right": 1.1660155011547937,
    "sec_upper": 0.8895362799366315,
    "sec_lower": 0.4602879249387317
  }
}