{
  "test": {
    "MAE": 0.9076012571652731,
    "MAE_plain": 0.7642989508310953,
    "RMSE": 1.4630634059786454,
    "AbsRel": 0.48543803453445433,
    "delta1": 0.4478039226929347,
    "SILog": 0.5815718160072962,
    "MAE_ffx": 0.863970653017362,
    "mirror_better_rate": 0.2650000069538752,
    "mae_gain_if_mirrored": 0.014935980401157092,
    "MAE_low": 0.870594130953153,
    "SHcoefL1": 0.3598781822332078,
    "sec_front": 0.9184860557317733,
    "sec_left": 0.885491867462794,
    "sec_back": 0.941930855512619,
    "sec_right": 0.8844962229331335,
    "sec_upper": 0.8166476485133171,
    "sec_lower": 0.38644349028666813
  }
}